t_send_ns,t_unix,phase_ms,window,lat_status_us,lat_pin_us,lat_e2e_us,lat_rts_us,lat_unkey_us,was_tx,rts_before,decoding,transmitting
2290000317649,1791128273.960144,8960,idle,11373.0,735.9,765.8,,,0,0,0,0
2290140289058,1791128274.100115,9100,idle,1017.4,759.8,793.9,,,0,0,0,0
2290280284868,1791128274.240111,9240,idle,1079.8,760.6,794.5,,,0,0,0,0
2290420296747,1791128274.380123,9380,idle,1113.5,739.0,779.2,,,0,0,0,0
2290581177748,1791128274.541004,9541,idle,2057.8,1875.6,1905.2,,,0,0,0,0
2290721271657,1791128274.681098,9681,idle,944.2,773.7,800.1,,,0,0,0,0
2290861334396,1791128274.821161,9821,idle,946.0,703.8,740.6,,,0,0,0,0
2291001325786,1791128274.961152,9961,idle,10783.4,705.2,746.5,,,0,0,0,0
2291141159428,1791128275.100986,10100,idle,1115.4,885.5,914.5,,,0,0,0,0
2291281287569,1791128275.241114,10241,idle,1006.0,752.2,780.1,,,0,0,0,0
2291421872426,1791128275.381699,10381,idle,422.1,156.2,198.1,,,0,0,0,0
2291579122450,1791128275.538949,10538,idle,2117.5,1924.5,1947.4,,,0,0,0,0
2291720245472,1791128275.680072,10680,idle,970.5,798.4,824.4,,,0,0,0,0
2291860312734,1791128275.820139,10820,idle,1001.4,704.5,757.6,,,0,0,0,0
2292000269756,1791128275.960096,10960,idle,11382.9,754.9,798.9,,,0,0,0,0
2292139289207,1791128276.099116,11099,idle,1011.9,753.9,777.8,,,0,0,0,0
2292280246733,1791128276.240073,11240,idle,982.2,796.9,818.6,,,0,0,0,0
2292420266577,1791128276.380093,11380,idle,973.3,765.4,791.6,,,0,0,0,0
2292580127452,1791128276.539954,11539,idle,2083.2,1909.0,1934.1,,,0,0,0,0
2292720266634,1791128276.680093,11680,idle,973.5,767.3,796.4,,,0,0,0,0
2292860302848,1791128276.820129,11820,idle,906.3,724.4,757.3,,,0,0,0,0
2293000299022,1791128276.960125,11960,idle,11485.0,724.9,758.6,,,0,0,0,0
2293141220870,1791128277.101047,12101,idle,1086.3,810.8,836.3,,,0,0,0,0
2293280291914,1791128277.240118,12240,idle,1026.6,730.4,764.5,,,0,0,0,0
2293420281930,1791128277.380108,12380,idle,985.8,738.1,769.8,,,0,0,0,0
2293579158095,1791128277.538984,12538,idle,2012.8,1858.2,1895.0,,,0,0,0,0
2293720248482,1791128277.680075,12680,idle,992.3,775.1,806.1,,,0,0,0,0
2293860247198,1791128277.820073,12820,idle,990.1,776.2,802.4,,,0,0,0,0
2294000266234,1791128277.960093,12960,idle,11347.0,748.1,781.7,,,0,0,0,0
2294140245892,1791128278.100072,13100,idle,1057.5,769.0,801.2,,,0,0,0,0
2294282335922,1791128278.242162,13242,idle,8728.3,664.7,717.0,,,0,0,0,0
2294423119744,1791128278.382946,13382,idle,2214.8,876.4,930.8,,,0,0,0,0
2294590548809,1791128278.550375,13550,idle,6532.5,1463.3,1501.2,,,0,0,0,0
2294732333302,1791128278.692159,13692,idle,1163.8,655.1,708.8,,,0,0,0,0
2294876897941,1791128278.836724,13836,idle,4087.9,1097.3,1148.0,,,0,0,0,0
2295021495640,1791128278.981322,13981,idle,3014.0,495.8,544.7,,,0,0,0,0
2295165268238,1791128279.125094,14125,idle,3225.8,713.1,774.2,,,0,0,0,0
2295310473304,1791128279.270299,14270,idle,3582.6,516.5,567.3,,,0,0,0,0
2295452108251,1791128279.411934,14411,idle,1355.9,874.9,929.8,,,0,0,0,0
2295590266287,1791128279.550092,14550,idle,6824.6,720.1,768.6,,,0,0,0,0
2295730397596,1791128279.690223,14690,idle,6317.9,577.8,636.1,,,0,0,0,0
2295870441256,1791128279.830267,14830,idle,1166.5,531.7,594.2,,,0,0,0,0
2296010417827,1791128279.970244,14970,idle,2852.9,556.7,621.6,,,0,0,0,0
2296150669257,1791128280.110495,110,idle,776.4,289.1,365.1,,,0,0,0,0
2296291122905,1791128280.250949,250,idle,1387.8,842.3,910.1,,,0,0,0,0
2296430434384,1791128280.390260,390,idle,1660.5,526.9,596.9,,,0,0,0,0
2296582176177,1791128280.542002,542,idle,2192.7,1827.1,1848.7,,,0,0,0,0
2296723306440,1791128280.683132,683,idle,4544.2,658.5,723.4,,,0,0,0,0
2296862735557,1791128280.822561,822,idle,745.3,287.6,343.6,,,0,0,0,0
2297002343463,1791128280.962169,962,idle,9214.9,629.1,683.1,,,0,0,0,0
2297144987485,1791128281.104813,1104,idle,8658.2,972.0,1037.1,,,0,0,0,0
2297282384671,1791128281.242211,1242,idle,2066.7,571.6,639.1,,,0,0,0,0
2297423505077,1791128281.383331,1383,idle,6342.5,465.6,517.4,,,0,0,0,0
2297586147360,1791128281.545974,1545,idle,4915.4,1851.4,1872.7,,,0,0,0,0
2297731440840,1791128281.691266,1691,idle,6420.6,507.4,580.4,,,0,0,0,0
2297877214075,1791128281.837040,1837,idle,2825.8,753.2,807.2,,,0,0,0,0
2298017427878,1791128281.977254,1977,idle,4846.2,532.1,592.5,,,0,0,0,0
2298158223408,1791128282.118049,2118,idle,6676.8,733.9,795.0,,,0,0,0,0
2298297329642,1791128282.257156,2257,idle,1096.4,625.9,686.7,,,0,0,0,0
2298437395828,1791128282.397222,2397,idle,1609.6,567.5,623.7,,,0,0,0,0
2298580527979,1791128282.540354,2540,idle,7820.3,1457.5,1484.9,,,0,0,0,0
2298721293279,1791128282.681119,2681,idle,1780.6,665.8,715.7,,,0,0,0,0
2298861402335,1791128282.821228,2821,idle,4714.9,557.2,608.2,,,0,0,0,0
2299001284203,1791128282.961110,2961,idle,10604.3,673.2,725.2,,,0,0,0,0
2299143038266,1791128283.102864,3102,idle,6707.5,918.8,976.9,,,0,0,0,0
2299283927297,1791128283.243753,3243,idle,8413.4,1023.2,1080.7,,,0,0,0,0
2299421304429,1791128283.381130,3381,idle,9764.3,648.0,704.5,,,0,0,0,0
2299583131233,1791128283.542957,3542,idle,3939.8,1856.3,1877.2,,,0,0,0,0
2299730121653,1791128283.689948,3689,idle,1317.5,813.4,882.8,,,0,0,0,0
2299874172268,1791128283.833998,3833,idle,1242.2,766.1,831.2,,,0,0,0,0
2300013808240,1791128283.973634,3973,idle,9898.0,132.7,188.6,,,0,0,0,0
2300156131521,1791128284.115957,4115,idle,2196.7,806.5,866.0,,,0,0,0,0
2300293402245,1791128284.253228,4253,idle,2648.4,530.2,599.5,,,0,0,0,0
2300439285926,1791128284.399112,4399,idle,1795.3,640.5,712.3,,,0,0,0,0
2300581123062,1791128284.540949,4540,idle,2309.2,1847.2,1872.8,,,0,0,0,0
2300726483298,1791128284.686309,4686,idle,1521.6,445.6,512.5,,,0,0,0,0
2300872409539,1791128284.832235,4832,idle,1992.7,502.4,585.5,,,0,0,0,0
2301013218363,1791128284.973044,4973,idle,1457.7,716.4,773.0,,,0,0,0,0
2301152832119,1791128285.112658,5112,idle,6031.8,1092.4,1161.3,,,0,0,0,0
2301292402986,1791128285.252229,5252,idle,1574.5,519.9,583.0,,,0,0,0,0
2301432373889,1791128285.392200,5392,idle,7557.9,549.8,615.2,,,0,0,0,0
2301582131950,1791128285.541958,5541,idle,5925.9,1828.9,1856.3,,,0,0,0,0
2301723435813,1791128285.683262,5683,idle,904.6,493.6,552.4,,,0,0,0,0
2301862245976,1791128285.822072,5822,idle,1056.4,690.2,739.1,,,0,0,0,0
2302002247949,1791128285.962074,5962,idle,9674.2,680.7,736.6,,,0,0,0,0
2302143245925,1791128286.103072,6103,idle,1080.4,680.2,738.5,,,0,0,0,0
2302282263319,1791128286.242089,6242,idle,1044.7,664.0,715.4,,,0,0,0,0
2302422294044,1791128286.382120,6382,idle,1005.6,639.7,685.1,,,0,0,0,0
2302580084880,1791128286.539911,6539,idle,2120.4,1861.0,1889.5,,,0,0,0,0
2302720203364,1791128286.680030,6680,idle,1047.2,732.4,772.8,,,0,0,0,0
2302860194789,1791128286.820021,6820,idle,1156.5,737.6,779.7,,,0,0,0,0
2303000165955,1791128286.959992,6959,idle,11978.1,772.4,805.8,,,0,0,0,0
2303140214231,1791128287.100041,7100,idle,1129.8,716.8,757.7,,,0,0,0,0
2303280175679,1791128287.240002,7240,idle,1094.9,754.7,795.9,,,0,0,0,0
2303420192396,1791128287.380018,7380,idle,1072.2,733.2,777.3,,,0,0,0,0
2303579058085,1791128287.538884,7538,idle,2141.0,1887.7,1908.2,,,0,0,0,0
2303720176603,1791128287.680003,7680,idle,1033.4,748.3,791.3,,,0,0,0,0
2303863782870,1791128287.823608,7823,idle,1617.2,1124.1,1186.6,,,0,0,0,0
2304010412582,1791128287.970238,7970,idle,11144.0,482.0,558.6,,,0,0,0,0
2304150204543,1791128288.110030,8110,idle,1289.1,694.8,765.2,,,0,0,0,0
2304290499430,1791128288.250325,8250,idle,4215.6,406.3,467.9,,,0,0,0,0
2304431529001,1791128288.391355,8391,idle,1637.9,375.4,435.7,,,0,0,0,0
2304586171528,1791128288.545998,8545,idle,2879.2,1768.5,1791.5,,,0,0,0,0
2304726208547,1791128288.686035,8686,idle,1062.7,704.8,753.4,,,0,0,0,0
2304866222456,1791128288.826049,8826,idle,1084.0,691.4,735.4,,,0,0,0,0
2305010236532,1791128288.970063,8970,idle,1314.7,684.2,720.3,,,0,0,0,0
2305156255443,1791128289.116082,9116,idle,1043.5,655.1,701.1,,,0,0,0,0
2305297214416,1791128289.257041,9257,idle,982.1,697.8,738.7,,,0,0,0,0
2305437230098,1791128289.397057,9397,idle,957.8,682.8,723.9,,,0,0,0,0
2305580019996,1791128289.539846,9539,idle,2114.9,1906.4,1929.3,,,0,0,0,0
2305721157128,1791128289.680983,9680,idle,1015.8,762.2,793.3,,,0,0,0,0
2305861076370,1791128289.820903,9820,idle,1075.7,848.6,872.8,,,0,0,0,0
2306001175091,1791128289.961001,9961,idle,10283.2,739.3,772.9,,,0,0,0,0
2306141126655,1791128290.100953,10100,idle,1086.8,790.7,821.9,,,0,0,0,0
2306281161568,1791128290.240988,10240,idle,1033.1,751.3,781.7,,,0,0,0,0
2306421211131,1791128290.381037,10381,idle,886.3,711.1,734.5,,,0,0,0,0
2306579010456,1791128290.538837,10538,idle,2081.9,1907.8,1930.2,,,0,0,0,0
2306720126681,1791128290.679953,10679,idle,982.1,793.4,816.9,,,0,0,0,0
2306860115735,1791128290.819942,10819,idle,1107.8,799.4,839.2,,,0,0,0,0
2307000112598,1791128290.959939,10959,idle,11816.5,797.3,835.3,,,0,0,0,0
2307140062894,1791128291.099890,11099,idle,1165.5,850.7,875.6,,,0,0,0,0
2307280103689,1791128291.239930,11239,idle,1028.1,811.4,834.0,,,0,0,0,0
2307420163044,1791128291.379989,11379,idle,945.1,737.1,772.9,,,0,0,0,0
2307580021505,1791128291.539848,11539,idle,2126.9,1887.4,1912.3,,,0,0,0,0
2307721184971,1791128291.681011,11681,idle,961.9,710.1,745.8,,,0,0,0,0
2307861146837,1791128291.820973,11820,idle,933.3,761.3,784.4,,,0,0,0,0
2308001113783,1791128291.960940,11960,idle,10343.9,788.9,816.7,,,0,0,0,0
2308140148928,1791128292.099975,12099,idle,916.3,750.8,780.1,,,0,0,0,0
2308281076098,1791128292.240902,12240,idle,1064.4,828.6,864.4,,,0,0,0,0
2308421222765,1791128292.381049,12381,idle,884.9,675.2,713.0,,,0,0,0,0
2308580004457,1791128292.539831,12539,idle,2135.6,1896.3,1921.1,,,0,0,0,0
2308721069566,1791128292.680896,12680,idle,1105.3,831.5,855.3,,,0,0,0,0
2308861086214,1791128292.820913,12820,idle,976.5,814.8,838.0,,,0,0,0,0
2309001100771,1791128292.960927,12960,idle,10139.8,795.0,820.4,,,0,0,0,0
2309141073301,1791128293.100900,13100,idle,979.3,803.9,847.2,,,0,0,0,0
2309281075861,1791128293.240902,13240,idle,1114.5,817.3,839.1,,,0,0,0,0
2309421081660,1791128293.380908,13380,idle,1045.4,802.4,847.9,,,0,0,0,0
2309579974734,1791128293.539801,13539,idle,2086.9,1920.5,1940.6,,,0,0,0,0
2309720073783,1791128293.679900,13679,idle,1064.6,804.0,851.4,,,0,0,0,0
2309860098853,1791128293.819925,13819,idle,965.3,785.6,819.2,,,0,0,0,0
2310000090992,1791128293.959917,13959,idle,11362.0,787.0,834.8,,,0,0,0,0
2310140073754,1791128294.099900,14099,idle,1003.6,802.2,839.5,,,0,0,0,0
2310280072686,1791128294.239899,14239,idle,1117.8,800.7,847.5,,,0,0,0,0
2310420101128,1791128294.379927,14379,idle,1012.6,788.1,813.4,,,0,0,0,0
2310579969366,1791128294.539796,14539,idle,2092.3,1919.0,1940.6,,,0,0,0,0
2310720124406,1791128294.679950,14679,idle,932.2,755.4,795.3,,,0,0,0,0
2310860085758,1791128294.819912,14819,idle,975.8,802.4,829.3,,,0,0,0,0
2311000085230,1791128294.959911,14959,idle,11499.8,790.8,832.3,,,0,0,0,0
2311141064806,1791128295.100891,100,idle,1061.0,818.1,839.9,,,0,0,0,0
2311280068698,1791128295.239895,239,idle,1074.5,806.8,842.0,,,0,0,0,0
2311420083982,1791128295.379910,379,idle,978.8,799.3,826.2,,,0,0,0,0
2311578954770,1791128295.538781,538,idle,2066.2,1923.6,1945.8,,,0,0,0,0
2311720094225,1791128295.679920,679,idle,978.9,773.7,804.0,,,0,0,0,0
2311860095309,1791128295.819922,819,idle,1055.6,770.2,799.8,,,0,0,0,0
2312000075713,1791128295.959902,959,idle,11403.3,794.9,833.9,,,0,0,0,0
2312140081969,1791128296.099908,1099,idle,959.0,790.2,814.8,,,0,0,0,0
2312280117954,1791128296.239944,1239,idle,1038.3,740.7,788.5,,,0,0,0,0
2312420112451,1791128296.379939,1379,idle,1089.7,751.0,793.8,,,0,0,0,0
2312578978621,1791128296.538805,1538,idle,2146.7,1890.2,1922.1,,,0,0,0,0
2312720070478,1791128296.679897,1679,idle,979.0,787.3,816.8,,,0,0,0,0
2312860198713,1791128296.820024,1820,idle,1137.6,628.7,699.1,,,0,0,0,0
2313000076621,1791128296.959903,1959,idle,11808.7,770.9,811.7,,,0,0,0,0
2313140085708,1791128297.099912,2099,idle,955.8,764.5,802.6,,,0,0,0,0
2313280187295,1791128297.240013,2240,idle,5479.4,652.6,706.1,,,0,0,0,0
2313422677963,1791128297.382504,2382,idle,8396.1,137.8,211.1,,,0,0,0,0
2313585021307,1791128297.544847,2544,idle,4039.9,1842.9,1868.8,,,0,0,0,0
2313726313155,1791128297.686139,2686,idle,1308.9,511.2,574.7,,,0,0,0,0
2313866695670,1791128297.826522,2826,idle,625.8,140.7,188.9,,,0,0,0,0
2314005331499,1791128297.965157,2965,idle,10826.4,494.0,555.4,,,0,0,0,0
2314146257642,1791128298.106083,3106,idle,7802.0,573.7,629.5,,,0,0,0,0
2314285269610,1791128298.245095,3245,idle,7093.3,562.8,616.9,,,0,0,0,0
2314428310295,1791128298.388136,3388,idle,981.0,509.6,567.1,,,0,0,0,0
2314580022149,1791128298.539848,3539,idle,4029.6,1836.2,1859.7,,,0,0,0,0
2314721137700,1791128298.680964,3680,idle,3921.5,686.2,743.2,,,0,0,0,0
2314861210800,1791128298.821037,3821,idle,7846.3,608.2,666.3,,,0,0,0,0
2315001129021,1791128298.960955,3960,idle,10512.9,692.7,747.4,,,0,0,0,0
2315144123308,1791128299.103949,4103,idle,1761.4,695.7,753.3,,,0,0,0,0
2315281210734,1791128299.241036,4241,idle,1228.8,597.0,664.3,,,0,0,0,0
2315422277688,1791128299.382103,4382,idle,1147.7,537.1,591.9,,,0,0,0,0
2315584272450,1791128299.544099,4544,idle,991.8,568.6,597.7,,,0,0,0,0
2315723753756,1791128299.683580,4683,idle,5151.2,1065.9,1118.6,,,0,0,0,0
2315863132743,1791128299.822959,4822,idle,2922.2,682.9,733.7,,,0,0,0,0
2316004781082,1791128299.964607,4964,idle,6892.6,1031.3,1090.4,,,0,0,0,0
2316145143223,1791128300.104969,5104,idle,3894.3,662.3,721.1,,,0,0,0,0
2316283136074,1791128300.242962,5242,idle,1285.7,675.1,731.5,,,0,0,0,0
2316425141022,1791128300.384966,5384,idle,1232.4,660.1,719.1,,,0,0,0,0
2316579975655,1791128300.539801,5539,idle,2193.2,1856.9,1888.0,,,0,0,0,0
2316720124398,1791128300.679950,5679,idle,3851.2,687.1,739.2,,,0,0,0,0
2316861118934,1791128300.820945,5820,idle,2149.4,690.0,738.6,,,0,0,0,0
2317000250416,1791128300.960076,5960,idle,15804.2,557.1,611.5,,,0,0,0,0
2317141125134,1791128301.100951,6100,idle,1216.3,680.2,735.5,,,0,0,0,0
2317280245038,1791128301.240071,6240,idle,1986.3,558.0,613.9,,,0,0,0,0
2317420190525,1791128301.380016,6380,idle,2861.2,613.8,667.9,,,0,0,0,0
2317579978169,1791128301.539804,6539,idle,4213.9,1843.3,1874.7,,,0,0,0,0
2317722709183,1791128301.682535,6682,idle,1597.5,1093.9,1147.0,,,0,0,0,0
2317861136663,1791128301.820962,6820,idle,3847.3,662.2,712.4,,,0,0,0,0
2318001663135,1791128301.961489,6961,idle,11684.0,139.6,189.0,,,0,0,0,0
2318141126617,1791128302.100952,7100,idle,1348.1,671.1,726.7,,,0,0,0,0
2318281124055,1791128302.240950,7240,idle,1065.5,667.8,723.4,,,0,0,0,0
2318421393022,1791128302.381219,7381,idle,749.1,411.7,454.8,,,0,0,0,0
2318578912077,1791128302.538738,7538,idle,2151.7,1903.1,1929.3,,,0,0,0,0
2318720015677,1791128302.679842,7679,idle,1074.0,796.3,830.9,,,0,0,0,0
2318860049615,1791128302.819876,7819,idle,1034.2,760.6,793.2,,,0,0,0,0
2319000040783,1791128302.959867,7959,idle,11571.6,760.7,800.3,,,0,0,0,0
2319140030293,1791128303.099856,8099,idle,1001.9,771.0,806.6,,,0,0,0,0
2319280057234,1791128303.239883,8239,idle,1075.4,753.1,784.2,,,0,0,0,0
2319420026154,1791128303.379852,8379,idle,1074.5,778.0,812.8,,,0,0,0,0
2319579924253,1791128303.539751,8539,idle,2108.0,1888.8,1914.4,,,0,0,0,0
2319721017554,1791128303.680844,8680,idle,1033.9,787.5,820.4,,,0,0,0,0
2319860037943,1791128303.819864,8819,idle,949.2,763.9,797.0,,,0,0,0,0
2320001015965,1791128303.960842,8960,idle,10114.2,791.1,818.3,,,0,0,0,0
2320140017905,1791128304.099844,9099,idle,968.9,785.1,815.5,,,0,0,0,0
2320281047879,1791128304.240874,9240,idle,954.2,747.1,782.9,,,0,0,0,0
2320421016942,1791128304.380843,9380,idle,1127.8,775.9,811.1,,,0,0,0,0
2320583833539,1791128304.543659,9543,idle,1326.0,948.9,994.9,,,0,0,0,0
2320726257582,1791128304.686083,9686,idle,7811.3,517.0,572.7,,,0,0,0,0
2320864115652,1791128304.823942,9823,idle,2948.3,660.5,714.9,,,0,0,0,0
2321003135732,1791128304.962961,9962,idle,12276.7,627.3,693.4,,,0,0,0,0
2321143395104,1791128305.103221,10103,idle,6080.9,371.2,434.3,,,0,0,0,0
2321283139721,1791128305.242965,10242,idle,8913.9,624.3,684.1,,,0,0,0,0
2321426128191,1791128305.385954,10385,idle,1230.8,636.5,698.7,,,0,0,0,0
2321584955873,1791128305.544782,10544,idle,4114.5,1845.0,1864.5,,,0,0,0,0
2321728696477,1791128305.688522,10688,idle,1542.3,1067.7,1126.0,,,0,0,0,0
2321866135763,1791128305.825962,10825,idle,1178.9,626.6,687.2,,,0,0,0,0
2322008053422,1791128305.967879,10967,idle,8019.8,697.2,766.9,,,0,0,0,0
2322145139761,1791128306.104965,11104,idle,4949.3,615.9,681.0,,,0,0,0,0
2322288016915,1791128306.247843,11247,idle,3038.5,741.0,802.2,,,0,0,0,0
2322428053661,1791128306.387879,11387,idle,1379.5,699.1,765.7,,,0,0,0,0
2322580953513,1791128306.540780,11540,idle,2422.3,1836.4,1859.3,,,0,0,0,0
2322726390776,1791128306.686216,11686,idle,7227.7,362.7,423.7,,,0,0,0,0
2322872594212,1791128306.832420,11832,idle,5566.5,148.4,215.6,,,0,0,0,0
2323012222981,1791128306.972049,11972,idle,981.3,531.7,589.0,,,0,0,0,0
2323155229625,1791128307.115055,12115,idle,1096.7,515.8,582.6,,,0,0,0,0
2323302307957,1791128307.262134,12262,idle,5824.6,447.0,504.4,,,0,0,0,0
2323442122787,1791128307.401949,12401,idle,1184.4,627.7,689.3,,,0,0,0,0
2323584403167,1791128307.544229,12544,idle,1857.4,1364.0,1401.9,,,0,0,0,0
2323725196199,1791128307.685022,12685,idle,1877.9,557.5,610.7,,,0,0,0,0
2323865124728,1791128307.824950,12824,idle,4936.3,628.5,680.9,,,0,0,0,0
2324005056527,1791128307.964882,12964,idle,7612.2,688.7,748.7,,,0,0,0,0
2324147272260,1791128308.107098,13107,idle,1046.2,471.2,533.0,,,0,0,0,0
2324285132897,1791128308.244959,13244,idle,1172.1,603.0,669.3,,,0,0,0,0
2324425590224,1791128308.385416,13385,idle,1137.6,146.5,208.8,,,0,0,0,0
2324580141608,1791128308.539967,13539,idle,2021.3,1624.7,1658.0,,,0,0,0,0
2324721120540,1791128308.680946,13680,idle,1082.1,620.9,679.0,,,0,0,0,0
2324861503608,1791128308.821329,13821,idle,716.7,233.7,294.3,,,0,0,0,0
2325001055212,1791128308.960881,13960,idle,12549.3,673.9,740.2,,,0,0,0,0
2325140105232,1791128309.099931,14099,idle,1307.2,629.1,691.6,,,0,0,0,0
2325281129516,1791128309.240955,14240,idle,1085.7,599.6,665.4,,,0,0,0,0
2325422052791,1791128309.381879,14381,idle,1225.1,675.9,739.2,,,0,0,0,0
2325583478611,1791128309.543304,14543,idle,2804.1,1284.0,1308.0,,,0,0,0,0
2325726229562,1791128309.686055,14686,idle,1029.0,501.4,560.5,,,0,0,0,0
2325873202278,1791128309.833028,14833,idle,1048.4,514.9,588.8,,,0,0,0,0
2326015551512,1791128309.975377,14975,idle,659.3,178.3,236.4,,,0,0,0,0
2326153211935,1791128310.113038,113,idle,4853.6,499.8,571.3,,,0,0,0,0
2326297944592,1791128310.257771,257,idle,6512.1,760.8,843.2,,,0,0,0,0
2326438419983,1791128310.398246,398,idle,796.7,295.9,365.1,,,0,0,0,0
2326582916251,1791128310.542742,542,idle,3137.8,1837.0,1863.1,,,0,0,0,0
2326723153104,1791128310.682979,682,idle,7905.7,566.5,625.4,,,0,0,0,0
2326864046391,1791128310.823872,823,idle,1775.1,679.0,736.4,,,0,0,0,0
2327003055204,1791128310.962881,962,idle,11167.5,664.0,727.2,,,0,0,0,0
2327143136429,1791128311.102962,1102,idle,4916.2,585.8,638.4,,,0,0,0,0
2327283246375,1791128311.243072,1243,idle,7837.7,471.1,529.3,,,0,0,0,0
2327425020848,1791128311.384846,1384,idle,1806.1,698.1,757.4,,,0,0,0,0
2327585917366,1791128311.545743,1545,idle,4384.4,1826.9,1851.8,,,0,0,0,0
2327728105545,1791128311.687931,1687,idle,1143.7,619.4,669.9,,,0,0,0,0
2327866050059,1791128311.825876,1825,idle,3018.6,666.6,724.0,,,0,0,0,0
2328006048475,1791128311.965874,1965,idle,11018.7,663.5,723.2,,,0,0,0,0
2328147113105,1791128312.106939,2106,idle,1941.5,541.2,656.7,,,0,0,0,0
2328286107312,1791128312.245933,2245,idle,3428.0,601.8,662.3,,,0,0,0,0
2328430155188,1791128312.389980,2389,idle,2501.1,542.2,617.9,,,0,0,0,0
2328583354101,1791128312.543180,2543,idle,5706.1,391.8,421.9,,,0,0,0,0
2328724008584,1791128312.683834,2683,idle,5411.5,695.3,758.7,,,0,0,0,0
2328863142260,1791128312.822968,2822,idle,3879.9,541.4,622.1,,,0,0,0,0
2329003114149,1791128312.962940,2962,idle,12948.4,585.8,647.6,,,0,0,0,0
2329143932772,1791128313.103759,3103,idle,5301.2,762.3,832.1,,,0,0,0,0
2329284735967,1791128313.244562,3244,idle,2317.6,960.4,1023.6,,,0,0,0,0
2329425149834,1791128313.384976,3384,idle,2063.9,545.4,612.8,,,0,0,0,0
2329580589351,1791128313.540415,3540,idle,4136.0,1147.9,1169.8,,,0,0,0,0
2329722173569,1791128313.681999,3681,idle,4899.8,516.1,582.9,,,0,0,0,0
2329861136348,1791128313.820962,3820,idle,6045.2,561.4,619.9,,,0,0,0,0
2330001470266,1791128313.961296,3961,idle,10657.0,222.2,282.9,,,0,0,0,0
2330141053442,1791128314.100879,4100,idle,1510.8,639.7,703.4,,,0,0,0,0
2330281044304,1791128314.240870,4240,idle,1125.6,644.7,706.0,,,0,0,0,0
2330421847431,1791128314.381673,4381,idle,1297.0,842.7,898.3,,,0,0,0,0
2330579864479,1791128314.539690,4539,idle,2191.0,1859.8,1888.1,,,0,0,0,0
2330720013841,1791128314.679840,4679,idle,1020.6,688.7,735.1,,,0,0,0,0
2330860008464,1791128314.819835,4819,idle,1066.5,699.0,737.4,,,0,0,0,0
2331000983518,1791128314.960810,4960,idle,10563.9,714.7,761.6,,,0,0,0,0
2331140968903,1791128315.100795,5100,idle,965.9,726.0,774.4,,,0,0,0,0
2331280930188,1791128315.240757,5240,idle,1031.9,788.3,812.5,,,0,0,0,0
2331420976342,1791128315.380803,5380,idle,989.1,729.7,765.2,,,0,0,0,0
2331578816954,1791128315.538643,5538,idle,2109.1,1899.6,1923.3,,,0,0,0,0
2331719953740,1791128315.679780,5679,idle,985.5,744.7,786.0,,,0,0,0,0
2331859978264,1791128315.819804,5819,idle,1013.9,708.5,760.3,,,0,0,0,0
2331999946279,1791128315.959772,5959,idle,11337.2,754.1,789.8,,,0,0,0,0
2332138934234,1791128316.098761,6098,idle,1179.5,767.5,804.1,,,0,0,0,0
2332279941272,1791128316.239768,6239,idle,1026.9,757.4,794.0,,,0,0,0,0
2332419936829,1791128316.379763,6379,idle,1004.8,765.9,798.1,,,0,0,0,0
2332579813197,1791128316.539639,6539,idle,2115.2,1883.4,1917.7,,,0,0,0,0
2332719939963,1791128316.679766,6679,idle,1109.0,756.6,792.0,,,0,0,0,0
2332859972590,1791128316.819798,6819,idle,923.3,718.2,758.8,,,0,0,0,0
2332999929736,1791128316.959756,6959,idle,11732.3,755.3,798.9,,,0,0,0,0
2333140919897,1791128317.100746,7100,idle,1007.9,766.8,806.9,,,0,0,0,0
2333279899863,1791128317.239726,7239,idle,1070.1,793.6,826.3,,,0,0,0,0
2333419896552,1791128317.379723,7379,idle,1038.4,808.2,830.5,,,0,0,0,0
2333580791435,1791128317.540618,7540,idle,2087.6,1907.6,1932.0,,,0,0,0,0
2333721910855,1791128317.681737,7681,idle,1000.3,771.6,811.4,,,0,0,0,0
2333860900131,1791128317.820727,7820,idle,1013.5,793.6,821.0,,,0,0,0,0
2334001913912,1791128317.961740,7961,idle,9836.4,771.2,808.7,,,0,0,0,0
2334141077478,1791128318.100904,8100,idle,797.2,596.0,636.7,,,0,0,0,0
2334281910892,1791128318.241737,8241,idle,995.5,779.3,805.8,,,0,0,0,0
2334420909161,1791128318.380735,8380,idle,951.0,774.3,813.2,,,0,0,0,0
2334580845013,1791128318.540671,8540,idle,2064.1,1822.1,1869.0,,,0,0,0,0
2334720895024,1791128318.680722,8680,idle,1102.5,795.0,819.3,,,0,0,0,0
2334860930514,1791128318.820757,8820,idle,1027.9,745.9,783.4,,,0,0,0,0
2335000869645,1791128318.960696,8960,idle,10439.2,818.9,841.5,,,0,0,0,0
2335140876017,1791128319.100702,9100,idle,980.4,798.5,833.5,,,0,0,0,0
2335280913719,1791128319.240740,9240,idle,1022.2,761.5,796.6,,,0,0,0,0
2335420936452,1791128319.380763,9380,idle,1136.4,731.8,775.0,,,0,0,0,0
2335578775883,1791128319.538602,9538,idle,2071.1,1902.1,1927.7,,,0,0,0,0
2335719910117,1791128319.679736,9679,idle,1000.0,748.6,795.6,,,0,0,0,0
2335859896009,1791128319.819722,9819,idle,1020.2,782.2,808.1,,,0,0,0,0
2335999866522,1791128319.959693,9959,idle,11288.4,802.3,836.6,,,0,0,0,0
2336138925554,1791128320.098752,10098,idle,940.6,738.9,775.0,,,0,0,0,0
2336279918760,1791128320.239745,10239,idle,944.3,748.1,783.8,,,0,0,0,0
2336419865985,1791128320.379692,10379,idle,1010.8,800.1,833.1,,,0,0,0,0
2336579767363,1791128320.539593,10539,idle,2082.9,1909.0,1933.0,,,0,0,0,0
2336720907018,1791128320.680733,10680,idle,1043.1,769.2,792.9,,,0,0,0,0
2336860884983,1791128320.820711,10820,idle,1020.9,785.2,811.2,,,0,0,0,0
2337000918437,1791128320.960745,10960,idle,10543.1,746.4,778.5,,,0,0,0,0
2337140904543,1791128321.100731,11100,idle,996.0,756.2,792.9,,,0,0,0,0
2337280885430,1791128321.240712,11240,idle,1031.0,778.7,804.8,,,0,0,0,0
2337420881596,1791128321.380708,11380,idle,1074.6,792.8,824.0,,,0,0,0,0
2337579765764,1791128321.539592,11539,idle,2101.2,1904.6,1928.0,,,0,0,0,0
2337720915842,1791128321.680742,11680,idle,923.4,741.2,776.4,,,0,0,0,0
2337860909028,1791128321.820735,11820,idle,925.2,747.5,781.1,,,0,0,0,0
2338000938665,1791128321.960765,11960,idle,10594.3,701.7,749.8,,,0,0,0,0
2338140869993,1791128322.100696,12100,idle,1058.1,781.8,818.4,,,0,0,0,0
2338280929271,1791128322.240756,12240,idle,965.8,727.4,770.6,,,0,0,0,0
2338420899170,1791128322.380726,12380,idle,997.6,758.4,785.4,,,0,0,0,0
2338580766002,1791128322.540592,12540,idle,2191.9,1892.2,1917.8,,,0,0,0,0
2338720922949,1791128322.680749,12680,idle,1050.6,734.0,761.8,,,0,0,0,0
2338860849168,1791128322.820676,12820,idle,996.2,812.3,835.0,,,0,0,0,0
2339000836347,1791128322.960663,12960,idle,10354.1,822.9,845.1,,,0,0,0,0
2339140906356,1791128323.100732,13100,idle,1009.5,733.8,773.9,,,0,0,0,0
2339280891647,1791128323.240718,13240,idle,976.4,751.8,782.6,,,0,0,0,0
2339420871357,1791128323.380697,13380,idle,968.7,772.7,807.7,,,0,0,0,0
2339579779829,1791128323.539606,13539,idle,2285.9,1864.8,1896.7,,,0,0,0,0
2339720878241,1791128323.680705,13680,idle,1062.0,756.1,797.1,,,0,0,0,0
2339860866842,1791128323.820693,13820,idle,1019.7,776.1,807.3,,,0,0,0,0
2340000944732,1791128323.960771,13960,idle,10560.7,678.0,727.1,,,0,0,0,0
2340140900274,1791128324.100727,14100,idle,1040.7,731.9,771.2,,,0,0,0,0
2340280882796,1791128324.240709,14240,idle,1093.1,735.9,786.0,,,0,0,0,0
2340420881388,1791128324.380708,14380,idle,991.1,739.1,783.7,,,0,0,0,0
2340581774537,1791128324.541601,14541,idle,2080.2,1862.0,1888.8,,,0,0,0,0
2340721977228,1791128324.681803,14681,idle,879.5,659.2,689.8,,,0,0,0,0
2340861910681,1791128324.821737,14821,idle,1016.0,729.5,754.6,,,0,0,0,0
2341001917333,1791128324.961743,14961,idle,9349.2,708.0,747.3,,,0,0,0,0
2341141847538,1791128325.101674,101,idle,998.6,786.5,828.4,,,0,0,0,0
2341281883652,1791128325.241709,241,idle,1043.6,735.5,779.2,,,0,0,0,0
2341422039755,1791128325.381866,381,idle,781.0,580.4,616.8,,,0,0,0,0
2341579759840,1791128325.539586,539,idle,2150.9,1856.8,1899.9,,,0,0,0,0
2341720861096,1791128325.680687,680,idle,1045.1,771.5,796.2,,,0,0,0,0
2341860838721,1791128325.820665,820,idle,996.8,794.5,821.4,,,0,0,0,0
2342000829905,1791128325.960656,960,idle,10456.0,803.3,827.7,,,0,0,0,0
2342140856910,1791128326.100683,1100,idle,971.4,771.0,799.6,,,0,0,0,0
2342280837867,1791128326.240664,1240,idle,1013.2,790.8,819.1,,,0,0,0,0
2342420858623,1791128326.380685,1380,idle,962.4,771.2,794.5,,,0,0,0,0
2342580725824,1791128326.540552,1540,idle,2057.3,1895.8,1924.1,,,0,0,0,0
2342721851032,1791128326.681677,1681,idle,1049.2,774.3,801.8,,,0,0,0,0
2342861828878,1791128326.821655,1821,idle,1004.0,793.0,820.3,,,0,0,0,0
2343001860964,1791128326.961687,1961,idle,9390.4,758.7,783.3,,,0,0,0,0
2343140845240,1791128327.100672,2100,idle,1031.9,769.8,803.1,,,0,0,0,0
2343281941699,1791128327.241768,2241,idle,926.7,676.5,706.8,,,0,0,0,0
2343421949597,1791128327.381776,2381,idle,960.6,664.3,704.0,,,0,0,0,0
2343579721617,1791128327.539548,2539,idle,2132.4,1904.8,1935.3,,,0,0,0,0
2343720873586,1791128327.680700,2680,idle,1013.1,723.5,770.9,,,0,0,0,0
2343860821215,1791128327.820648,2820,idle,981.3,794.6,820.3,,,0,0,0,0
2344000839433,1791128327.960666,2960,idle,10561.8,765.4,801.9,,,0,0,0,0
2344140872182,1791128328.100698,3100,idle,1040.3,721.9,767.2,,,0,0,0,0
2344280843562,1791128328.240670,3240,idle,1029.6,757.7,794.8,,,0,0,0,0
2344422747627,1791128328.382574,3382,idle,1313.1,841.3,893.2,,,0,0,0,0
2344583746244,1791128328.543572,3543,idle,2257.2,1859.8,1892.9,,,0,0,0,0
2344730038976,1791128328.689865,3689,idle,6021.7,546.6,601.2,,,0,0,0,0
2344874990298,1791128328.834816,3834,idle,5000.6,590.7,648.3,,,0,0,0,0
2345015049427,1791128328.974875,3974,idle,2218.5,525.8,582.1,,,0,0,0,0
2345158218654,1791128329.118045,4118,idle,872.6,345.4,418.8,,,0,0,0,0
2345296194942,1791128329.256021,4256,idle,1378.4,384.5,440.8,,,0,0,0,0
2345436388953,1791128329.396215,4396,idle,7765.1,188.7,245.3,,,0,0,0,0
2345583458570,1791128329.543285,4543,idle,1777.0,1128.9,1169.9,,,0,0,0,0
2345726079672,1791128329.685905,4685,idle,4976.8,492.4,551.9,,,0,0,0,0
2345864947093,1791128329.824773,4824,idle,1642.5,626.9,683.9,,,0,0,0,0
2346003904593,1791128329.963730,4963,idle,7863.2,665.5,725.8,,,0,0,0,0
2346144934919,1791128330.104761,5104,idle,1089.5,634.1,693.8,,,0,0,0,0
2346282957688,1791128330.242784,5242,idle,1371.8,607.1,669.2,,,0,0,0,0
2346424124113,1791128330.383950,5383,idle,5945.6,435.5,503.4,,,0,0,0,0
2346581768700,1791128330.541595,5541,idle,7346.2,1827.3,1854.7,,,0,0,0,0
2346723415282,1791128330.683241,5683,idle,1845.2,150.8,210.6,,,0,0,0,0
2346862773281,1791128330.822599,5822,idle,2250.8,790.9,851.7,,,0,0,0,0
2347003459459,1791128330.963285,5963,idle,8528.3,1102.8,1165.5,,,0,0,0,0
2347142928759,1791128331.102755,6102,idle,1150.7,636.8,692.7,,,0,0,0,0
2347282578418,1791128331.242404,6242,idle,2482.7,982.2,1043.1,,,0,0,0,0
2347427147648,1791128331.386974,6386,idle,1321.0,415.0,470.6,,,0,0,0,0
2347584727718,1791128331.544554,6544,idle,2160.0,1852.5,1886.5,,,0,0,0,0
2347725905185,1791128331.685731,6685,idle,1083.7,652.0,708.2,,,0,0,0,0
2347866540736,1791128331.826366,6826,idle,1434.5,1019.5,1075.1,,,0,0,0,0
2348005876077,1791128331.965702,6965,idle,6666.2,686.8,740.2,,,0,0,0,0
2348145922604,1791128332.105748,7105,idle,2141.3,637.5,690.6,,,0,0,0,0
2348285883933,1791128332.245710,7245,idle,1994.7,675.3,727.7,,,0,0,0,0
2348426063139,1791128332.385889,7385,idle,9237.8,495.8,546.4,,,0,0,0,0
2348585713345,1791128332.545539,7545,idle,6969.3,1873.3,1893.8,,,0,0,0,0
2348728003036,1791128332.687829,7687,idle,2849.0,538.1,604.7,,,0,0,0,0
2348866862072,1791128332.826688,7826,idle,1634.7,689.2,742.1,,,0,0,0,0
2349005873938,1791128332.965700,7965,idle,10525.9,672.8,732.9,,,0,0,0,0
2349146713791,1791128333.106540,8106,idle,2973.7,840.9,892.1,,,0,0,0,0
2349290756479,1791128333.250582,8250,idle,3664.2,790.9,850.1,,,0,0,0,0
2349436952122,1791128333.396778,8396,idle,1388.3,594.7,653.7,,,0,0,0,0
2349582406189,1791128333.542232,8542,idle,1501.0,1157.2,1194.7,,,0,0,0,0
2349726631066,1791128333.686457,8686,idle,3316.7,906.1,972.0,,,0,0,0,0
2349863648109,1791128333.823474,8823,idle,2372.1,896.4,951.3,,,0,0,0,0
2350002541068,1791128333.962367,8962,idle,12209.7,1019.1,1057.0,,,0,0,0,0
2350143052295,1791128334.102878,9102,idle,5466.6,478.8,545.6,,,0,0,0,0
2350282963947,1791128334.242790,9242,idle,1744.3,570.1,634.6,,,0,0,0,0
2350428117680,1791128334.387944,9387,idle,1810.0,411.1,475.1,,,0,0,0,0
2350582192963,1791128334.542019,9542,idle,1099.9,354.7,399.7,,,0,0,0,0
2350720896525,1791128334.680722,9680,idle,2507.7,636.0,696.6,,,0,0,0,0
2350861942618,1791128334.821769,9821,idle,2207.5,576.9,651.4,,,0,0,0,0
2351000893828,1791128334.960720,9960,idle,11283.7,638.0,698.0,,,0,0,0,0
2351140911291,1791128335.100737,10100,idle,1065.8,621.5,679.4,,,0,0,0,0
2351283550315,1791128335.243376,10243,idle,7622.9,980.2,1039.7,,,0,0,0,0
2351421920611,1791128335.381746,10381,idle,8332.1,605.6,668.3,,,0,0,0,0
2351585966620,1791128335.545792,10545,idle,2233.7,1574.2,1620.5,,,0,0,0,0
2351726786107,1791128335.686612,10686,idle,4278.2,728.6,802.4,,,0,0,0,0
2351865875068,1791128335.825701,10825,idle,1155.9,653.8,709.7,,,0,0,0,0
2352005861711,1791128335.965688,10965,idle,5962.9,660.9,724.3,,,0,0,0,0
2352145848617,1791128336.105675,11105,idle,1144.7,687.0,735.8,,,0,0,0,0
2352285854642,1791128336.245681,11245,idle,1122.4,673.4,726.3,,,0,0,0,0
2352425885998,1791128336.385712,11385,idle,1078.7,627.7,693.5,,,0,0,0,0
2352580683870,1791128336.540510,11540,idle,2192.1,1861.5,1893.0,,,0,0,0,0
2352720832874,1791128336.680659,11680,idle,1003.1,700.2,740.7,,,0,0,0,0
2352861907822,1791128336.821734,11821,idle,986.7,611.5,665.6,,,0,0,0,0
2353000796456,1791128336.960623,11960,idle,10735.1,737.8,777.7,,,0,0,0,0
2353141801005,1791128337.101627,12101,idle,1095.6,730.1,771.4,,,0,0,0,0
2353281813053,1791128337.241639,12241,idle,1144.8,708.7,755.0,,,0,0,0,0
2353421801320,1791128337.381628,12381,idle,1080.2,715.9,767.4,,,0,0,0,0
2353580653883,1791128337.540480,12540,idle,2099.2,1881.3,1908.0,,,0,0,0,0
2353720787110,1791128337.680613,12680,idle,973.9,746.5,778.5,,,0,0,0,0
2353861971178,1791128337.821797,12821,idle,1047.0,534.6,598.9,,,0,0,0,0
2354003157517,1791128337.962983,12962,idle,9520.4,342.0,410.8,,,0,0,0,0
2354144182528,1791128338.104008,13104,idle,1281.2,329.3,388.6,,,0,0,0,0
2354293052469,1791128338.252878,13252,idle,905.6,442.8,514.0,,,0,0,0,0
2354432332054,1791128338.392158,13392,idle,5737.7,166.3,230.2,,,0,0,0,0
2354584680629,1791128338.544507,13544,idle,2205.2,1850.0,1883.5,,,0,0,0,0
2354724795998,1791128338.684622,13684,idle,1122.6,722.9,765.3,,,0,0,0,0
2354864767217,1791128338.824593,13824,idle,1043.8,754.8,791.0,,,0,0,0,0
2355004778497,1791128338.964605,13964,idle,7319.8,736.2,777.0,,,0,0,0,0
2355144784528,1791128339.104611,14104,idle,967.2,724.3,771.2,,,0,0,0,0
2355284759729,1791128339.244586,14244,idle,1066.0,758.7,791.2,,,0,0,0,0
2355424773450,1791128339.384600,14384,idle,1033.0,745.0,781.2,,,0,0,0,0
2355579636158,1791128339.539462,14539,idle,2124.1,1889.4,1911.6,,,0,0,0,0
2355720764841,1791128339.680591,14680,idle,932.6,742.9,784.9,,,0,0,0,0
2355860714483,1791128339.820541,14820,idle,1000.9,811.0,835.4,,,0,0,0,0
2356000706964,1791128339.960533,14960,idle,11566.9,821.8,841.1,,,0,0,0,0
2356140711537,1791128340.100538,100,idle,1044.7,817.1,836.7,,,0,0,0,0
2356280772049,1791128340.240598,240,idle,1011.4,743.6,772.9,,,0,0,0,0
2356420754963,1791128340.380581,380,idle,971.6,750.5,790.1,,,0,0,0,0
2356579619902,1791128340.539446,539,idle,2094.8,1899.3,1923.9,,,0,0,0,0
2356720740727,1791128340.680567,680,idle,1023.4,774.4,813.1,,,0,0,0,0
2356860726260,1791128340.820552,820,idle,1073.9,790.1,828.1,,,0,0,0,0
2357000738133,1791128340.960564,960,idle,10621.4,771.1,801.7,,,0,0,0,0
2357140723418,1791128341.100550,1100,idle,954.2,792.4,817.8,,,0,0,0,0
2357280706393,1791128341.240533,1240,idle,1073.5,806.2,828.4,,,0,0,0,0
2357420725188,1791128341.380552,1380,idle,1107.8,789.9,810.9,,,0,0,0,0
2357580632442,1791128341.540458,1540,idle,2056.9,1862.9,1903.5,,,0,0,0,0
2357721718339,1791128341.681545,1681,idle,1059.6,793.5,817.6,,,0,0,0,0
2357860704681,1791128341.820531,1820,idle,978.7,812.7,830.3,,,0,0,0,0
2358001808378,1791128341.961635,1961,idle,9493.8,701.5,725.0,,,0,0,0,0
2358141707475,1791128342.101534,2101,idle,1033.1,790.2,824.6,,,0,0,0,0
2358281752722,1791128342.241579,2241,idle,995.9,747.2,778.4,,,0,0,0,0
2358421704939,1791128342.381531,2381,idle,990.6,796.5,820.3,,,0,0,0,0
2358580593693,1791128342.540420,2540,idle,2106.6,1909.2,1931.1,,,0,0,0,0
2358721976189,1791128342.681803,2681,idle,777.5,518.3,547.7,,,0,0,0,0
2358860692386,1791128342.820519,2820,idle,1062.5,809.1,835.8,,,0,0,0,0
2359001815005,1791128342.961641,2961,idle,9631.0,683.3,706.6,,,0,0,0,0
2359141700194,1791128343.101526,3101,idle,1026.9,795.2,825.5,,,0,0,0,0
2359281692383,1791128343.241518,3241,idle,1086.8,808.4,830.3,,,0,0,0,0
2359421679612,1791128343.381506,3381,idle,996.5,819.9,838.9,,,0,0,0,0
2359580600547,1791128343.540426,3540,idle,2063.5,1886.5,1920.7,,,0,0,0,0
2359721698208,1791128343.681525,3681,idle,1018.2,782.9,831.1,,,0,0,0,0
2359861726247,1791128343.821552,3821,idle,1057.4,767.3,808.0,,,0,0,0,0
2360001702666,1791128343.961529,3961,idle,10838.4,783.3,828.6,,,0,0,0,0
2360140633084,1791128344.100459,4100,idle,1109.3,850.2,884.6,,,0,0,0,0
2360281811096,1791128344.241637,4241,idle,847.6,661.4,707.4,,,0,0,0,0
2360421715877,1791128344.381542,4381,idle,910.2,767.9,794.3,,,0,0,0,0
2360580569225,1791128344.540395,4540,idle,2123.9,1926.3,1946.4,,,0,0,0,0
2360720678995,1791128344.680505,4680,idle,963.3,809.0,830.8,,,0,0,0,0
2360860715826,1791128344.820542,4820,idle,1056.7,764.4,797.0,,,0,0,0,0
2361000691327,1791128344.960518,4960,idle,10545.7,782.4,822.1,,,0,0,0,0
2361141684911,1791128345.101511,5101,idle,1042.6,801.0,825.1,,,0,0,0,0
2361280666652,1791128345.240493,5240,idle,1013.9,831.5,851.0,,,0,0,0,0
2361420691494,1791128345.380518,5380,idle,1066.5,786.4,814.4,,,0,0,0,0
2361579592274,1791128345.539419,5539,idle,2113.7,1882.9,1910.1,,,0,0,0,0
2361720683888,1791128345.680510,5680,idle,966.1,795.8,821.2,,,0,0,0,0
2361860678011,1791128345.820504,5820,idle,1020.7,801.4,825.7,,,0,0,0,0
2362000717564,1791128345.960544,5960,idle,11314.5,757.3,786.8,,,0,0,0,0
2362139764685,1791128346.099591,6099,idle,970.0,695.0,745.3,,,0,0,0,0
2362280798261,1791128346.240625,6240,idle,925.9,676.7,699.0,,,0,0,0,0
2362420704747,1791128346.380531,6380,idle,1086.2,754.0,795.9,,,0,0,0,0
2362580563851,1791128346.540390,6540,idle,2133.2,1907.7,1930.8,,,0,0,0,0
2362720684245,1791128346.680511,6680,idle,981.1,788.7,813.0,,,0,0,0,0
2362861952780,1791128346.821779,6821,idle,1079.5,467.1,554.9,,,0,0,0,0
2363000735984,1791128346.960562,6960,idle,10793.3,730.3,760.2,,,0,0,0,0
2363141687462,1791128347.101514,7101,idle,968.0,772.6,808.5,,,0,0,0,0
2363281867498,1791128347.241693,7241,idle,8252.6,577.4,630.2,,,0,0,0,0
2363421676425,1791128347.381502,7381,idle,3734.3,759.7,814.7,,,0,0,0,0
2363581671411,1791128347.541497,7541,idle,3285.3,1793.7,1817.6,,,0,0,0,0
2363725442339,1791128347.685268,7685,idle,2596.7,992.4,1051.4,,,0,0,0,0
2363862764886,1791128347.822591,7822,idle,1710.0,679.3,729.8,,,0,0,0,0
2364001759460,1791128347.961586,7961,idle,9984.4,675.4,732.7,,,0,0,0,0
2364142985558,1791128348.102811,8102,idle,877.6,450.9,506.0,,,0,0,0,0
2364282917587,1791128348.242743,8242,idle,2575.4,523.8,575.4,,,0,0,0,0
2364422756606,1791128348.382582,8382,idle,1167.1,678.1,733.1,,,0,0,0,0
2364581618973,1791128348.541445,8541,idle,2312.5,1841.6,1868.6,,,0,0,0,0
2364722774753,1791128348.682601,8682,idle,6314.6,659.4,712.2,,,0,0,0,0
2364863155258,1791128348.822981,8822,idle,3503.5,274.3,326.2,,,0,0,0,0
2365001023942,1791128348.960850,8960,idle,11639.9,428.6,459.2,,,0,0,0,0
2365141787456,1791128349.101613,9101,idle,1044.7,641.4,695.8,,,0,0,0,0
2365281759277,1791128349.241585,9241,idle,1086.0,671.4,719.8,,,0,0,0,0
2365422740249,1791128349.382566,9382,idle,1396.3,675.6,736.5,,,0,0,0,0
2365581758637,1791128349.541584,9541,idle,5286.2,1677.8,1724.6,,,0,0,0,0
2365725861006,1791128349.685687,9685,idle,1882.8,557.0,616.9,,,0,0,0,0
2365871978790,1791128349.831805,9831,idle,2405.5,430.5,500.9,,,0,0,0,0
2366012983223,1791128349.972809,9972,idle,2281.0,432.6,495.0,,,0,0,0,0
2366154537133,1791128350.114363,10114,idle,1366.3,875.1,941.3,,,0,0,0,0
2366292867348,1791128350.252693,10252,idle,2183.5,541.4,607.7,,,0,0,0,0
2366436956039,1791128350.396782,10396,idle,9111.3,449.4,516.9,,,0,0,0,0
2366582136962,1791128350.541963,10541,idle,1953.3,1297.8,1335.1,,,0,0,0,0
2366724741075,1791128350.684567,10684,idle,2298.1,675.5,733.0,,,0,0,0,0
2366863539986,1791128350.823366,10823,idle,2362.7,875.6,933.3,,,0,0,0,0
2367003528348,1791128350.963354,10963,idle,8013.8,878.5,945.1,,,0,0,0,0
2367142806206,1791128351.102632,11102,idle,2883.3,604.4,665.9,,,0,0,0,0
2367283351096,1791128351.243177,11243,idle,4710.0,1060.8,1117.5,,,0,0,0,0
2367422763994,1791128351.382590,11382,idle,1873.6,643.7,702.1,,,0,0,0,0
2367582592580,1791128351.542419,11542,idle,3043.9,1842.3,1867.7,,,0,0,0,0
2367724773968,1791128351.684600,11684,idle,1173.5,630.7,689.0,,,0,0,0,0
2367863765499,1791128351.823591,11823,idle,1713.0,643.6,697.7,,,0,0,0,0
2368004992944,1791128351.964818,11964,idle,15070.3,390.0,469.6,,,0,0,0,0
2368143758288,1791128352.103584,12103,idle,1880.2,648.8,702.2,,,0,0,0,0
2368283726414,1791128352.243552,12243,idle,1148.9,685.7,735.4,,,0,0,0,0
2368423673260,1791128352.383500,12383,idle,1087.9,741.9,782.8,,,0,0,0,0
2368579536087,1791128352.539362,12539,idle,2226.7,1895.4,1914.9,,,0,0,0,0
2368720654035,1791128352.680480,12680,idle,989.3,773.7,802.5,,,0,0,0,0
2368860681280,1791128352.820508,12820,idle,1038.8,735.9,770.8,,,0,0,0,0
2369000684276,1791128352.960510,12960,idle,11517.0,730.7,765.7,,,0,0,0,0
2369140648493,1791128353.100475,13100,idle,1018.0,771.1,804.1,,,0,0,0,0
2369280651101,1791128353.240477,13240,idle,1035.0,756.4,795.4,,,0,0,0,0
2369420664248,1791128353.380491,13380,idle,946.6,748.4,784.1,,,0,0,0,0
2369580532798,1791128353.540359,13540,idle,2118.1,1885.6,1913.8,,,0,0,0,0
2369721617387,1791128353.681444,13681,idle,1025.6,792.0,829.5,,,0,0,0,0
2369860648772,1791128353.820475,13820,idle,971.7,762.6,799.6,,,0,0,0,0
2370001701422,1791128353.961528,13961,idle,10354.4,721.8,740.9,,,0,0,0,0
2370140615279,1791128354.100442,14100,idle,1017.1,811.8,836.1,,,0,0,0,0
2370281717280,1791128354.241544,14241,idle,952.0,698.6,721.2,,,0,0,0,0
2370422114426,1791128354.381940,14381,idle,4258.7,266.8,329.3,,,0,0,0,0
2370584722628,1791128354.544548,14544,idle,4338.3,1681.6,1720.8,,,0,0,0,0
2370726594703,1791128354.686420,14686,idle,5831.8,792.3,847.4,,,0,0,0,0
2370864738806,1791128354.824565,14824,idle,7495.9,647.3,705.7,,,0,0,0,0
2371006733341,1791128354.966559,14966,idle,6049.4,644.3,708.2,,,0,0,0,0
2371145733919,1791128355.105560,105,idle,5329.4,646.2,707.3,,,0,0,0,0
2371289476543,1791128355.249302,249,idle,1871.1,902.1,962.6,,,0,0,0,0
2371436424422,1791128355.396250,396,idle,2452.5,951.9,1013.5,,,0,0,0,0
2371589223519,1791128355.549050,549,idle,763.3,170.0,212.2,,,0,0,0,0
2371727118025,1791128355.686944,686,idle,2173.8,893.6,1318.7,,,0,0,0,0
2371866459962,1791128355.826286,826,idle,2275.6,927.6,970.5,,,0,0,0,0
2372006670381,1791128355.966496,966,idle,13387.8,697.6,760.2,,,0,0,0,0
2372147044891,1791128356.106871,1106,idle,1329.5,321.0,388.9,,,0,0,0,0
2372287052834,1791128356.246878,1246,idle,2684.5,310.1,375.5,,,0,0,0,0
2372429120232,1791128356.388946,1388,idle,2749.7,244.3,303.2,,,0,0,0,0
2372787143080,1791128356.746969,1746,idle,7247.5,,,,,0,0,0,0
2372934223881,1791128356.894050,1894,idle,4845.0,,,,,0,0,0,0
2373074857130,1791128357.034683,2034,idle,1749.6,,,,,0,0,0,0
2373215291962,1791128357.175118,2175,idle,4781.6,,,,,0,0,0,0
2373355860832,1791128357.315687,2315,idle,6203.2,,,,,0,0,0,0
2373495030903,1791128357.454857,2454,idle,47019.2,,,,,0,0,0,0
2373638815970,1791128357.598642,2598,idle,3161.6,,,,,0,0,0,0
2373778909054,1791128357.738735,2738,idle,2588.5,,,,,0,0,0,0
2373918824260,1791128357.878650,2878,idle,4735.2,,,,,0,0,0,0
2374070749567,1791128358.030575,3030,idle,6660.8,,,,,0,0,0,0
2374213975150,1791128358.173801,3173,idle,837.1,,,,,0,0,0,0
2374352456268,1791128358.312282,3312,idle,3599.4,,,,,0,0,0,0
2374492450255,1791128358.452276,3452,idle,2993.5,,,,,0,0,0,0
2374631585628,1791128358.591411,3591,idle,6476.8,,,,,0,0,0,0
2374774193425,1791128358.734019,3734,idle,831.5,,,,,0,0,0,0
2374912210337,1791128358.872036,3872,idle,4867.9,,,,,0,0,0,0
2375071026315,1791128359.030852,4030,idle,5228.6,,,,,0,0,0,0
2375214559178,1791128359.174385,4174,idle,3468.5,,,,,0,0,0,0
2375351801067,1791128359.311627,4311,idle,2489.2,,,,,0,0,0,0
2375492052833,1791128359.451879,4451,idle,1762.4,,,,,0,0,0,0
2375631529676,1791128359.591355,4591,idle,1432.6,,,,,0,0,0,0
2375772632086,1791128359.732458,4732,idle,1432.1,,,,,0,0,0,0
2375913144471,1791128359.872970,4872,idle,626.6,,,,,0,0,0,0
2376071523725,1791128360.031350,5031,idle,2122.5,,,,,0,0,0,0
2376212004701,1791128360.171830,5171,idle,817.3,,,,,0,0,0,0
2376352896725,1791128360.312723,5312,idle,1006.9,,,,,0,0,0,0
2376491818314,1791128360.451644,5451,idle,1021.5,,,,,0,0,0,0
2376631719095,1791128360.591544,5591,idle,1339.8,,,,,0,0,0,0
2376773298604,1791128360.733124,5733,idle,1597.7,,,,,0,0,0,0
2376911682896,1791128360.871509,5871,idle,1686.9,,,,,0,0,0,0
2377070540098,1791128361.030366,6030,idle,4512.6,,,,,0,0,0,0
2377213993805,1791128361.173819,6173,idle,6320.8,,,,,0,0,0,0
2377352882085,1791128361.312708,6312,idle,908.8,,,,,0,0,0,0
2377491250509,1791128361.451076,6451,idle,1558.9,,,,,0,0,0,0
2377632137525,1791128361.591963,6591,idle,1046.4,,,,,0,0,0,0
2377770707658,1791128361.730534,6730,idle,1187.1,,,,,0,0,0,0
2377910762670,1791128361.870588,6870,idle,1112.1,,,,,0,0,0,0
2378071514930,1791128362.031341,7031,idle,5550.0,,,,,0,0,0,0
2378212864384,1791128362.172690,7172,idle,2008.5,,,,,0,0,0,0
2378354647015,1791128362.314472,7314,idle,2086.1,,,,,0,0,0,0
2378493503287,1791128362.453329,7453,idle,3193.4,,,,,0,0,0,0
2378631901973,1791128362.591728,7591,idle,8174.8,,,,,0,0,0,0
2378772663712,1791128362.732490,7732,idle,3391.0,,,,,0,0,0,0
2378912675296,1791128362.872501,7872,idle,3760.8,,,,,0,0,0,0
2379071495712,1791128363.031322,8031,idle,3550.7,,,,,0,0,0,0
2379214910423,1791128363.174736,8174,idle,1897.8,,,,,0,0,0,0
2379352946123,1791128363.312772,8312,idle,5105.3,,,,,0,0,0,0
2379493746953,1791128363.453573,8453,idle,2314.2,,,,,0,0,0,0
2379632046792,1791128363.591872,8591,idle,1265.7,,,,,0,0,0,0
2379773047610,1791128363.732873,8732,idle,6019.7,,,,,0,0,0,0
2379914241087,1791128363.874067,8874,idle,1489.8,,,,,0,0,0,0
2380069498752,1791128364.029325,9029,idle,2124.7,,,,,0,0,0,0
2380209637008,1791128364.169463,9169,idle,1009.5,,,,,0,0,0,0
2380349633306,1791128364.309459,9309,idle,1037.8,,,,,0,0,0,0
2380489654644,1791128364.449481,9449,idle,1024.3,,,,,0,0,0,0
2380629588622,1791128364.589415,9589,idle,1031.5,,,,,0,0,0,0
2380769574340,1791128364.729401,9729,idle,970.1,,,,,0,0,0,0
2380909585617,1791128364.869411,9869,idle,1004.3,,,,,0,0,0,0
2381069460890,1791128365.029287,10029,idle,2038.9,,,,,0,0,0,0
2381212194890,1791128365.172021,10172,tx,187982.5,,,,,1,0,0,1
2381500458328,1791128365.460285,10460,tx,43254.1,1877.9,1906.0,,,1,0,0,1
2381644440089,1791128365.604266,10604,tx,2096.2,1888.8,1909.0,,,1,0,0,1
2381784539067,1791128365.744365,10744,tx,968.8,776.2,808.3,,16358.5,1,0,0,1
2381924556307,1791128365.884382,10884,idle,1013.5,740.4,790.1,,,0,0,0,0
2382243430365,1791128366.203257,11203,idle,2080.5,,,,,0,0,0,0
2382381648089,1791128366.341474,11341,idle,928.1,,,,,0,0,0,0
2382521614641,1791128366.481441,11481,idle,962.3,,,,,0,0,0,0
2382661668872,1791128366.621495,11621,idle,894.3,,,,,0,0,0,0
2382801655333,1791128366.761482,11761,idle,932.5,,,,,0,0,0,0
2382941603095,1791128366.901429,11901,idle,988.4,,,,,0,0,0,0
2383079476652,1791128367.039303,12039,idle,1108.7,,,,,0,0,0,0
2383219571254,1791128367.179397,12179,idle,980.1,,,,,0,0,0,0
2383359553387,1791128367.319380,12319,idle,948.1,,,,,0,0,0,0
2383499624030,1791128367.459450,12459,idle,2645.8,,,,,0,0,0,0
2383639629623,1791128367.599456,12599,idle,898.7,,,,,0,0,0,0
2383779628976,1791128367.739455,12739,idle,987.4,,,,,0,0,0,0
2383919598779,1791128367.879425,12879,idle,888.8,,,,,0,0,0,0
2384069411042,1791128368.029237,13029,idle,2041.2,,,,,0,0,0,0
2384209534016,1791128368.169360,13169,idle,941.9,,,,,0,0,0,0
2384349555350,1791128368.309382,13309,idle,903.5,,,,,0,0,0,0
2384489535625,1791128368.449362,13449,idle,1044.4,,,,,0,0,0,0
2384629519100,1791128368.589345,13589,idle,919.5,,,,,0,0,0,0
2384769493845,1791128368.729320,13729,idle,1075.1,,,,,0,0,0,0
2384909502840,1791128368.869329,13869,idle,964.7,,,,,0,0,0,0
2385069416881,1791128369.029243,14029,idle,2011.5,,,,,0,0,0,0
2385210531080,1791128369.170357,14170,idle,946.9,,,,,0,0,0,0
2385350528206,1791128369.310354,14310,idle,1166.9,,,,,0,0,0,0
2385490510803,1791128369.450337,14450,idle,1030.8,,,,,0,0,0,0
2385630488260,1791128369.590314,14590,idle,988.5,,,,,0,0,0,0
2385770483057,1791128369.730309,14730,idle,967.2,,,,,0,0,0,0
2385910511523,1791128369.870338,14870,idle,968.4,,,,,0,0,0,0
2386069364494,1791128370.029191,29,idle,2159.8,,,,,0,0,0,0
2386210546304,1791128370.170372,170,idle,918.4,,,,,0,0,0,0
2386350499652,1791128370.310326,310,idle,1055.7,,,,,0,0,0,0
2386490540511,1791128370.450367,450,idle,966.0,,,,,0,0,0,0
2386630520839,1791128370.590347,590,idle,1039.3,,,,,0,0,0,0
2386770492088,1791128370.730318,730,idle,977.5,,,,,0,0,0,0
2386910541686,1791128370.870368,870,idle,991.5,,,,,0,0,0,0
2387069413818,1791128371.029240,1029,idle,2025.2,,,,,0,0,0,0
2387209484088,1791128371.169311,1169,idle,983.4,,,,,0,0,0,0
2387349501858,1791128371.309328,1309,idle,1078.7,,,,,0,0,0,0
2387489525788,1791128371.449352,1449,idle,1033.9,,,,,0,0,0,0
2387629493409,1791128371.589320,1589,idle,1115.3,,,,,0,0,0,0
2387769514179,1791128371.729340,1729,idle,1061.5,,,,,0,0,0,0
2387909493899,1791128371.869320,1869,idle,1147.3,,,,,0,0,0,0
2388069385016,1791128372.029211,2029,idle,2074.7,,,,,0,0,0,0
2388210523670,1791128372.170350,2170,idle,971.9,,,,,0,0,0,0
2388350528862,1791128372.310355,2310,idle,1309.0,,,,,0,0,0,0
2388490559534,1791128372.450386,2450,idle,962.5,,,,,0,0,0,0
2388630494777,1791128372.590321,2590,idle,1074.2,,,,,0,0,0,0
2388770481669,1791128372.730308,2730,idle,979.9,,,,,0,0,0,0
2388910536610,1791128372.870363,2870,idle,907.2,,,,,0,0,0,0
2389069388177,1791128373.029214,3029,idle,2087.2,,,,,0,0,0,0
2389210522413,1791128373.170349,3170,idle,932.1,,,,,0,0,0,0
2389350513926,1791128373.310340,3310,idle,1039.3,,,,,0,0,0,0
2389490495240,1791128373.450322,3450,idle,1076.2,,,,,0,0,0,0
2389630488364,1791128373.590315,3590,idle,1031.9,,,,,0,0,0,0
2389770491298,1791128373.730318,3730,idle,963.2,,,,,0,0,0,0
2389910549031,1791128373.870375,3870,idle,994.7,,,,,0,0,0,0
2390069379440,1791128374.029206,4029,idle,2112.9,,,,,0,0,0,0
2390209484495,1791128374.169311,4169,idle,1105.0,,,,,0,0,0,0
2390349498180,1791128374.309324,4309,idle,1344.1,,,,,0,0,0,0
2390489494576,1791128374.449321,4449,idle,1050.4,,,,,0,0,0,0
2390629543861,1791128374.589370,4589,idle,951.0,,,,,0,0,0,0
2390770517980,1791128374.730344,4730,idle,978.1,,,,,0,0,0,0
2390910494826,1791128374.870321,4870,idle,951.4,,,,,0,0,0,0
2391069445576,1791128375.029272,5029,idle,1965.9,,,,,0,0,0,0
2391210479625,1791128375.170305,5170,idle,1045.8,,,,,0,0,0,0
2391350451873,1791128375.310278,5310,idle,1063.6,,,,,0,0,0,0
2391490494850,1791128375.450321,5450,idle,1021.0,,,,,0,0,0,0
2391630456478,1791128375.590283,5590,idle,1043.3,,,,,0,0,0,0
2391770481175,1791128375.730307,5730,idle,965.9,,,,,0,0,0,0
2391910486632,1791128375.870313,5870,idle,951.6,,,,,0,0,0,0
2392069375595,1791128376.029202,6029,idle,2135.1,,,,,0,0,0,0
2392209445943,1791128376.169272,6169,idle,1028.1,,,,,0,0,0,0
2392349456712,1791128376.309283,6309,idle,967.3,,,,,0,0,0,0
2392489529211,1791128376.449356,6449,idle,903.2,,,,,0,0,0,0
2392629479530,1791128376.589306,6589,idle,940.2,,,,,0,0,0,0
2392769494789,1791128376.729321,6729,idle,1003.3,,,,,0,0,0,0
2392909435729,1791128376.869262,6869,idle,1078.5,,,,,0,0,0,0
2393069349016,1791128377.029175,7029,idle,2077.9,,,,,0,0,0,0
2393209494456,1791128377.169321,7169,idle,923.9,,,,,0,0,0,0
2393349451657,1791128377.309278,7309,idle,1053.2,,,,,0,0,0,0
2393489491948,1791128377.449318,7449,idle,1015.6,,,,,0,0,0,0
2393629452289,1791128377.589278,7589,idle,959.1,,,,,0,0,0,0
2393769535389,1791128377.729361,7729,idle,969.8,,,,,0,0,0,0
2393909467191,1791128377.869293,7869,idle,1021.4,,,,,0,0,0,0
2394077461982,1791128378.037288,8037,idle,4649.8,,,,,0,0,0,0
2394220480013,1791128378.180306,8180,idle,1986.4,,,,,0,0,0,0
2394358543470,1791128378.318370,8318,idle,1124.4,,,,,0,0,0,0
2394498747091,1791128378.458573,8458,idle,1810.9,,,,,0,0,0,0
2394639247980,1791128378.599074,8599,idle,3810.6,,,,,0,0,0,0
2394778677137,1791128378.738503,8738,idle,7974.5,,,,,0,0,0,0
2394918431231,1791128378.878257,8878,idle,3041.8,,,,,0,0,0,0
2395070387969,1791128379.030214,9030,idle,2906.8,,,,,0,0,0,0
2395213039095,1791128379.172865,9172,idle,7173.1,,,,,0,0,0,0
2395350531057,1791128379.310357,9310,idle,1821.4,,,,,0,0,0,0
2395490752880,1791128379.450579,9450,idle,1572.3,,,,,0,0,0,0
2395632115424,1791128379.591941,9591,idle,4937.0,,,,,0,0,0,0
2395771279465,1791128379.731106,9731,idle,1308.8,,,,,0,0,0,0
2395910819842,1791128379.870646,9870,idle,1964.1,,,,,0,0,0,0
2396072521433,1791128380.032347,10032,idle,2392.2,,,,,0,0,0,0
2396213550912,1791128380.173377,10173,idle,4516.7,,,,,0,0,0,0
2396353901885,1791128380.313728,10313,idle,789.5,,,,,0,0,0,0
2396493547324,1791128380.453373,10453,idle,3905.5,,,,,0,0,0,0
2396633535280,1791128380.593361,10593,idle,1190.1,,,,,0,0,0,0
2396773809274,1791128380.733635,10733,idle,808.5,,,,,0,0,0,0
2396913635112,1791128380.873461,10873,idle,2812.4,,,,,0,0,0,0
2397071361143,1791128381.031187,11031,idle,3338.7,,,,,0,0,0,0
2397212518512,1791128381.172334,11172,idle,4548.2,,,,,0,0,0,0
2397352545490,1791128381.312371,11312,idle,1287.1,,,,,0,0,0,0
2397492522988,1791128381.452349,11452,idle,2574.5,,,,,0,0,0,0
2397633114152,1791128381.592940,11592,idle,2458.3,,,,,0,0,0,0
2397772509704,1791128381.732336,11732,idle,2803.5,,,,,0,0,0,0
2397918048473,1791128381.877874,11877,decode,518.5,,,,,0,0,1,0
2398073362432,1791128382.033189,12033,idle,4693.7,,,,,0,0,0,0
2398214512584,1791128382.174339,12174,idle,3231.8,,,,,0,0,0,0
2398355109919,1791128382.314936,12314,idle,6127.2,,,,,0,0,0,0
2398494492053,1791128382.454318,12454,idle,1203.2,,,,,0,0,0,0
2398637212674,1791128382.597039,12597,idle,2300.3,,,,,0,0,0,0
2398775516035,1791128382.735342,12735,idle,1772.1,,,,,0,0,0,0
2398914771790,1791128382.874598,12874,idle,4855.9,,,,,0,0,0,0
2399071007195,1791128383.030833,13030,idle,6437.8,,,,,0,0,0,0
2399212597486,1791128383.172423,13172,idle,2123.8,,,,,0,0,0,0
2399350583391,1791128383.310409,13310,idle,4530.8,,,,,0,0,0,0
2399602284814,1791128383.562111,13562,tx,41910.1,923.1,952.5,,,1,0,0,1
2399743373858,1791128383.703200,13703,tx,4146.0,1840.1,1862.7,,,1,0,0,1
2399883653627,1791128383.843479,13843,tx,3786.8,519.6,572.1,,,1,0,0,1
2400052349186,1791128384.012175,14012,tx,5773.7,1855.5,1878.0,,,1,0,0,1
2400192662687,1791128384.152488,14152,tx,1712.2,403.0,561.4,,,1,0,0,1
2400333156647,1791128384.292983,14292,tx,3324.7,1003.1,1061.2,,,1,0,0,1
2400473103660,1791128384.432930,14432,tx,7336.4,1055.7,1113.6,,,1,0,0,1
2400616581239,1791128384.576407,14576,tx,1032.0,577.4,638.8,,,1,0,0,1
2400757690964,1791128384.717517,14717,tx,1316.2,469.0,530.5,,,1,0,0,1
2400897690047,1791128384.857516,14857,tx,9799.8,464.8,528.5,,,1,0,0,1
2401042576236,1791128385.002402,2,tx,5124.9,579.3,641.0,,,1,0,0,1
2401187114209,1791128385.146940,146,tx,2255.6,1044.3,1097.3,,,1,0,0,1
2401327486321,1791128385.287312,287,tx,1121.0,671.2,725.9,,,1,0,0,1
2401467514286,1791128385.427340,427,tx,1128.9,637.7,697.2,,,1,0,0,1
2401606564977,1791128385.566391,566,tx,1009.6,585.9,645.1,,,1,0,0,1
2401746518642,1791128385.706344,706,tx,3281.7,632.4,692.3,,,1,0,0,1
2401886489888,1791128385.846316,846,tx,1120.9,662.6,719.9,,,1,0,0,1
2402032469900,1791128385.992296,992,tx,1124.5,679.3,739.1,,,1,0,0,1
2402176562318,1791128386.136388,1136,tx,1114.9,580.5,652.3,,,1,0,0,1
2402316667984,1791128386.276494,1276,tx,907.8,480.2,540.3,,,1,0,0,1
2402456549781,1791128386.416376,1416,tx,1034.5,598.0,651.4,,,1,0,0,1
2402600517140,1791128386.560343,1560,tx,2086.4,641.1,683.2,,,1,0,0,1
2402740455377,1791128386.700281,1700,tx,1037.4,704.3,747.0,,,1,0,0,1
2402880453694,1791128386.840280,1840,tx,1025.4,706.3,743.3,,,1,0,0,1
2403020438741,1791128386.980265,1980,tx,1002.4,718.0,758.5,,,1,0,0,1
2403160402279,1791128387.120228,2120,tx,1137.3,752.5,797.0,,,1,0,0,1
2403300438827,1791128387.260265,2260,tx,1662.7,715.5,761.0,,,1,0,0,1
2403441403399,1791128387.401230,2401,tx,1080.5,751.0,790.4,,,1,0,0,1
2403580294435,1791128387.540121,2540,tx,2144.4,1866.3,1900.5,,,1,0,0,1
2403725605106,1791128387.685431,2685,tx,1762.9,531.3,594.0,,,1,0,0,1
2403872062089,1791128387.831888,2831,tx,2048.2,1051.9,1133.6,,,1,0,0,1
2404012477404,1791128387.972303,2972,tx,3965.6,652.6,714.7,,,1,0,0,1
2404151566301,1791128388.111392,3111,tx,5801.6,558.5,624.4,,,1,0,0,1
2404291565621,1791128388.251391,3251,tx,3134.3,570.3,630.8,,,1,0,0,1
2404434129743,1791128388.393956,3393,tx,1430.4,1007.8,1070.2,,,1,0,0,1
2404582286876,1791128388.542113,3542,tx,2149.1,1875.6,1905.9,,,1,0,0,1
2404722495204,1791128388.682321,3682,tx,945.8,655.6,696.8,,,1,0,0,1
2404862405435,1791128388.822232,3822,tx,1092.2,748.0,786.9,,,1,0,0,1
2405003422498,1791128388.963249,3963,tx,8610.5,731.4,769.4,,,1,0,0,1
2405143397779,1791128389.103224,4103,tx,955.8,761.3,793.2,,,1,0,0,1
2405283393341,1791128389.243220,4243,tx,1033.8,754.6,790.0,,,1,0,0,1
2405423379413,1791128389.383206,4383,tx,975.8,768.3,809.3,,,1,0,0,1
2405579269984,1791128389.539096,4539,tx,2087.8,1891.7,1915.5,,,1,0,0,1
2405720384898,1791128389.680211,4680,tx,983.1,771.3,801.6,,,1,0,0,1
2405860342480,1791128389.820169,4820,tx,1007.6,820.5,842.6,,,1,0,0,1
2406000336692,1791128389.960163,4960,tx,11615.3,823.9,846.6,,,1,0,0,1
2406140380295,1791128390.100207,5100,tx,956.1,779.3,803.6,,,1,0,0,1
2406280364568,1791128390.240191,5240,tx,957.7,781.0,818.2,,,1,0,0,1
2406420343122,1791128390.380169,5380,tx,980.3,808.0,838.4,,,1,0,0,1
2406579244044,1791128390.539070,5539,tx,2057.0,1907.8,1932.2,,,1,0,0,1
2406720362809,1791128390.680189,5680,tx,1033.2,800.7,820.3,,,1,0,0,1
2406860391883,1791128390.820218,5820,tx,1093.2,749.3,786.6,,,1,0,0,1
2407000430086,1791128390.960256,5960,tx,11608.7,662.2,741.8,,,1,0,0,1
2407140373531,1791128391.100200,6100,tx,1046.6,765.1,801.9,,,1,0,0,1
2407280357766,1791128391.240184,6240,tx,1007.0,788.9,814.5,,,1,0,0,1
2407420369091,1791128391.380195,6380,tx,1042.4,775.1,802.3,,,1,0,0,1
2407579245605,1791128391.539072,6539,tx,2140.5,1903.5,1924.8,,,1,0,0,1
2407720347453,1791128391.680174,6680,tx,1044.8,794.0,822.2,,,1,0,0,1
2407860343758,1791128391.820170,6820,tx,991.1,813.4,844.7,,,1,0,0,1
2408000326803,1791128391.960153,6960,tx,11334.8,816.3,839.8,,,1,0,0,1
2408139331137,1791128392.099157,7099,tx,1024.8,799.8,837.8,,,1,0,0,1
2408280367016,1791128392.240193,7240,tx,956.7,763.5,795.7,,,1,0,0,1
2408420358734,1791128392.380185,7380,tx,967.1,767.1,812.3,,,1,0,0,1
2408581205296,1791128392.541032,7541,tx,2113.9,1937.3,1955.5,,,1,0,0,1
2408721342892,1791128392.681169,7681,tx,982.9,799.3,818.9,,,1,0,0,1
2408861359128,1791128392.821186,7821,tx,948.4,784.1,804.6,,,1,0,0,1
2409001361095,1791128392.961187,7961,tx,10824.2,775.1,802.4,,,1,0,0,1
2409141317544,1791128393.101144,8101,tx,1014.7,813.1,843.6,,,1,0,0,1
2409281329192,1791128393.241156,8241,tx,980.0,799.9,830.5,,,1,0,0,1
2409421348701,1791128393.381175,8381,tx,1024.4,772.8,820.3,,,1,0,0,1
2409580238949,1791128393.540065,8540,tx,2049.9,1895.7,1920.5,,,1,0,0,1
2409720370636,1791128393.680197,8680,tx,1007.7,753.1,783.9,,,1,0,0,1
2409860352925,1791128393.820179,8820,tx,970.6,779.1,804.4,,,1,0,0,1
2410000047726,1791128393.959874,8959,tx,11685.5,1091.9,1108.6,,,1,0,0,1
2410140317114,1791128394.100143,9100,tx,962.6,807.9,838.0,,,1,0,0,1
2410280310094,1791128394.240136,9240,tx,967.9,822.3,843.2,,,1,0,0,1
2410420307745,1791128394.380134,9380,tx,968.4,816.1,846.2,,,1,0,0,1
2410579192984,1791128394.539019,9539,tx,4023.7,1939.4,1958.6,,,1,0,0,1
2410720366176,1791128394.680192,9680,tx,1029.7,761.2,799.9,,,1,0,0,1
2410860340707,1791128394.820167,9820,tx,968.3,794.5,823.2,,,1,0,0,1
2411000369757,1791128394.960196,9960,tx,11401.7,754.4,791.9,,,1,0,0,1
2411139336426,1791128395.099163,10099,tx,989.9,777.8,823.8,,,1,0,0,1
2411280301411,1791128395.240128,10240,tx,1054.3,831.1,849.8,,,1,0,0,1
2411420364153,1791128395.380190,10380,tx,1006.9,759.9,790.0,,,1,0,0,1
2411579214415,1791128395.539041,10539,tx,2062.4,1916.5,1942.5,,,1,0,0,1
2411720312889,1791128395.680139,10680,tx,1061.5,811.8,839.1,,,1,0,0,1
2411860305461,1791128395.820132,10820,tx,1065.9,816.6,838.4,,,1,0,0,1
2412000298363,1791128395.960125,10960,tx,11531.3,824.3,843.1,,,1,0,0,1
2412140313867,1791128396.100140,11100,tx,1070.5,802.1,838.9,,,1,0,0,1
2412280308630,1791128396.240135,11240,tx,1062.3,800.3,831.0,,,1,0,0,1
2412420349464,1791128396.380176,11380,tx,1090.3,757.4,802.5,,,1,0,0,1
2412579201538,1791128396.539028,11539,tx,2109.9,1912.7,1935.4,,,1,0,0,1
2412720346873,1791128396.680173,11680,tx,1175.2,749.3,789.7,,,1,0,0,1
2412860418447,1791128396.820245,11820,tx,1141.0,667.1,719.9,,,1,0,0,1
2413000352051,1791128396.960178,11960,tx,11324.9,751.5,782.4,,,1,0,0,1
2413140356436,1791128397.100183,12100,tx,1016.7,741.2,777.8,,,1,0,0,1
2413280478980,1791128397.240305,12240,tx,1106.6,602.6,660.1,,,1,0,0,1
2413421578138,1791128397.381404,12381,tx,2161.3,497.2,554.4,,,1,0,0,1
2413584276947,1791128397.544103,12544,tx,3782.5,1833.4,1857.6,,,1,0,0,1
2413726936275,1791128397.686762,12686,tx,664.8,136.2,196.4,,,1,0,0,1
2413864427387,1791128397.824253,12824,tx,5594.7,659.8,706.1,,,1,0,0,1
2414004502612,1791128397.964329,12964,tx,7614.8,566.7,630.7,,,1,0,0,1
2414145477862,1791128398.105304,13105,tx,4580.7,599.0,656.0,,,1,0,0,1
2414287433116,1791128398.247259,13247,tx,6619.6,635.5,693.0,,,1,0,0,1
2414424523863,1791128398.384350,13384,tx,2539.4,547.1,606.5,,,1,0,0,1
2414582257428,1791128398.542083,13542,tx,3798.9,1842.6,1869.0,,,1,0,0,1
2414722426224,1791128398.682252,13682,tx,5629.8,632.3,702.0,,,1,0,0,1
2414863045007,1791128398.822871,13822,tx,5088.2,1026.2,1083.0,,,1,0,0,1
2415004280546,1791128398.964106,13964,tx,7900.7,789.7,845.6,,,1,0,0,1
2415143434210,1791128399.103260,14103,tx,1233.2,624.0,690.2,,,1,0,0,1
2415283453219,1791128399.243279,14243,tx,1415.3,610.1,671.1,,,1,0,0,1
2415422402935,1791128399.382229,14382,tx,3652.9,660.1,715.0,,,1,0,0,1
2415584359613,1791128399.544186,14544,tx,5830.3,1727.1,1760.8,,,1,0,0,1
2415724844909,1791128399.684670,14684,tx,2095.0,212.7,276.1,,,1,0,0,1
2415864424510,1791128399.824250,14824,tx,6004.6,642.8,696.6,,,1,0,0,1
2416004398069,1791128399.964224,14964,tx,12151.5,661.7,720.4,,,1,0,0,1
2416144515599,1791128400.104342,104,tx,2536.1,543.1,601.9,,,1,0,0,1
2416284734698,1791128400.244561,244,tx,844.5,329.8,381.5,,,1,0,0,1
2416424660649,1791128400.384487,384,tx,3142.1,397.7,457.5,,,1,0,0,1
2416581259336,1791128400.541085,541,tx,2790.2,1822.9,1855.5,,,1,0,0,1
2416724144256,1791128400.683970,683,tx,4317.7,910.7,970.6,,,1,0,0,1
2416862403919,1791128400.822229,822,tx,1154.0,652.6,711.2,,,1,0,0,1
2417002783467,1791128400.962609,962,tx,10439.5,269.8,329.6,,,1,0,0,1
2417141637467,1791128401.101463,1101,tx,886.0,418.9,473.8,,,1,0,0,1
2417284491989,1791128401.244318,1244,tx,1050.0,559.9,617.7,,,1,0,0,1
2417425439365,1791128401.385265,1385,tx,1588.6,606.9,664.8,,,1,0,0,1
2417584238559,1791128401.544064,1544,tx,2335.4,1846.7,1869.5,,,1,0,0,1
2417725398473,1791128401.685225,1685,tx,1099.4,652.2,707.0,,,1,0,0,1
2417865425975,1791128401.825252,1825,tx,1052.3,625.0,679.0,,,1,0,0,1
2418004390774,1791128401.964216,1964,tx,7625.3,663.1,715.0,,,1,0,0,1
2418145386511,1791128402.105212,2105,tx,1092.3,666.0,718.2,,,1,0,0,1
2418285409625,1791128402.245235,2245,tx,1011.0,643.3,690.0,,,1,0,0,1
2418425311099,1791128402.385137,2385,tx,1049.5,752.4,789.7,,,1,0,0,1
2418579192248,1791128402.539018,2539,tx,2112.9,1876.5,1907.0,,,1,0,0,1
2418720294255,1791128402.680120,2680,tx,1005.5,770.4,804.6,,,1,0,0,1
2418860286219,1791128402.820113,2820,tx,1042.0,778.6,811.3,,,1,0,0,1
2419000274483,1791128402.960101,2960,tx,11691.5,793.0,820.3,,,1,0,0,1
2419140296448,1791128403.100123,3100,tx,981.7,759.8,798.5,,,1,0,0,1
2419280274383,1791128403.240101,3240,tx,979.3,789.7,814.5,,,1,0,0,1
2419420265789,1791128403.380092,3380,tx,1073.8,810.4,835.6,,,1,0,0,1
2419580132289,1791128403.539959,3539,tx,2092.4,1935.2,1955.3,,,1,0,0,1
2419720289964,1791128403.680116,3680,tx,1043.6,772.2,799.7,,,1,0,0,1
2419860278950,1791128403.820105,3820,tx,976.1,767.0,807.4,,,1,0,0,1
2420001298498,1791128403.961125,3961,tx,10559.3,752.2,794.0,,,1,0,0,1
2420141270105,1791128404.101096,4101,tx,987.8,776.5,815.4,,,1,0,0,1
2420283366838,1791128404.243193,4243,tx,1582.9,639.7,717.9,,,1,0,0,1
2420422411932,1791128404.382238,4382,tx,4957.8,624.0,674.5,,,1,0,0,1
2420581276781,1791128404.541103,4541,tx,2175.5,1778.9,1804.9,,,1,0,0,1
2420726337903,1791128404.686164,4686,tx,1182.2,698.5,748.9,,,1,0,0,1
2420871450666,1791128404.831277,4831,tx,3617.6,577.4,634.3,,,1,0,0,1
2421013274371,1791128404.973100,4973,tx,1798.1,752.9,811.4,,,1,0,0,1
2421151458752,1791128405.111284,5111,tx,2326.1,567.6,627.6,,,1,0,0,1
2421292818611,1791128405.252644,5252,tx,2176.2,200.7,265.7,,,1,0,0,1
2421435237994,1791128405.395064,5395,tx,3813.7,775.9,845.4,,,1,0,0,1
2421581219372,1791128405.541045,5541,tx,5840.3,1838.3,1859.0,,,1,0,0,1
2421722277594,1791128405.682103,5682,tx,2077.1,745.6,804.4,,,1,0,0,1
2421865401122,1791128405.825227,5825,tx,7675.0,619.8,679.3,,,1,0,0,1
2422012723621,1791128405.972549,5972,tx,2771.3,299.9,353.3,,,1,0,0,1
2422151568869,1791128406.111395,6111,tx,5129.1,442.1,504.9,,,1,0,0,1
2422293145409,1791128406.252971,6252,tx,3938.1,867.3,932.3,,,1,0,0,1
2422433503077,1791128406.393329,6393,tx,999.3,508.2,572.3,,,1,0,0,1
2422584272984,1791128406.544099,6544,tx,7013.7,1773.4,1804.0,,,1,0,0,1
2422724982860,1791128406.684809,6684,tx,1985.3,1025.6,1091.2,,,1,0,0,1
2422865409038,1791128406.825235,6825,tx,1647.3,604.3,662.6,,,1,0,0,1
2423004382956,1791128406.964209,6964,tx,8986.5,623.7,688.7,,,1,0,0,1
2423144408257,1791128407.104234,7104,tx,1235.0,599.3,657.8,,,1,0,0,1
2423285450612,1791128407.245276,7245,tx,1028.0,561.4,618.7,,,1,0,0,1
2423424802769,1791128407.384629,7384,tx,646.2,208.2,263.9,,,1,0,0,1
2423583156117,1791128407.542982,7542,tx,2892.3,859.0,905.3,,,1,0,0,1
2423725752372,1791128407.685577,7685,tx,5315.9,244.1,314.4,,,1,0,0,1
2423873076844,1791128407.832902,7832,tx,4216.3,914.1,990.6,,,1,0,0,1
2424011461608,1791128407.971287,7971,tx,1506.7,548.8,604.5,,,1,0,0,1
2424151471961,1791128408.111298,8111,tx,8599.7,525.4,587.4,,,1,0,0,1
2424292502478,1791128408.252328,8252,tx,984.1,499.4,560.2,,,1,0,0,1
2424432061645,1791128408.391887,8391,tx,1992.9,930.4,996.1,,,1,0,0,1
2424587267116,1791128408.547093,8547,tx,5793.7,766.6,792.0,,,1,0,0,1
2424726379126,1791128408.686205,8686,tx,1295.5,612.7,676.6,,,1,0,0,1
2424866419420,1791128408.826245,8826,tx,4650.3,580.0,638.9,,,1,0,0,1
2425010560426,1791128408.970386,8970,tx,2961.9,422.5,496.3,,,1,0,0,1
2425156740619,1791128409.116566,9116,tx,750.5,245.0,316.2,,,1,0,0,1
2425298597492,1791128409.258423,9258,tx,1355.1,387.5,456.6,,,1,0,0,1
2425438064961,1791128409.397891,9397,tx,5001.4,921.7,991.9,,,1,0,0,1
2425582188579,1791128409.542014,9542,tx,2308.4,1836.4,1865.0,,,1,0,0,1
2425724166421,1791128409.683992,9683,tx,3895.3,830.0,888.1,,,1,0,0,1
2425862330049,1791128409.822156,9822,tx,3481.7,660.8,721.3,,,1,0,0,1
2426003495317,1791128409.963321,9963,tx,12925.9,495.8,554.2,,,1,0,0,1
2426142124153,1791128410.101950,10101,tx,5997.5,855.5,921.5,,,1,0,0,1
2426282394419,1791128410.242220,10242,tx,990.3,598.6,649.4,,,1,0,0,1
2426423333220,1791128410.383159,10383,tx,1095.2,657.2,715.5,,,1,0,0,1
2426584077377,1791128410.543904,10543,tx,3970.1,923.7,964.0,,,1,0,0,1
2426723532998,1791128410.683359,10683,tx,2067.0,452.0,509.0,,,1,0,0,1
2426863349417,1791128410.823175,10823,tx,2118.0,637.9,694.1,,,1,0,0,1
2427005134852,1791128410.964961,10964,tx,17931.4,851.2,911.0,,,1,0,0,1
2427146121374,1791128411.105947,11105,tx,2301.8,866.1,921.7,,,1,0,0,1
2427283305961,1791128411.243132,11243,tx,2097.5,685.6,737.7,,,1,0,0,1
2427424111625,1791128411.383938,11383,tx,1354.5,871.4,925.6,,,1,0,0,1
2427581178829,1791128411.541005,11541,tx,3622.7,1832.3,1857.9,,,1,0,0,1
2427722399320,1791128411.682225,11682,tx,1246.2,590.9,640.9,,,1,0,0,1
2427861482455,1791128411.821308,11821,tx,1780.3,503.8,557.4,,,1,0,0,1
2428004863351,1791128411.964689,11964,tx,12213.5,1112.1,1176.0,,,1,0,0,1
2428142066120,1791128412.101892,12101,tx,1599.1,898.9,970.5,,,1,0,0,1
2428281381495,1791128412.241207,12241,tx,1074.6,593.1,654.8,,,1,0,0,1
2428422362319,1791128412.382188,12382,tx,1708.8,607.8,669.6,,,1,0,0,1
2428582170886,1791128412.541997,12541,tx,2329.4,1840.2,1863.7,,,1,0,0,1
2428728367205,1791128412.688193,12688,tx,1055.9,590.9,661.7,,,1,0,0,1
2428872526928,1791128412.832352,12832,tx,1140.4,430.5,506.7,,,1,0,0,1
2429012511259,1791128412.972337,12972,tx,11842.0,448.2,515.1,,,1,0,0,1
2429153460104,1791128413.113286,13113,tx,6852.1,498.0,569.9,,,1,0,0,1
2429294857057,1791128413.254683,13254,tx,1758.7,1102.3,1172.2,,,1,0,0,1
2429432974572,1791128413.392800,13392,tx,1705.6,980.5,1055.6,,,1,0,0,1
2429583171646,1791128413.542998,13542,tx,2303.0,1820.1,1851.5,,,1,0,0,1
2429723678814,1791128413.683504,13683,tx,7610.4,280.8,345.6,,,1,0,0,1
2429865523094,1791128413.825349,13825,tx,979.4,441.6,495.2,,,1,0,0,1
2430004324494,1791128413.964150,13964,tx,13401.6,639.0,700.4,,,1,0,0,1
2430143126396,1791128414.102952,14102,tx,1350.4,839.4,898.2,,,1,0,0,1
2430283287549,1791128414.243114,14243,tx,1110.6,689.1,740.8,,,1,0,0,1
2430423284233,1791128414.383110,14383,tx,1051.3,688.4,731.4,,,1,0,0,1
2430580118054,1791128414.539944,14539,tx,2179.3,1868.0,1899.5,,,1,0,0,1
2430720250027,1791128414.680076,14680,tx,983.8,725.7,765.4,,,1,0,0,1
2430860231841,1791128414.820058,14820,tx,1028.0,751.9,787.0,,,1,0,0,1
2431000229444,1791128414.960055,14960,tx,11554.6,741.2,786.0,,,1,0,0,1
2431141236823,1791128415.101063,101,tx,1034.2,747.0,777.7,,,1,0,0,1
2431280212985,1791128415.240039,240,tx,1058.0,762.8,798.8,,,1,0,0,1
2431420242820,1791128415.380069,380,tx,1065.8,720.4,768.8,,,1,0,0,1
2431579143150,1791128415.538970,538,tx,2120.0,1841.4,1870.3,,,1,0,0,1
2431720289177,1791128415.680115,680,tx,1047.5,672.2,719.9,,,1,0,0,1
2431860241943,1791128415.820068,820,tx,1104.3,725.3,766.5,,,1,0,0,1
2432000234979,1791128415.960061,960,tx,11339.1,727.0,772.2,,,1,0,0,1
2432139230272,1791128416.099057,1099,tx,1076.0,743.5,776.0,,,1,0,0,1
2432280240572,1791128416.240067,1240,tx,1032.6,725.6,765.1,,,1,0,0,1
2432420222840,1791128416.380049,1380,tx,1047.4,750.0,782.4,,,1,0,0,1
2432579114141,1791128416.538940,1538,tx,2079.8,1847.6,1888.9,,,1,0,0,1
2432720191191,1791128416.680018,1680,tx,1024.5,784.2,812.7,,,1,0,0,1
2432860201188,1791128416.820028,1820,tx,965.8,775.8,803.1,,,1,0,0,1
2433000207895,1791128416.960034,1960,tx,11632.6,760.2,792.7,,,1,0,0,1
2433140184213,1791128417.100010,2100,tx,1011.0,789.5,818.2,,,1,0,0,1
2433280182422,1791128417.240009,2240,tx,1027.0,793.1,819.6,,,1,0,0,1
2433420186931,1791128417.380013,2380,tx,1066.1,770.8,810.7,,,1,0,0,1
2433580075197,1791128417.539901,2539,tx,2168.8,1895.7,1920.9,,,1,0,0,1
2433721245888,1791128417.681072,2681,tx,1006.4,711.4,750.9,,,1,0,0,1
2433861238937,1791128417.821065,2821,tx,1009.2,719.3,756.3,,,1,0,0,1
2434001174656,1791128417.961001,2961,tx,10758.6,781.1,819.2,,,1,0,0,1
2434141189606,1791128418.101016,3101,tx,1048.6,759.5,801.6,,,1,0,0,1
2434281232696,1791128418.241059,3241,tx,995.0,715.7,758.9,,,1,0,0,1
2434421168547,1791128418.380995,3380,tx,1044.8,784.6,823.5,,,1,0,0,1
2434580063342,1791128418.539889,3539,tx,2074.2,1896.0,1928.0,,,1,0,0,1
2434721223024,1791128418.681049,3681,tx,932.8,744.9,767.5,,,1,0,0,1
2434861201775,1791128418.821028,3821,tx,1034.7,761.0,799.7,,,1,0,0,1
2435001171615,1791128418.960998,3960,tx,10733.3,790.3,815.3,,,1,0,0,1
2435141171077,1791128419.100997,4100,tx,976.0,792.7,815.7,,,1,0,0,1
2435281174669,1791128419.241001,4241,tx,1086.2,783.6,811.9,,,1,0,0,1
2435421145601,1791128419.380972,4380,tx,1086.0,801.7,839.8,,,1,0,0,1
2435579057264,1791128419.538884,4538,tx,2172.0,1895.1,1922.4,,,1,0,0,1
2435720185699,1791128419.680012,4680,tx,999.9,768.8,800.2,,,1,0,0,1
2435860160871,1791128419.819987,4819,tx,965.2,795.0,819.6,,,1,0,0,1
2436000155163,1791128419.959981,4959,tx,11273.3,799.5,823.2,,,1,0,0,1
2436139175923,1791128420.099002,5099,tx,1031.7,776.0,803.3,,,1,0,0,1
2436280150490,1791128420.239977,5239,tx,1137.1,792.1,824.2,,,1,0,0,1
2436420157663,1791128420.379984,5379,tx,974.5,795.4,821.3,,,1,0,0,1
2436579064142,1791128420.538890,5538,tx,2128.5,1877.9,1914.5,,,1,0,0,1
2436720183798,1791128420.680010,5680,tx,1091.7,765.0,804.5,,,1,0,0,1
2436860164182,1791128420.819991,5819,tx,973.3,784.9,809.5,,,1,0,0,1
2437000165405,1791128420.959991,5959,tx,11593.4,777.0,807.9,,,1,0,0,1
2437140157010,1791128421.099983,6099,tx,1072.5,784.1,816.6,,,1,0,0,1
2437280142816,1791128421.239969,6239,tx,970.2,806.3,828.3,,,1,0,0,1
2437420185000,1791128421.380011,6380,tx,1035.8,756.5,797.6,,,1,0,0,1
2437579068091,1791128421.538895,6538,tx,2180.3,1871.9,1901.0,,,1,0,0,1
2437720171759,1791128421.679998,6679,tx,1039.6,772.9,797.3,,,1,0,0,1
2437860166424,1791128421.819993,6819,tx,1083.8,774.5,801.1,,,1,0,0,1
2438000160249,1791128421.959987,6959,tx,11357.2,773.8,805.7,,,1,0,0,1
2438140172696,1791128422.099999,7099,tx,1045.8,754.6,793.2,,,1,0,0,1
2438280149723,1791128422.239976,7239,tx,1078.7,782.5,818.3,,,1,0,0,1
2438420196099,1791128422.380022,7380,tx,1029.2,733.5,768.9,,,1,0,0,1
2438580017395,1791128422.539844,7539,tx,2067.4,1920.5,1943.2,,,1,0,0,1
2438721153275,1791128422.680980,7680,tx,1094.5,777.7,814.0,,,1,0,0,1
2438861142702,1791128422.820969,7820,tx,981.3,792.7,817.8,,,1,0,0,1
2439001067359,1791128422.960894,7960,tx,10684.4,862.2,893.6,,,1,0,0,1
2439141135276,1791128423.100962,8100,tx,965.7,798.5,823.4,,,1,0,0,1
2439281150605,1791128423.240977,8240,tx,1098.9,773.5,808.6,,,1,0,0,1
2439420151010,1791128423.379977,8379,tx,982.1,781.8,806.2,,,1,0,0,1
2439580031137,1791128423.539857,8539,tx,2186.9,1901.0,1924.4,,,1,0,0,1
2439721149399,1791128423.680976,8680,tx,1126.8,771.8,807.1,,,1,0,0,1
2439861206857,1791128423.821033,8821,tx,996.9,708.8,748.1,,,1,0,0,1
2440000142562,1791128423.959969,8959,tx,11692.8,787.0,810.8,,,1,0,0,1
2440141147485,1791128424.100974,9100,tx,1098.1,764.4,804.6,,,1,0,0,1
2440281197475,1791128424.241024,9241,tx,965.3,713.2,751.8,,,1,0,0,1
2440421137995,1791128424.380964,9380,tx,964.3,775.2,812.7,,,1,0,0,1
2440580032331,1791128424.539859,9539,tx,2116.3,1891.9,1918.1,,,1,0,0,1
2440720127641,1791128424.679954,9679,tx,1075.2,797.8,821.3,,,1,0,0,1
2440860128001,1791128424.819954,9819,tx,1059.8,791.1,819.8,,,1,0,0,1
2441000160411,1791128424.959987,9959,tx,11366.9,758.0,785.9,,,1,0,0,1
2441140081513,1791128425.099908,10099,tx,1001.1,842.4,865.7,,,1,0,0,1
2441280077404,1791128425.239904,10239,tx,1004.3,847.5,869.2,,,1,0,0,1
2441420072596,1791128425.379899,10379,tx,1003.0,846.9,870.2,,,1,0,0,1
2441580023817,1791128425.539850,10539,tx,2050.2,1885.9,1918.8,,,1,0,0,1
2441720166248,1791128425.679993,10679,tx,977.7,743.7,774.1,,,1,0,0,1
2441860195699,1791128425.820022,10820,tx,921.1,721.5,749.3,,,1,0,0,1
2442000066482,1791128425.959893,10959,tx,11797.8,852.7,874.0,,,1,0,0,1
2442140176924,1791128426.100003,11100,tx,890.7,731.5,762.7,,,1,0,0,1
2442280178927,1791128426.240005,11240,tx,994.0,727.7,759.9,,,1,0,0,1
2442420159380,1791128426.379986,11379,tx,1018.5,751.8,788.7,,,1,0,0,1
2442580060783,1791128426.539887,11539,tx,2023.9,1836.2,1874.9,,,1,0,0,1
2442720073277,1791128426.679900,11679,tx,1119.4,834.2,860.1,,,1,0,0,1
2442860179509,1791128426.820006,11820,tx,1007.6,722.1,755.5,,,1,0,0,1
2443000141543,1791128426.959968,11959,tx,11534.0,766.7,792.6,,,1,0,0,1
2443141084731,1791128427.100911,12100,tx,1003.2,823.5,849.7,,,1,0,0,1
2443280136352,1791128427.239962,12239,tx,982.2,757.9,792.1,,,1,0,0,1
2443420154837,1791128427.379981,12379,tx,1030.6,757.7,785.5,,,1,0,0,1
2443579025358,1791128427.538852,12538,tx,2109.9,1876.7,1904.0,,,1,0,0,1
2443720154806,1791128427.679981,12679,tx,959.7,724.7,770.3,,,1,0,0,1
2443860142111,1791128427.819968,12819,tx,1002.9,757.5,785.0,,,1,0,0,1
2444001264968,1791128427.961091,12961,tx,12174.6,615.3,664.2,,,1,0,0,1
2444142640165,1791128428.102466,13102,tx,666.7,235.3,289.5,,,1,0,0,1
2444280213798,1791128428.240040,13240,tx,1836.0,662.0,711.8,,,1,0,0,1
2444421043589,1791128428.380869,13380,tx,5532.1,835.1,886.5,,,1,0,0,1
2444586044732,1791128428.545871,13545,tx,2292.1,1846.7,1878.6,,,1,0,0,1
2444728898900,1791128428.688725,13688,tx,1499.5,974.4,1029.0,,,1,0,0,1
2444868254441,1791128428.828080,13828,tx,4802.3,626.8,671.4,,,1,0,0,1
2445006227621,1791128428.966054,13966,tx,7262.1,642.7,695.9,,,1,0,0,1
2445147201492,1791128429.107028,14107,tx,1197.5,669.9,722.6,,,1,0,0,1
2445288404742,1791128429.248231,14248,tx,1645.4,465.0,516.3,,,1,0,0,1
2445426238764,1791128429.386064,14386,tx,1722.3,627.4,684.6,,,1,0,0,1
2445584038696,1791128429.543865,14543,tx,2335.4,1858.6,1882.0,,,1,0,0,1
2445727130844,1791128429.686957,14686,tx,3285.6,730.1,789.0,,,1,0,0,1
2445864235571,1791128429.824061,14824,tx,1098.0,628.6,682.6,,,1,0,0,1
2446004743026,1791128429.964569,14964,tx,6980.8,1117.8,1178.6,,,1,0,0,1
2446145268842,1791128430.105094,105,tx,1717.1,592.6,652.5,,,1,0,0,1
2446286343305,1791128430.246169,246,tx,5600.2,509.4,575.1,,,1,0,0,1
2446425192072,1791128430.385018,385,tx,2979.7,667.5,724.8,,,1,0,0,1
2446583439153,1791128430.543265,543,tx,1040.1,418.6,469.1,,,1,0,0,1
2446724222877,1791128430.684049,684,tx,6854.2,634.3,690.8,,,1,0,0,1
2446863200434,1791128430.823026,823,tx,5151.4,655.6,712.0,,,1,0,0,1
2447003118304,1791128430.962944,962,tx,12370.2,737.2,792.6,,,1,0,0,1
2447141569025,1791128431.101395,1101,tx,1598.5,289.9,341.3,,,1,0,0,1
2447282796008,1791128431.242622,1242,tx,2694.5,1054.5,1111.9,,,1,0,0,1
2447422478531,1791128431.382304,1382,tx,6628.4,364.3,429.9,,,1,0,0,1
2447580043568,1791128431.539870,1539,tx,4003.7,1841.2,1864.3,,,1,0,0,1
2447721776219,1791128431.681602,1681,tx,1981.1,1076.0,1129.9,,,1,0,0,1
2447863361679,1791128431.823187,1823,tx,5614.7,484.2,543.6,,,1,0,0,1
2448001224705,1791128431.961051,1961,tx,14172.4,624.4,679.2,,,1,0,0,1
2448141248867,1791128432.101075,2101,tx,1995.7,601.6,655.6,,,1,0,0,1
2448281702637,1791128432.241529,2241,tx,633.4,148.6,200.9,,,1,0,0,1
2448423331019,1791128432.383157,2383,tx,3049.1,517.0,570.7,,,1,0,0,1
2448580034004,1791128432.539860,2539,tx,2240.5,1832.5,1868.6,,,1,0,0,1
2448726132367,1791128432.685958,2685,tx,1345.8,705.8,770.6,,,1,0,0,1
2448873038765,1791128432.832864,2832,tx,5032.2,786.7,863.3,,,1,0,0,1
2449011726536,1791128432.971552,2971,tx,6815.2,1105.8,1171.3,,,1,0,0,1
2449151295643,1791128433.111121,3111,tx,1106.1,523.2,598.6,,,1,0,0,1
2449291303317,1791128433.251129,3251,tx,1168.0,520.8,597.5,,,1,0,0,1
2449434465251,1791128433.394291,3394,tx,1173.0,361.2,431.1,,,1,0,0,1
2449582017857,1791128433.541844,3541,tx,2239.8,1843.0,1876.4,,,1,0,0,1
2449725482329,1791128433.685308,3685,tx,982.1,328.1,413.6,,,1,0,0,1
2449872280010,1791128433.832105,3832,tx,1117.1,540.2,615.1,,,1,0,0,1
2450012301544,1791128433.972127,3972,tx,928.6,534.2,587.3,,,1,0,0,1
2450152344959,1791128434.112170,4112,tx,1040.6,473.5,546.7,,,1,0,0,1
2450295528425,1791128434.255354,4255,tx,771.3,280.5,361.8,,,1,0,0,1
2450432643579,1791128434.392469,4392,tx,6426.0,171.3,247.7,,,1,0,0,1
2450581214430,1791128434.541040,4541,tx,5845.3,1637.8,1673.8,,,1,0,0,1
2450725380389,1791128434.685206,4685,tx,2791.4,441.6,507.7,,,1,0,0,1
2450871415276,1791128434.831241,4831,tx,1071.2,393.8,471.1,,,1,0,0,1
2451011328053,1791128434.971154,4971,tx,1892.3,496.3,559.5,,,1,0,0,1
2451152153915,1791128435.111979,5111,tx,2899.1,665.6,733.3,,,1,0,0,1
2451293686072,1791128435.253512,5253,tx,4985.8,135.3,198.0,,,1,0,0,1
2451432053070,1791128435.391879,5391,tx,1266.2,762.9,828.2,,,1,0,0,1
2451579996557,1791128435.539823,5539,tx,2338.6,1846.0,1885.3,,,1,0,0,1
2451722111481,1791128435.681937,5681,tx,1155.3,706.9,766.0,,,1,0,0,1
2451861194674,1791128435.821020,5821,tx,1103.2,629.9,686.0,,,1,0,0,1
2452001097092,1791128435.960923,5960,tx,10763.6,736.3,778.0,,,1,0,0,1
2452141137361,1791128436.100963,6100,tx,1149.1,682.5,737.9,,,1,0,0,1
2452281091440,1791128436.240917,6240,tx,1109.1,737.7,782.0,,,1,0,0,1
2452421439857,1791128436.381266,6381,tx,733.3,385.0,433.1,,,1,0,0,1
2452579976147,1791128436.539802,6539,tx,2127.3,1862.7,1897.6,,,1,0,0,1
2452720087606,1791128436.679914,6679,tx,1112.8,742.1,785.8,,,1,0,0,1
2452860111614,1791128436.819937,6819,tx,1079.7,713.0,761.4,,,1,0,0,1
2453000118144,1791128436.959944,6959,tx,11767.4,697.5,755.1,,,1,0,0,1
2453141085548,1791128437.100912,7100,tx,1084.4,741.3,782.8,,,1,0,0,1
2453280027425,1791128437.239854,7239,tx,1160.5,792.4,838.6,,,1,0,0,1
2453420271804,1791128437.380098,7380,tx,1013.3,526.6,600.2,,,1,0,0,1
2453582017885,1791128437.541844,7541,tx,2225.7,1813.3,1852.2,,,1,0,0,1
2453724048833,1791128437.683874,7683,tx,5495.7,758.5,819.8,,,1,0,0,1
2453869168561,1791128437.828994,7828,tx,3702.4,639.1,698.8,,,1,0,0,1
2454015129263,1791128437.974955,7974,tx,1926.3,677.7,732.3,,,1,0,0,1
2454153221148,1791128438.113047,8113,tx,1038.4,585.8,644.2,,,1,0,0,1
2454293196540,1791128438.253023,8253,tx,1026.9,614.2,668.3,,,1,0,0,1
2454433186472,1791128438.393012,8393,tx,1038.1,625.1,674.3,,,1,0,0,1
2454578954018,1791128438.538780,8538,tx,2099.8,1874.1,1904.3,,,1,0,0,1
2454720086163,1791128438.679913,8679,tx,1003.8,731.9,773.8,,,1,0,0,1
2454860015445,1791128438.819842,8819,tx,1069.2,813.3,844.1,,,1,0,0,1
2455000090157,1791128438.959916,8959,tx,11309.5,721.1,766.0,,,1,0,0,1
2455139012587,1791128439.098839,9098,tx,1005.5,811.3,842.7,,,1,0,0,1
2455280020965,1791128439.239847,9239,tx,999.3,787.3,839.9,,,1,0,0,1
2455420069898,1791128439.379896,9379,tx,916.9,745.7,783.9,,,1,0,0,1
2455579947535,1791128439.539774,9539,tx,2055.9,1855.8,1902.2,,,1,0,0,1
2455721072392,1791128439.680899,9680,tx,933.2,761.9,784.8,,,1,0,0,1
2455861018196,1791128439.820845,9820,tx,1065.9,811.4,835.0,,,1,0,0,1
2456001029180,1791128439.960855,9960,tx,10310.1,788.7,822.7,,,1,0,0,1
2456140032551,1791128440.099859,10099,tx,970.9,791.2,818.7,,,1,0,0,1
2456281002630,1791128440.240829,10240,tx,1061.8,823.4,846.9,,,1,0,0,1
2456421028685,1791128440.380855,10380,tx,992.8,781.6,831.8,,,1,0,0,1
2456579930220,1791128440.539757,10539,tx,2084.1,1900.6,1925.3,,,1,0,0,1
2456719991455,1791128440.679818,10679,tx,990.2,827.8,850.0,,,1,0,0,1
2456860017870,1791128440.819844,10819,tx,988.2,803.4,826.3,,,1,0,0,1
2456999999446,1791128440.959826,10959,tx,11312.0,821.1,845.4,,,1,0,0,1
2457140016402,1791128441.099842,11099,tx,949.2,795.3,828.2,,,1,0,0,1
2457280017369,1791128441.239844,11239,tx,1020.8,793.5,821.8,,,1,0,0,1
2457420045186,1791128441.379872,11379,tx,1031.6,760.1,796.7,,,1,0,0,1
2457579955496,1791128441.539782,11539,tx,2131.3,1845.0,1880.9,,,1,0,0,1
2457721013126,1791128441.680840,11680,tx,1068.5,789.5,838.4,,,1,0,0,1
2457860995783,1791128441.820822,11820,tx,1061.5,820.5,842.7,,,1,0,0,1
2458001009000,1791128441.960835,11960,tx,10351.5,808.5,828.6,,,1,0,0,1
2458140060434,1791128442.099887,12099,tx,931.8,744.9,775.8,,,1,0,0,1
2458280066283,1791128442.239892,12239,tx,950.8,736.6,778.9,,,1,0,0,1
2458421033275,1791128442.380859,12380,tx,963.2,762.2,810.7,,,1,0,0,1
2458579923413,1791128442.539750,12539,tx,2020.4,1869.1,1905.8,,,1,0,0,1
2458720992025,1791128442.680818,12680,tx,1090.3,815.1,840.9,,,1,0,0,1
2458860984864,1791128442.820811,12820,tx,984.0,824.2,846.7,,,1,0,0,1
2459001011832,1791128442.960838,12960,tx,10703.3,789.1,820.3,,,1,0,0,1
2459141032161,1791128443.100858,13100,tx,910.9,767.5,798.1,,,1,0,0,1
2459281007462,1791128443.240834,13240,tx,989.7,794.5,821.7,,,1,0,0,1
2459421264860,1791128443.381091,13381,tx,699.6,532.4,558.9,,,1,0,0,1
2459579928151,1791128443.539754,13539,tx,2016.6,1865.2,1900.4,,,1,0,0,1
2459721028035,1791128443.680854,13680,tx,1054.9,762.5,798.3,,,1,0,0,1
2459860970135,1791128443.820796,13820,tx,1093.9,836.6,855.6,,,1,0,0,1
2460001008895,1791128443.960835,13960,tx,10336.8,785.2,816.1,,,1,0,0,1
2460140009262,1791128444.099836,14099,tx,1013.5,783.2,814.5,,,1,0,0,1
2460280985738,1791128444.240812,14240,tx,992.7,804.5,838.4,,,1,0,0,1
2460421005299,1791128444.380831,14380,tx,1029.4,773.5,815.4,,,1,0,0,1
2460578879628,1791128444.538706,14538,tx,2195.1,1923.5,1944.9,,,1,0,0,1
2460719988032,1791128444.679814,14679,tx,995.8,789.5,828.8,,,1,0,0,1
2460860010964,1791128444.819837,14819,tx,946.3,785.9,808.2,,,1,0,0,1
2460999977815,1791128444.959804,14959,tx,11571.5,805.0,840.3,,,1,0,0,1
2461139957638,1791128445.099784,99,tx,1115.5,838.3,859.5,,,1,0,0,1
2461279961591,1791128445.239788,239,tx,1060.9,830.9,855.5,,,1,0,0,1
2461419985644,1791128445.379812,379,tx,1071.2,812.3,830.5,,,1,0,0,1
2461578893688,1791128445.538720,538,tx,2141.3,1891.3,1921.0,,,1,0,0,1
2461720013564,1791128445.679840,679,tx,990.6,774.4,805.1,,,1,0,0,1
2461860013177,1791128445.819839,819,tx,1073.8,763.1,795.0,,,1,0,0,1
2462000026700,1791128445.959852,959,tx,11277.0,743.8,784.5,,,1,0,0,1
2462139006511,1791128446.098833,1098,tx,948.2,774.5,806.4,,,1,0,0,1
2462280016059,1791128446.239842,1239,tx,1073.7,766.4,801.8,,,1,0,0,1
2462420092883,1791128446.379919,1379,tx,1049.6,656.4,712.6,,,1,0,0,1
2462578893379,1791128446.538720,1538,tx,2118.5,1884.4,1914.3,,,1,0,0,1
2462720027397,1791128446.679854,1679,tx,961.6,744.1,782.4,,,1,0,0,1
2462860111511,1791128446.819937,1819,tx,1229.2,640.6,700.9,,,1,0,0,1
2463002689379,1791128446.962515,1962,tx,13370.2,1064.5,1120.9,,,1,0,0,1
2463145272699,1791128447.105098,2105,tx,968.7,471.0,532.7,,,1,0,0,1
2463282468343,1791128447.242294,2242,tx,3210.9,275.4,336.0,,,1,0,0,1
2463423053775,1791128447.382879,2382,tx,1157.6,692.2,749.0,,,1,0,0,1
2463583201544,1791128447.543027,2543,tx,3202.4,1573.9,1600.1,,,1,0,0,1
2463726049413,1791128447.685875,2685,tx,1377.8,696.7,760.1,,,1,0,0,1
2463863209407,1791128447.823035,2823,tx,4861.4,545.4,598.1,,,1,0,0,1
2464003050884,1791128447.962877,2962,tx,24645.7,688.5,748.3,,,1,0,0,1
2464142515435,1791128448.102341,3102,tx,678.1,254.2,282.9,,,1,0,0,1
2464284470260,1791128448.244296,3244,tx,5598.9,271.1,328.5,,,1,0,0,1
2464424279949,1791128448.384106,3384,tx,2129.1,459.7,519.8,,,1,0,0,1
2464583929823,1791128448.543756,3543,tx,5168.8,1839.7,1867.6,,,1,0,0,1
2464724129480,1791128448.683955,3683,tx,1074.5,613.8,670.5,,,1,0,0,1
2464864133888,1791128448.823960,3823,tx,6932.0,606.5,661.0,,,1,0,0,1
2465005527977,1791128448.965354,3965,tx,7547.9,179.8,262.4,,,1,0,0,1
2465143911496,1791128449.103737,4103,tx,1277.0,824.4,879.8,,,1,0,0,1
2465284094824,1791128449.243921,4243,tx,3958.8,641.6,701.5,,,1,0,0,1
2465425576154,1791128449.385402,4385,tx,6558.8,164.1,218.8,,,1,0,0,1
2465580932177,1791128449.540757,4540,tx,3485.9,1832.6,1861.2,,,1,0,0,1
2465722942943,1791128449.682769,4682,tx,1271.6,791.3,845.7,,,1,0,0,1
2465862103348,1791128449.821929,4821,tx,1285.2,633.9,688.8,,,1,0,0,1
2466005120998,1791128449.964947,4964,tx,6604.2,609.1,666.7,,,1,0,0,1
2466152197884,1791128450.112024,5112,tx,1749.0,524.9,593.3,,,1,0,0,1
2466295058667,1791128450.254884,5254,tx,1175.6,664.8,731.2,,,1,0,0,1
2466434203914,1791128450.394030,5394,tx,3505.1,520.2,583.5,,,1,0,0,1
2466584981137,1791128450.544807,5544,tx,1380.4,759.0,805.5,,,1,0,0,1
2466725847072,1791128450.685673,5685,tx,2223.4,881.8,940.2,,,1,0,0,1
2466865259347,1791128450.825085,5825,tx,1855.1,468.0,526.6,,,1,0,0,1
2467005777064,1791128450.965603,5965,tx,6464.6,949.5,1009.4,,,1,0,0,1
2467145904035,1791128451.105730,6105,tx,2944.4,821.3,876.5,,,1,0,0,1
2467285803289,1791128451.245629,6245,tx,5252.3,922.2,979.4,,,1,0,0,1
2467425756991,1791128451.385583,6385,tx,6677.7,959.9,1025.5,,,1,0,0,1
2467582984605,1791128451.542810,6542,tx,2444.8,1760.0,1796.3,,,1,0,0,1
2467724044711,1791128451.683871,6683,tx,1510.4,676.1,736.9,,,1,0,0,1
2467864043694,1791128451.823870,6823,tx,1127.5,681.2,737.7,,,1,0,0,1
2468003978116,1791128451.963804,6963,tx,7592.2,752.7,796.5,,,1,0,0,1
2468143987480,1791128452.103814,7103,tx,1056.0,732.3,784.1,,,1,0,0,1
2468283992594,1791128452.243819,7243,tx,1077.6,739.6,780.3,,,1,0,0,1
2468423995118,1791128452.383821,7383,tx,960.9,734.8,776.7,,,1,0,0,1
2468579853882,1791128452.539680,7539,tx,2104.3,1884.4,1912.7,,,1,0,0,1
2468720979089,1791128452.680805,7680,tx,975.1,750.3,791.5,,,1,0,0,1
2468860975553,1791128452.820802,7820,tx,959.7,762.8,794.9,,,1,0,0,1
2469000987197,1791128452.960813,7960,tx,10625.2,747.5,782.9,,,1,0,0,1
2469140950682,1791128453.100777,8100,tx,1058.9,787.1,815.4,,,1,0,0,1
2469280987737,1791128453.240814,8240,tx,1009.4,744.2,777.1,,,1,0,0,1
2469420973973,1791128453.380800,8380,tx,936.2,763.1,793.8,,,1,0,0,1
2469579808971,1791128453.539635,8539,tx,2145.8,1933.7,1952.6,,,1,0,0,1
2469719947715,1791128453.679774,8679,tx,995.8,785.2,816.8,,,1,0,0,1
2469859957621,1791128453.819784,8819,tx,1031.1,774.2,803.9,,,1,0,0,1
2470000131115,1791128453.959957,8959,tx,18207.9,576.5,630.8,,,1,0,0,1
2470140046582,1791128454.099873,9099,tx,1493.3,659.8,719.1,,,1,0,0,1
2470281604229,1791128454.241430,9241,tx,6456.1,1108.5,1157.5,,,1,0,0,1
2470420076346,1791128454.379902,9379,tx,1266.9,613.2,690.6,,,1,0,0,1
2470582901730,1791128454.542728,9542,tx,6161.3,1830.1,1855.5,,,1,0,0,1
2470728199334,1791128454.688025,9688,tx,6344.1,499.7,562.3,,,1,0,0,1
2470874485942,1791128454.834312,9834,tx,1039.5,212.6,274.8,,,1,0,0,1
2471013142647,1791128454.972968,9972,tx,1923.8,559.2,613.4,,,1,0,0,1
2471154535737,1791128455.114362,10114,tx,628.4,160.4,220.7,,,1,0,0,1
2471294136978,1791128455.253963,10253,tx,3308.5,558.6,621.7,,,1,0,0,1
2471435468338,1791128455.395294,10395,tx,6594.5,210.4,285.8,,,1,0,0,1
2471581005622,1791128455.540832,10540,tx,3618.3,1721.4,1750.1,,,1,0,0,1
2471726678915,1791128455.686504,10686,tx,6785.9,1008.6,1077.5,,,1,0,0,1
2471873047994,1791128455.832874,10832,tx,2050.7,646.7,707.4,,,1,0,0,1
2472012132888,1791128455.971959,10971,tx,6293.6,562.2,616.1,,,1,0,0,1
2472154435213,1791128456.114261,11114,tx,855.0,250.6,316.5,,,1,0,0,1
2472293499159,1791128456.253325,11253,tx,950.0,189.7,251.6,,,1,0,0,1
2472434345364,1791128456.394171,11394,tx,1028.0,343.9,404.4,,,1,0,0,1
2472581853237,1791128456.541679,11541,tx,2459.0,1865.9,1891.5,,,1,0,0,1
2472722176215,1791128456.682002,11682,tx,2869.9,520.5,571.4,,,1,0,0,1
2472862065206,1791128456.821891,11821,tx,1616.8,630.6,682.7,,,1,0,0,1
2473002028866,1791128456.961855,11961,tx,15030.5,661.6,718.1,,,1,0,0,1
2473143430568,1791128457.103256,12103,tx,6632.7,255.8,312.3,,,1,0,0,1
2473283013582,1791128457.242840,12242,tx,2038.7,673.0,731.0,,,1,0,0,1
2473422238788,1791128457.382065,12382,tx,859.3,450.9,506.0,,,1,0,0,1
2473581250512,1791128457.541076,12541,tx,815.2,457.2,487.2,,,1,0,0,1
2473721696591,1791128457.681522,12681,tx,4363.8,995.3,1047.9,,,1,0,0,1
2473861027977,1791128457.820854,12820,tx,1048.5,663.9,714.1,,,1,0,0,1
2474001044718,1791128457.960871,12960,tx,10641.1,641.8,697.8,,,1,0,0,1
2474141048460,1791128458.100874,13100,tx,1374.6,631.7,692.1,,,1,0,0,1
2474281024344,1791128458.240850,13240,tx,1062.5,658.2,712.5,,,1,0,0,1
2474424282296,1791128458.384108,13384,tx,7416.9,383.0,456.9,,,1,0,0,1
2474585344049,1791128458.545170,13545,tx,841.2,365.9,394.9,,,1,0,0,1
2474725748199,1791128458.685574,13685,tx,2632.9,927.7,990.0,,,1,0,0,1
2474867121464,1791128458.826947,13826,tx,1072.5,557.2,612.6,,,1,0,0,1
2475005474797,1791128458.965301,13965,tx,6510.7,200.6,258.0,,,1,0,0,1
2475144065710,1791128459.103891,14103,tx,1699.1,603.7,669.0,,,1,0,0,1
2475287146825,1791128459.246972,14246,tx,2296.3,518.2,581.9,,,1,0,0,1
2475425014573,1791128459.384840,14384,tx,5044.4,656.6,719.6,,,1,0,0,1
2475583886491,1791128459.543713,14543,tx,8173.7,1814.8,1844.6,,,1,0,0,1
2475725821093,1791128459.685647,14685,tx,10252.5,848.8,911.2,,,1,0,0,1
2475865049653,1791128459.824875,14824,tx,7023.8,623.1,680.7,,,1,0,0,1
2476005047567,1791128459.964873,14964,tx,6710.8,619.5,680.4,,,1,0,0,1
2476143991809,1791128460.103818,103,tx,1255.8,686.8,735.3,,,1,0,0,1
2476284797240,1791128460.244623,244,tx,2678.1,865.9,930.4,,,1,0,0,1
2476425372773,1791128460.385199,385,tx,1125.1,291.3,352.4,,,1,0,0,1
2476580945862,1791128460.540772,540,tx,2518.7,1745.7,1780.5,,,1,0,0,1
2476721039958,1791128460.680865,680,tx,3026.7,619.1,680.8,,,1,0,0,1
2476861107153,1791128460.820933,820,tx,6425.7,550.8,617.1,,,1,0,0,1
2477000637952,1791128460.960464,960,tx,18126.0,1028.5,1084.1,,,1,0,0,1
2477142013811,1791128461.101840,1101,tx,1658.3,643.4,709.2,,,1,0,0,1
2477281043865,1791128461.240870,1240,tx,7015.8,616.4,674.7,,,1,0,0,1
2477423605896,1791128461.383431,1383,tx,7689.4,1050.1,1118.2,,,1,0,0,1
2477586115525,1791128461.545942,1545,tx,8610.0,549.8,598.9,,,1,0,0,1
2477725304778,1791128461.685131,1685,tx,1253.3,336.2,412.7,,,1,0,0,1
2477864107393,1791128461.823933,1823,tx,1704.1,549.2,611.1,,,1,0,0,1
2478004062410,1791128461.963888,1963,tx,8138.2,588.8,654.4,,,1,0,0,1
2478145638719,1791128462.105464,2105,tx,2201.2,1011.1,1076.9,,,1,0,0,1
2478284754854,1791128462.244580,2244,tx,2624.1,900.8,961.7,,,1,0,0,1
2478424038617,1791128462.383864,2383,tx,4025.3,611.2,671.8,,,1,0,0,1
2478581005171,1791128462.540831,2540,tx,5262.3,1678.1,1703.9,,,1,0,0,1
2478724055282,1791128462.683881,2683,tx,5009.1,592.7,659.6,,,1,0,0,1
2478871114897,1791128462.830941,2830,tx,1690.8,529.6,596.7,,,1,0,0,1
2479011159026,1791128462.970985,2970,tx,3464.8,487.1,552.0,,,1,0,0,1
2479151149786,1791128463.110976,3110,tx,1080.6,484.5,562.4,,,1,0,0,1
2479292137921,1791128463.251964,3251,tx,1039.1,496.5,572.2,,,1,0,0,1
2479431127587,1791128463.390954,3390,tx,997.0,511.5,577.8,,,1,0,0,1
2479579831184,1791128463.539657,3539,tx,2236.0,1840.4,1872.6,,,1,0,0,1
2479720978388,1791128463.680804,3680,tx,1027.3,673.3,725.1,,,1,0,0,1
2479860924809,1791128463.820751,3820,tx,1137.3,731.0,776.4,,,1,0,0,1
2480000949619,1791128463.960776,3960,tx,10630.2,706.1,754.3,,,1,0,0,1
2480140912051,1791128464.100738,4100,tx,1125.3,747.4,789.5,,,1,0,0,1
2480280923303,1791128464.240750,4240,tx,1111.7,750.7,777.5,,,1,0,0,1
2480420907905,1791128464.380734,4380,tx,955.0,746.2,789.0,,,1,0,0,1
2480580780275,1791128464.540606,4540,tx,2128.1,1897.5,1917.3,,,1,0,0,1
2480722096469,1791128464.681923,4681,tx,878.6,565.2,598.7,,,1,0,0,1
2480861884922,1791128464.821711,4821,tx,995.7,773.3,804.8,,,1,0,0,1
2481001892364,1791128464.961719,4961,tx,9851.7,762.2,801.9,,,1,0,0,1
2481141040242,1791128465.100867,5100,tx,919.2,606.6,651.5,,,1,0,0,1
2481280914976,1791128465.240741,5240,tx,1061.1,740.6,776.9,,,1,0,0,1
2481422164582,1791128465.381991,5381,tx,836.7,485.3,526.5,,,1,0,0,1
2481580779622,1791128465.540606,5540,tx,2185.4,1889.4,1912.8,,,1,0,0,1
2481721899578,1791128465.681726,5681,tx,1045.3,757.4,790.6,,,1,0,0,1
2481861916492,1791128465.821743,5821,tx,1088.4,741.5,772.1,,,1,0,0,1
2482001916665,1791128465.961743,5961,tx,9812.9,731.7,770.9,,,1,0,0,1
2482141044135,1791128466.100870,6100,tx,911.1,610.2,643.8,,,1,0,0,1
2482281890605,1791128466.241717,6241,tx,1071.6,762.8,797.0,,,1,0,0,1
2482421868690,1791128466.381695,6381,tx,1069.8,796.3,817.8,,,1,0,0,1
2482580760459,1791128466.540586,6540,tx,2073.5,1898.1,1923.9,,,1,0,0,1
2482722010737,1791128466.681837,6681,tx,821.5,621.5,673.5,,,1,0,0,1
2482861890202,1791128466.821717,6821,tx,1058.8,761.4,792.2,,,1,0,0,1
2483001863657,1791128466.961690,6961,tx,9753.4,790.5,818.1,,,1,0,0,1
2483141892193,1791128467.101718,7101,tx,1018.2,763.2,789.5,,,1,0,0,1
2483281893020,1791128467.241719,7241,tx,984.8,749.4,781.8,,,1,0,0,1
2483422019655,1791128467.381846,7381,tx,918.0,629.1,657.9,,,1,0,0,1
2483581741641,1791128467.541568,7541,tx,2095.5,1912.1,1934.6,,,1,0,0,1
2483722075816,1791128467.681902,7681,tx,847.1,571.2,601.1,,,1,0,0,1
2483861919903,1791128467.821746,7821,tx,1005.5,723.4,757.9,,,1,0,0,1
2484001896070,1791128467.961722,7961,tx,9405.5,748.0,774.4,,,1,0,0,1
2484142826612,1791128468.102653,8102,tx,1088.4,825.3,847.7,,,1,0,0,1
2484281818286,1791128468.241645,8241,tx,1010.2,843.4,864.9,,,1,0,0,1
2484421843433,1791128468.381670,8381,tx,1002.1,803.4,828.5,,,1,0,0,1
2484580721076,1791128468.540548,8540,tx,2072.9,1927.9,1949.9,,,1,0,0,1
2484721906657,1791128468.681733,8681,tx,898.2,742.1,763.3,,,1,0,0,1
2484861883355,1791128468.821710,8821,tx,975.4,761.6,786.6,,,1,0,0,1
2485000853519,1791128468.960680,8960,tx,10829.2,784.0,814.7,,,1,0,0,1
2485140696289,1791128469.100523,9100,tx,1106.9,935.9,972.0,,,1,0,0,1
2485281972011,1791128469.241798,9241,tx,846.1,667.9,690.3,,,1,0,0,1
2485421884341,1791128469.381711,9381,tx,1023.3,749.8,781.9,,,1,0,0,1
2485580744935,1791128469.540571,9540,tx,2073.5,1902.8,1932.2,,,1,0,0,1
2485720866614,1791128469.680693,9680,tx,920.5,769.4,797.6,,,1,0,0,1
2485860852464,1791128469.820679,9820,tx,989.2,788.0,811.9,,,1,0,0,1
2486000894443,1791128469.960721,9960,tx,10249.2,735.8,780.6,,,1,0,0,1
2486140844893,1791128470.100671,10100,tx,971.2,770.1,815.4,,,1,0,0,1
2486280898884,1791128470.240725,10240,tx,953.4,736.4,773.2,,,1,0,0,1
2486420829285,1791128470.380656,10380,tx,992.9,796.3,830.1,,,1,0,0,1
2486579713061,1791128470.539539,10539,tx,2090.1,1919.3,1942.7,,,1,0,0,1
2486720812246,1791128470.680639,10680,tx,999.3,824.6,844.8,,,1,0,0,1
2486860848016,1791128470.820674,10820,tx,1011.5,795.6,821.5,,,1,0,0,1
2487000836417,1791128470.960663,10960,tx,10546.6,784.0,820.5,,,1,0,0,1
2487140848879,1791128471.100675,11100,tx,982.1,769.2,805.9,,,1,0,0,1
2487280829901,1791128471.240656,11240,tx,1025.7,804.0,832.3,,,1,0,0,1
2487420826314,1791128471.380652,11380,tx,986.4,802.8,827.6,,,1,0,0,1
2487580749525,1791128471.540576,11540,tx,2087.8,1865.2,1898.9,,,1,0,0,1
2487721965800,1791128471.681792,11681,tx,836.8,663.1,685.9,,,1,0,0,1
2487861871193,1791128471.821697,11821,tx,959.1,745.7,779.0,,,1,0,0,1
2488001848606,1791128471.961675,11961,tx,9273.5,768.8,801.6,,,1,0,0,1
2488141811659,1791128472.101638,12101,tx,989.3,814.8,839.3,,,1,0,0,1
2488281818513,1791128472.241645,12241,tx,961.3,793.0,825.7,,,1,0,0,1
2488421804667,1791128472.381631,12381,tx,965.6,821.2,842.8,,,1,0,0,1
2488580762366,1791128472.540589,12540,tx,2026.6,1850.5,1889.7,,,1,0,0,1
2488721921393,1791128472.681748,12681,tx,877.3,696.6,723.9,,,1,0,0,1
2488861878057,1791128472.821704,12821,tx,1034.3,739.8,769.6,,,1,0,0,1
2489001838881,1791128472.961665,12961,tx,10185.1,765.4,806.0,,,1,0,0,1
2489140888051,1791128473.100714,13100,tx,946.6,719.4,767.2,,,1,0,0,1
2489282013170,1791128473.241840,13241,tx,867.1,604.8,638.8,,19296.0,1,0,0,1
2489422133284,1791128473.381960,13381,idle,714.0,469.8,505.6,,,0,0,0,0
2489582749025,1791128473.542575,13542,idle,196682.9,,,,,0,0,0,0
2489878933518,1791128473.838760,13838,idle,817.3,,,,,0,0,0,0
2490019961537,1791128473.979788,13979,idle,13496.5,,,,,0,0,0,0
2490159831004,1791128474.119657,14119,idle,970.2,,,,,0,0,0,0
2490299807581,1791128474.259634,14259,idle,1946.9,,,,,0,0,0,0
2490439819688,1791128474.399646,14399,idle,961.4,,,,,0,0,0,0
2490579828414,1791128474.539655,14539,idle,1018.4,,,,,0,0,0,0
2490719815271,1791128474.679641,14679,idle,978.4,,,,,0,0,0,0
2490859816058,1791128474.819642,14819,idle,1027.6,,,,,0,0,0,0
2490999787335,1791128474.959614,14959,idle,68839.8,,,,,0,0,0,0
2491169693903,1791128475.129520,129,idle,2036.1,,,,,0,0,0,0
2491309837480,1791128475.269664,269,idle,915.3,,,,,0,0,0,0
2491449781718,1791128475.409608,409,idle,1051.6,,,,,0,0,0,0
2491589806976,1791128475.549633,549,idle,961.1,,,,,0,0,0,0
2491729839654,1791128475.689666,689,idle,1001.0,,,,,0,0,0,0
2491869809713,1791128475.829636,829,idle,1076.9,,,,,0,0,0,0
2492009836211,1791128475.969662,969,idle,59035.1,,,,,0,0,0,0
2492169726751,1791128476.129553,1129,idle,2024.9,,,,,0,0,0,0
2492309800260,1791128476.269627,1269,idle,968.4,,,,,0,0,0,0
2492449792589,1791128476.409619,1409,idle,1062.1,,,,,0,0,0,0
2492589797849,1791128476.549624,1549,idle,964.8,,,,,0,0,0,0
2492729792708,1791128476.689619,1689,idle,1049.6,,,,,0,0,0,0
2492869792718,1791128476.829619,1829,idle,1074.8,,,,,0,0,0,0
2493009789018,1791128476.969615,1969,idle,58651.2,,,,,0,0,0,0
2493168838555,1791128477.128665,2128,idle,1902.5,,,,,0,0,0,0
2493309789610,1791128477.269616,2269,idle,1003.9,,,,,0,0,0,0
2493454528753,1791128477.414355,2414,idle,4441.4,,,,,0,0,0,0
2493601014775,1791128477.560841,2560,idle,5040.2,,,,,0,0,0,0
2493741718782,1791128477.701545,2701,idle,2930.9,,,,,0,0,0,0
2493880455480,1791128477.840281,2840,idle,2040.1,,,,,0,0,0,0
2494020152493,1791128477.979979,2979,idle,55633.8,,,,,0,0,0,0
2494176745506,1791128478.136572,3136,idle,3138.7,,,,,0,0,0,0
2494319936460,1791128478.279763,3279,idle,1426.6,,,,,0,0,0,0
2494466975660,1791128478.426801,3426,idle,1283.8,,,,,0,0,0,0
2494607698618,1791128478.567525,3567,idle,5398.3,,,,,0,0,0,0
2494750604233,1791128478.710430,3710,idle,3449.9,,,,,0,0,0,0
2494897045137,1791128478.856871,3856,idle,1512.3,,,,,0,0,0,0
2495038076714,1791128478.997902,3997,idle,33987.4,,,,,0,0,0,0
2495181046720,1791128479.140873,4140,idle,2097.0,,,,,0,0,0,0
2495321877689,1791128479.281704,4281,idle,1167.0,,,,,0,0,0,0
2495460234313,1791128479.420060,4420,idle,3828.3,,,,,0,0,0,0
2495604332952,1791128479.564159,4564,idle,1000.3,,,,,0,0,0,0
2495741727402,1791128479.701553,4701,idle,1549.2,,,,,0,0,0,0
2495880129425,1791128479.839955,4839,idle,930.1,,,,,0,0,0,0
2496020989384,1791128479.980815,4980,idle,54070.5,,,,,0,0,0,0
2496173736133,1791128480.133562,5133,idle,2157.1,,,,,0,0,0,0
2496316604851,1791128480.276431,5276,idle,1458.7,,,,,0,0,0,0
2496453888473,1791128480.413714,5413,idle,1153.9,,,,,0,0,0,0
2496598659490,1791128480.558486,5558,idle,8684.0,,,,,0,0,0,0
2496745225726,1791128480.705051,5705,idle,5858.1,,,,,0,0,0,0
2496884046009,1791128480.843872,5843,idle,3600.1,,,,,0,0,0,0
2497025125847,1791128480.984952,5984,idle,44572.3,,,,,0,0,0,0
2497170731271,1791128481.130557,6130,idle,3322.2,,,,,0,0,0,0
2497310910657,1791128481.270736,6270,idle,2494.4,,,,,0,0,0,0
2497457210946,1791128481.417037,6417,idle,838.6,,,,,0,0,0,0
2497604124022,1791128481.563950,6563,idle,2672.3,,,,,0,0,0,0
2497743515322,1791128481.703341,6703,idle,7541.7,,,,,0,0,0,0
2497881797229,1791128481.841623,6841,idle,2679.7,,,,,0,0,0,0
2498021750066,1791128481.981576,6981,idle,49899.3,,,,,0,0,0,0
2498171733185,1791128482.131559,7131,idle,4595.8,,,,,0,0,0,0
2498312050111,1791128482.271876,7271,idle,3011.5,,,,,0,0,0,0
2498452753576,1791128482.412580,7412,idle,3884.6,,,,,0,0,0,0
2498592583385,1791128482.552409,7552,idle,2684.7,,,,,0,0,0,0
2498732654463,1791128482.692480,7692,idle,6728.0,,,,,0,0,0,0
2498872134844,1791128482.831960,7831,idle,7798.2,,,,,0,0,0,0
2499011913554,1791128482.971739,7971,idle,60115.6,,,,,0,0,0,0
2499173467545,1791128483.133294,8133,idle,5884.6,,,,,0,0,0,0
2499312920068,1791128483.272746,8272,idle,5509.6,,,,,0,0,0,0
2499453217386,1791128483.413043,8413,idle,5848.9,,,,,0,0,0,0
2499592946107,1791128483.552772,8552,idle,9755.2,,,,,0,0,0,0
2499732907987,1791128483.692734,8692,idle,9175.9,,,,,0,0,0,0
2499872896477,1791128483.832722,8832,idle,7100.0,,,,,0,0,0,0
2500014122649,1791128483.973948,8973,idle,56567.1,,,,,0,0,0,0
2500170726642,1791128484.130553,9130,idle,3411.2,,,,,0,0,0,0
2500312430263,1791128484.272256,9272,idle,10654.4,,,,,0,0,0,0
2500451795768,1791128484.411621,9411,idle,6997.9,,,,,0,0,0,0
2500592016178,1791128484.551842,9551,idle,1234.0,,,,,0,0,0,0
2500730871976,1791128484.690698,9690,idle,1114.5,,,,,0,0,0,0
2500870868238,1791128484.830694,9830,idle,1070.4,,,,,0,0,0,0
2501010863769,1791128484.970690,9970,idle,57944.8,,,,,0,0,0,0
2501169703000,1791128485.129529,10129,idle,2134.0,,,,,0,0,0,0
2501309880121,1791128485.269706,10269,idle,1072.5,,,,,0,0,0,0
2501449817234,1791128485.409643,10409,idle,1173.4,,,,,0,0,0,0
2501590777751,1791128485.550604,10550,idle,1122.7,,,,,0,0,0,0
2501729783380,1791128485.689610,10689,idle,1021.6,,,,,0,0,0,0
2501869781882,1791128485.829608,10829,idle,1096.5,,,,,0,0,0,0
2502009799355,1791128485.969626,10969,idle,58476.3,,,,,0,0,0,0
2502168702247,1791128486.128528,11128,idle,2090.1,,,,,0,0,0,0
2502308838440,1791128486.268664,11268,idle,988.6,,,,,0,0,0,0
2502449930168,1791128486.409756,11409,idle,950.5,,,,,0,0,0,0
2502589790482,1791128486.549617,11549,idle,1041.2,,,,,0,0,0,0
2502729870576,1791128486.689696,11689,idle,5735.2,,,,,0,0,0,0
2502872141397,1791128486.831967,11831,idle,978.0,,,,,0,0,0,0
2503010665879,1791128486.970492,11970,idle,63410.2,,,,,0,0,0,0
2503173801768,1791128487.133628,12133,idle,5814.6,,,,,0,0,0,0
2503314843537,1791128487.274669,12274,idle,1516.6,,,,,0,0,0,0
2503453841889,1791128487.413668,12413,idle,4235.4,,,,,0,0,0,0
2503594795598,1791128487.554622,12554,idle,1086.9,,,,,0,0,0,0
2503734777614,1791128487.694604,12694,idle,1002.2,,,,,0,0,0,0
2503874750500,1791128487.834577,12834,idle,1021.1,,,,,0,0,0,0
2504014768085,1791128487.974594,12974,idle,54924.1,,,,,0,0,0,0
2504170652438,1791128488.130479,13130,idle,2078.6,,,,,0,0,0,0
2504310761644,1791128488.270588,13270,idle,966.4,,,,,0,0,0,0
2504450758681,1791128488.410585,13410,idle,954.0,,,,,0,0,0,0
2504590743048,1791128488.550570,13550,idle,954.4,,,,,0,0,0,0
2504730719045,1791128488.690545,13690,idle,962.7,,,,,0,0,0,0
2504870736812,1791128488.830563,13830,idle,974.0,,,,,0,0,0,0
2505010707059,1791128488.970533,13970,idle,58429.9,,,,,0,0,0,0
2505298941827,1791128489.258768,14258,tx,2971.6,1585.0,1610.9,,,1,0,0,1
2505439733000,1791128489.399559,14399,tx,994.6,786.3,819.1,,,1,0,0,1
2505585026427,1791128489.544853,14544,tx,655.6,494.3,517.4,,,1,0,0,1
2505725808381,1791128489.685635,14685,tx,857.3,711.4,733.2,,,1,0,0,1
2505865703270,1791128489.825530,14825,tx,967.5,801.9,834.4,,,1,0,0,1
2506005712618,1791128489.965539,14965,tx,42434.3,800.2,823.4,,,1,0,0,1
2506148600250,1791128490.108427,108,tx,2049.6,1905.3,1936.0,,,1,0,0,1
2506289764823,1791128490.249591,249,tx,1035.6,741.4,787.3,,,1,0,0,1
2506429736203,1791128490.389563,389,tx,998.4,772.5,798.1,,,1,0,0,1
2506580625469,1791128490.540452,540,tx,2103.6,1873.9,1907.6,,,1,0,0,1
2506721908781,1791128490.681735,681,tx,884.3,598.7,623.4,,,1,0,0,1
2506861721222,1791128490.821548,821,tx,971.0,787.7,809.7,,,1,0,0,1
2507001685802,1791128490.961512,961,tx,10880.8,812.1,857.6,,,1,0,0,1
2507140729638,1791128491.100556,1100,tx,967.1,764.7,813.4,,,1,0,0,1
2507281827993,1791128491.241654,1241,tx,846.1,663.7,709.5,,,1,0,0,1
2507421709745,1791128491.381536,1381,tx,944.5,786.7,818.6,,,1,0,0,1
2507580618775,1791128491.540445,1540,tx,2017.7,1885.3,1916.3,,,1,0,0,1
2507721719950,1791128491.681546,1681,tx,1028.9,765.0,809.4,,,1,0,0,1
2507861717601,1791128491.821544,1821,tx,1041.5,784.2,820.1,,,1,0,0,1
2508001727932,1791128491.961555,1961,tx,9829.8,780.4,817.5,,,1,0,0,1
2508140998699,1791128492.100825,2100,tx,805.6,495.3,542.6,,,1,0,0,1
2508281813976,1791128492.241640,2241,tx,965.2,668.3,716.6,,,1,0,0,1
2508421711389,1791128492.381537,2381,tx,1007.3,787.0,811.6,,,1,0,0,1
2508581594136,1791128492.541420,2541,tx,2066.7,1901.3,1927.2,,,1,0,0,1
2508721698648,1791128492.681525,2681,tx,1060.8,799.1,823.9,,,1,0,0,1
2508861698560,1791128492.821525,2821,tx,1025.1,800.5,821.8,,,1,0,0,1
2509001698583,1791128492.961525,2961,tx,10890.4,796.3,821.4,,,1,0,0,1
2509141086760,1791128493.100913,3100,tx,580.1,407.2,436.7,,,1,0,0,1
2509281800099,1791128493.241626,3241,tx,957.3,687.3,716.6,,,1,0,0,1
2509421786193,1791128493.381612,3381,tx,951.8,702.6,730.4,,,1,0,0,1
2509580584998,1791128493.540411,3540,tx,2112.8,1915.5,1939.5,,,1,0,0,1
2509721707245,1791128493.681533,3681,tx,1091.5,780.8,812.2,,,1,0,0,1
2509861699729,1791128493.821526,3821,tx,963.8,796.3,815.9,,,1,0,0,1
2510001675093,1791128493.961501,3961,tx,10505.1,826.4,846.6,,,1,0,0,1
2510141674188,1791128494.101501,4101,tx,974.2,823.2,844.7,,,1,0,0,1
2510281680103,1791128494.241506,4241,tx,1063.8,794.3,839.6,,,1,0,0,1
2510421837647,1791128494.381664,4381,tx,953.2,653.9,681.4,,,1,0,0,1
2510580597773,1791128494.540424,4540,tx,2100.8,1880.4,1915.2,,,1,0,0,1
2510721699882,1791128494.681526,4681,tx,1036.1,785.5,816.0,,,1,0,0,1
2510861682858,1791128494.821509,4821,tx,1051.4,813.6,832.6,,,1,0,0,1
2511001654913,1791128494.961481,4961,tx,10890.3,837.1,857.6,,,1,0,0,1
2511140448987,1791128495.100275,5100,tx,1302.1,1032.3,1065.4,,,1,0,0,1
2511281778116,1791128495.241604,5241,tx,859.2,715.0,734.9,,,1,0,0,1
2511421873532,1791128495.381700,5381,tx,933.3,607.1,638.8,,,1,0,0,1
2511580582680,1791128495.540409,5540,tx,2086.5,1898.9,1924.5,,,1,0,0,1
2511720699156,1791128495.680526,5680,tx,988.9,782.9,813.0,,,1,0,0,1
2511861989345,1791128495.821815,5821,tx,882.9,461.9,521.8,,,1,0,0,1
2512000712699,1791128495.960539,5960,tx,10567.6,765.2,795.5,,,1,0,0,1
2512141707601,1791128496.101534,6101,tx,1118.4,768.4,803.6,,,1,0,0,1
2512280804424,1791128496.240630,6240,tx,1045.0,648.5,707.7,,,1,0,0,1
2512423131289,1791128496.382957,6382,tx,5940.3,316.4,375.0,,,1,0,0,1
2512586636881,1791128496.546463,6546,tx,3942.1,1845.0,1867.5,,,1,0,0,1
2512726834548,1791128496.686660,6686,tx,8137.8,600.3,674.1,,,1,0,0,1
2512867860440,1791128496.827686,6827,tx,2078.6,579.1,649.0,,,1,0,0,1
2513006841924,1791128496.966667,6966,tx,4637.7,604.3,665.1,,,1,0,0,1
2513146793903,1791128497.106620,7106,tx,1160.9,653.2,709.0,,,1,0,0,1
2513286807903,1791128497.246634,7246,tx,9670.2,633.0,693.0,,,1,0,0,1
2513430242772,1791128497.390069,7390,tx,637.6,206.9,262.8,,,1,0,0,1
2513581642556,1791128497.541468,7541,tx,4419.8,1827.2,1865.4,,,1,0,0,1
2513722810539,1791128497.682636,7682,tx,1056.7,631.7,692.7,,,1,0,0,1
2513861877143,1791128497.821703,7821,tx,1576.2,568.8,625.5,,,1,0,0,1
2514003214595,1791128497.963040,7963,tx,14851.4,223.6,285.8,,,1,0,0,1
2514141132548,1791128498.100958,8100,tx,5932.7,309.5,366.0,,,1,0,0,1
2514285519373,1791128498.245345,8245,tx,1380.9,921.0,979.7,,,1,0,0,1
2514425336285,1791128498.385162,8385,tx,1643.0,1103.7,1169.5,,,1,0,0,1
2514588638641,1791128498.548464,8548,tx,2303.5,1830.5,1858.2,,,1,0,0,1
2514728811851,1791128498.688638,8688,tx,2519.1,629.0,685.8,,,1,0,0,1
2514868812252,1791128498.828638,8828,tx,3540.3,629.1,683.9,,,1,0,0,1
2515010465893,1791128498.970292,8970,tx,3909.1,966.7,1028.6,,,1,0,0,1
2515148237828,1791128499.108064,9108,tx,837.6,203.2,258.2,,,1,0,0,1
2515290987255,1791128499.250813,9250,tx,915.8,442.9,505.4,,,1,0,0,1
2515428800000,1791128499.388626,9388,tx,1174.5,637.6,691.3,,,1,0,0,1
2515580665254,1791128499.540491,9540,tx,3734.7,1796.8,1826.4,,,1,0,0,1
2515721789619,1791128499.681615,9681,tx,6273.9,639.4,699.5,,,1,0,0,1
2515863055394,1791128499.822881,9822,tx,1418.5,371.3,428.3,,,1,0,0,1
2516003025037,1791128499.962851,9962,tx,9974.0,406.4,463.8,,,1,0,0,1
2516140918962,1791128500.100745,10100,tx,4361.4,513.1,568.8,,,1,0,0,1
2516280892996,1791128500.240719,10240,tx,1091.1,541.8,595.3,,,1,0,0,1
2516423182486,1791128500.383008,10383,tx,5449.0,246.4,302.6,,,1,0,0,1
2516584667756,1791128500.544494,10544,tx,3708.0,1787.4,1815.8,,,1,0,0,1
2516725120657,1791128500.684947,10684,tx,4932.3,308.8,365.3,,,1,0,0,1
2516865791547,1791128500.825617,10825,tx,4550.9,637.3,692.0,,,1,0,0,1
2517006134629,1791128500.965961,10965,tx,6010.4,287.3,348.6,,,1,0,0,1
2517144760592,1791128501.104587,11104,tx,1144.3,670.3,723.0,,,1,0,0,1
2517284732387,1791128501.244558,11244,tx,1111.4,705.7,747.2,,,1,0,0,1
2517424683902,1791128501.384510,11384,tx,1014.0,756.6,793.4,,,1,0,0,1
2517580557186,1791128501.540384,11540,tx,2110.2,1895.9,1920.6,,,1,0,0,1
2517720674720,1791128501.680501,11680,tx,1078.2,767.1,801.4,,,1,0,0,1
2517860686205,1791128501.820513,11820,tx,1006.5,753.5,789.4,,,1,0,0,1
2518000667451,1791128501.960494,11960,tx,11359.3,776.7,806.2,,,1,0,0,1
2518140675786,1791128502.100502,12100,tx,999.8,755.5,797.6,,,1,0,0,1
2518280661313,1791128502.240487,12240,tx,1021.3,785.2,807.6,,,1,0,0,1
2518420667709,1791128502.380494,12380,tx,1023.6,774.7,803.9,,,1,0,0,1
2518581555116,1791128502.541381,12541,tx,2080.9,1890.9,1914.3,,,1,0,0,1
2518721651162,1791128502.681478,12681,tx,991.8,795.3,831.4,,,1,0,0,1
2518861712758,1791128502.821539,12821,tx,898.2,733.0,755.2,,,1,0,0,1
2519001641984,1791128502.961468,12961,tx,10844.3,803.6,825.6,,,1,0,0,1
2519141389923,1791128503.101216,13101,tx,1206.0,1046.1,1078.0,,,1,0,0,1
2519281658440,1791128503.241485,13241,tx,1028.6,772.4,806.6,,,1,0,0,1
2519423614896,1791128503.383440,13383,tx,1193.2,794.3,854.6,,,1,0,0,1
2519583578110,1791128503.543404,13543,tx,8475.1,1857.6,1890.4,,,1,0,0,1
2519724994879,1791128503.684821,13684,tx,3063.2,413.4,472.4,,,1,0,0,1
2519866045622,1791128503.825871,13825,tx,2767.3,370.4,425.0,,,1,0,0,1
2520004380419,1791128503.964206,13964,tx,11709.7,1019.1,1087.7,,,1,0,0,1
2520144855105,1791128504.104681,14104,tx,6191.6,546.2,607.0,,,1,0,0,1
2520284737245,1791128504.244563,14244,tx,4097.2,666.5,727.2,,,1,0,0,1
2520424523616,1791128504.384349,14384,tx,1867.6,880.6,940.1,,,1,0,0,1
2520581323189,1791128504.541149,14541,tx,6714.1,1095.1,1133.6,,,1,0,0,1
2520722823419,1791128504.682649,14682,tx,2163.7,584.8,640.7,,,1,0,0,1
2520862450870,1791128504.822277,14822,tx,4006.1,957.9,1016.2,,,1,0,0,1
2521002401610,1791128504.962227,14962,tx,12653.3,1000.8,1060.0,,,1,0,0,1
2521141759414,1791128505.101585,101,tx,1646.7,645.3,703.5,,,1,0,0,1
2521283058358,1791128505.242884,242,tx,2452.3,336.2,395.7,,,1,0,0,1
2521425021817,1791128505.384847,384,tx,8049.5,377.9,439.0,,,1,0,0,1
2521582658628,1791128505.542485,542,tx,2276.5,1763.1,1794.5,,,1,0,0,1
2521723299075,1791128505.683125,683,tx,1588.2,1102.3,1159.0,,,1,0,0,1
2521862820338,1791128505.822646,822,tx,8251.3,574.3,629.5,,,1,0,0,1
2522003761564,1791128505.963587,963,tx,12373.1,631.1,695.3,,,1,0,0,1
2522142920420,1791128506.102746,1102,tx,6145.5,474.0,534.0,,,1,0,0,1
2522283948447,1791128506.243774,1243,tx,1165.5,447.1,508.7,,,1,0,0,1
2522424443407,1791128506.384269,1384,tx,1992.0,950.0,1009.4,,,1,0,0,1
2522579578273,1791128506.539404,1539,tx,2285.3,1846.8,1874.5,,,1,0,0,1
2522720760718,1791128506.680586,1680,tx,1230.0,635.0,690.8,,,1,0,0,1
2522860845510,1791128506.820671,1820,tx,1652.0,542.6,603.4,,,1,0,0,1
2522999758838,1791128506.959585,1959,tx,12075.6,631.6,688.6,,,1,0,0,1
2523142406226,1791128507.102232,2102,tx,3657.7,979.4,1043.5,,,1,0,0,1
2523279719904,1791128507.239546,2239,tx,2235.7,673.6,728.6,,,1,0,0,1
2523420937471,1791128507.380763,2380,tx,2706.8,436.2,510.2,,,1,0,0,1
2523582577201,1791128507.542403,2542,tx,3353.0,1848.7,1869.7,,,1,0,0,1
2523723438809,1791128507.683264,2683,tx,3544.8,948.2,1008.1,,,1,0,0,1
2523867050042,1791128507.826876,2826,tx,3381.1,342.7,394.3,,,1,0,0,1
2524005259506,1791128507.965085,2965,tx,9805.5,1121.3,1187.1,,,1,0,0,1
2524142747214,1791128508.102573,3102,tx,3311.8,636.3,695.0,,,1,0,0,1
2524284415949,1791128508.244242,3244,tx,1913.9,966.8,1021.1,,,1,0,0,1
2524424120916,1791128508.383947,3383,tx,705.7,261.5,320.2,,,1,0,0,1
2524580565887,1791128508.540392,3540,tx,3813.8,1847.1,1872.3,,,1,0,0,1
2524722136233,1791128508.681962,3681,tx,1375.0,241.1,302.4,,,1,0,0,1
2524865150400,1791128508.824976,3824,tx,3557.9,219.9,288.5,,,1,0,0,1
2525002304821,1791128508.962131,3962,tx,11091.4,1077.4,1134.3,,,1,0,0,1
2525141933049,1791128509.101759,4101,tx,1832.5,442.0,506.6,,,1,0,0,1
2525285370536,1791128509.245197,4245,tx,3949.3,1002.0,1061.7,,,1,0,0,1
2525423261834,1791128509.383088,4383,tx,1022.6,119.1,172.8,,,1,0,0,1
2525581162278,1791128509.540988,4540,tx,2881.4,1230.2,1270.7,,,1,0,0,1
2525724327136,1791128509.684153,4684,tx,1994.0,1049.2,1107.7,,,1,0,0,1
2525861603998,1791128509.821430,4821,tx,5415.9,772.2,831.3,,,1,0,0,1
2526001505454,1791128509.961331,4961,tx,15557.9,868.2,926.0,,,1,0,0,1
2526141767870,1791128510.101593,5101,tx,2063.0,607.4,664.6,,,1,0,0,1
2526281817537,1791128510.241643,5241,tx,3251.5,549.4,613.2,,,1,0,0,1
2526423925772,1791128510.383751,5383,tx,1534.5,429.8,506.6,,,1,0,0,1
2526586311063,1791128510.546137,5546,tx,1555.1,1082.3,1117.2,,,1,0,0,1
2526727136686,1791128510.686963,5686,tx,688.9,233.6,289.8,,,1,0,0,1
2526865755991,1791128510.825582,5825,tx,1091.0,607.0,671.8,,,1,0,0,1
2527005891878,1791128510.965718,5965,tx,7172.4,471.2,535.5,,,1,0,0,1
2527145797057,1791128511.105623,6105,tx,1689.7,565.4,629.1,,,1,0,0,1
2527287385106,1791128511.247211,6247,tx,7692.0,980.8,1039.2,,,1,0,0,1
2527425911954,1791128511.385738,6385,tx,1170.9,436.9,511.0,,,1,0,0,1
2527582700657,1791128511.542526,6542,tx,6358.5,1683.6,1722.5,,,1,0,0,1
2527725032693,1791128511.684858,6684,tx,917.4,328.3,389.0,,,1,0,0,1
2527863780719,1791128511.823606,6823,tx,2291.1,583.5,641.5,,,1,0,0,1
2528004897891,1791128511.964724,6964,tx,7276.9,465.4,524.1,,,1,0,0,1
2528143741188,1791128512.103567,7103,tx,3322.5,624.0,680.7,,,1,0,0,1
2528287026219,1791128512.246852,7246,tx,7027.7,326.3,394.9,,,1,0,0,1
2528424110326,1791128512.383936,7383,tx,1968.0,245.8,308.1,,,1,0,0,1
2528581558108,1791128512.541384,7541,tx,2234.7,1827.6,1857.4,,,1,0,0,1
2528722988819,1791128512.682814,7682,tx,829.0,351.2,423.2,,,1,0,0,1
2528862723851,1791128512.822550,7822,tx,1106.0,634.7,690.6,,,1,0,0,1
2529002707951,1791128512.962534,7962,tx,8894.2,650.7,711.0,,,1,0,0,1
2529142677593,1791128513.102503,8102,tx,1111.9,674.9,730.1,,,1,0,0,1
2529282640374,1791128513.242466,8242,tx,1123.4,713.2,770.4,,,1,0,0,1
2529422601196,1791128513.382427,8382,tx,1054.4,768.2,807.9,,,1,0,0,1
2529579503832,1791128513.539330,8539,tx,2173.3,1876.3,1904.8,,,1,0,0,1
2529720619517,1791128513.680446,8680,tx,1029.0,754.1,788.8,,,1,0,0,1
2529860660929,1791128513.820487,8820,tx,959.5,703.2,743.9,,,1,0,0,1
2530000598640,1791128513.960425,8960,tx,11663.5,781.7,805.9,,,1,0,0,1
2530140601353,1791128514.100428,9100,tx,1020.3,767.9,804.0,,,1,0,0,1
2530280605856,1791128514.240432,9240,tx,1164.9,754.8,800.5,,,1,0,0,1
2530420604638,1791128514.380431,9380,tx,1133.5,756.0,801.2,,,1,0,0,1
2530580512539,1791128514.540339,9540,tx,2130.5,1852.8,1890.4,,,1,0,0,1
2530721828135,1791128514.681654,9681,tx,909.6,535.9,572.5,,,1,0,0,1
2530861653379,1791128514.821479,9821,tx,1117.7,698.2,749.1,,,1,0,0,1
2531001631031,1791128514.961457,9961,tx,10821.3,720.0,770.0,,,1,0,0,1
2531141449586,1791128515.101276,10101,tx,1170.3,916.6,953.5,,,1,0,0,1
2531281609310,1791128515.241436,10241,tx,1084.6,762.0,790.2,,,1,0,0,1
2531422256940,1791128515.382083,10382,tx,1374.5,1110.2,1146.0,,,1,0,0,1
2531579481878,1791128515.539308,10539,tx,2083.3,1886.6,1910.4,,,1,0,0,1
2531720585516,1791128515.680412,10680,tx,1025.4,772.7,807.9,,,1,0,0,1
2531860577360,1791128515.820404,10820,tx,1070.8,788.4,815.8,,,1,0,0,1
2532000562114,1791128515.960388,10960,tx,11597.8,806.5,831.3,,,1,0,0,1
2532140609799,1791128516.100436,11100,tx,983.6,748.7,784.0,,,1,0,0,1
2532280623174,1791128516.240449,11240,tx,1068.9,730.4,771.7,,,1,0,0,1
2532420638170,1791128516.380464,11380,tx,989.6,709.1,750.2,,,1,0,0,1
2532579495360,1791128516.539321,11539,tx,2046.9,1856.1,1892.3,,,1,0,0,1
2532720638239,1791128516.680464,11680,tx,994.4,711.4,749.9,,,1,0,0,1
2532860641164,1791128516.820467,11820,tx,909.1,703.1,746.8,,,1,0,0,1
2533000638960,1791128516.960465,11960,tx,11434.4,706.1,751.0,,,1,0,0,1
2533139625882,1791128517.099452,12099,tx,1026.9,728.0,773.7,,,1,0,0,1
2533280726653,1791128517.240553,12240,tx,826.8,623.0,660.9,,,1,0,0,1
2533420589530,1791128517.380416,12380,tx,1034.9,767.6,795.6,,,1,0,0,1
2533580423286,1791128517.540250,12540,tx,2087.8,1940.6,1961.3,,,1,0,0,1
2533720603752,1791128517.680430,12680,tx,971.6,736.7,782.0,,,1,0,0,1
2533860548209,1791128517.820374,12820,tx,976.7,814.5,835.7,,,1,0,0,1
2534000608646,1791128517.960435,12960,tx,11236.4,742.6,773.5,,,1,0,0,1
2534140606124,1791128518.100433,13100,tx,894.1,753.6,774.8,,,1,0,0,1
2534280530432,1791128518.240357,13240,tx,968.8,829.7,846.8,,,1,0,0,1
2534420534651,1791128518.380361,13380,tx,1082.2,823.3,845.8,,,1,0,0,1
2534580417738,1791128518.540244,13540,tx,2087.2,1943.7,1961.5,,,1,0,0,1
2534721575469,1791128518.681402,13681,tx,928.5,783.5,802.7,,,1,0,0,1
2534861541528,1791128518.821368,13821,tx,1056.7,815.7,835.6,,,1,0,0,1
2535000554411,1791128518.960381,13960,tx,11333.4,800.8,822.7,,,1,0,0,1
2535140604490,1791128519.100431,14100,tx,982.9,742.3,772.7,,,1,0,0,1
2535280543210,1791128519.240369,14240,tx,1089.7,810.9,832.6,,,1,0,0,1
2535421683563,1791128519.381510,14381,tx,842.0,668.4,692.3,,,1,0,0,1
2535581428563,1791128519.541255,14541,tx,2150.7,1922.4,1944.7,,,1,0,0,1
2535721586452,1791128519.681413,14681,tx,1014.6,753.5,786.8,,,1,0,0,1
2535861541011,1791128519.821367,14821,tx,1056.2,810.8,829.9,,,1,0,0,1
2536001549021,1791128519.961375,14961,tx,10841.1,799.9,822.3,,,1,0,0,1
2536141387022,1791128520.101213,101,tx,1268.1,955.9,984.7,,,1,0,0,1
2536281561672,1791128520.241388,241,tx,965.6,762.2,809.8,,,1,0,0,1
2536421589413,1791128520.381415,381,tx,972.2,752.4,789.0,,,1,0,0,1
2536580474559,1791128520.540301,540,tx,2069.0,1856.2,1889.0,,,1,0,0,1
2536720579539,1791128520.680406,680,tx,1036.8,753.9,788.3,,,1,0,0,1
2536860593320,1791128520.820420,820,tx,929.7,741.0,773.3,,,1,0,0,1
2537000546931,1791128520.960373,960,tx,11562.1,797.1,820.6,,,1,0,0,1
2537141582967,1791128521.101409,1101,tx,949.1,753.8,783.1,,,1,0,0,1
2537280560355,1791128521.240386,1240,tx,1045.3,781.4,812.6,,,1,0,0,1
2537420618657,1791128521.380445,1380,tx,1018.9,718.0,757.3,,,1,0,0,1
2537580431839,1791128521.540258,1540,tx,2166.4,1906.5,1928.9,,,1,0,0,1
2537721661454,1791128521.681488,1681,tx,949.8,664.1,713.0,,,1,0,0,1
2537860594562,1791128521.820421,1820,tx,939.7,728.2,778.6,,,1,0,0,1
2538001561749,1791128521.961388,1961,tx,10347.6,772.8,798.3,,,1,0,0,1
2538140580618,1791128522.100407,2100,tx,992.9,745.1,778.8,,,1,0,0,1
2538281669725,1791128522.241496,2241,tx,1006.5,657.1,694.0,,,1,0,0,1
2538420535715,1791128522.380362,2380,tx,985.8,795.4,821.2,,,1,0,0,1
2538579432044,1791128522.539258,2539,tx,2129.4,1899.7,1924.2,,,1,0,0,1
2538720585821,1791128522.680412,2680,tx,1017.8,734.3,772.0,,,1,0,0,1
2538860597954,1791128522.820424,2820,tx,1044.6,716.4,758.3,,,1,0,0,1
2539000578538,1791128522.960404,2960,tx,11716.3,740.5,776.6,,,1,0,0,1
2539140560772,1791128523.100387,3100,tx,1023.5,759.5,792.7,,,1,0,0,1
2539280597567,1791128523.240424,3240,tx,1065.0,719.5,752.6,,,1,0,0,1
2539420574562,1791128523.380401,3380,tx,1036.8,737.1,773.8,,,1,0,0,1
2539580442087,1791128523.540268,3540,tx,2067.7,1871.9,1905.1,,,1,0,0,1
2539720576131,1791128523.680403,3680,tx,943.6,743.5,778.6,,,1,0,0,1
2539860536866,1791128523.820363,3820,tx,1063.5,788.6,813.7,,,1,0,0,1
2540000509961,1791128523.960336,3960,tx,11746.8,815.4,836.4,,,1,0,0,1
2540141517231,1791128524.101343,4101,tx,1079.4,809.6,833.7,,,1,0,0,1
2540280557433,1791128524.240383,4240,tx,1036.7,758.7,789.5,,,1,0,0,1
2540420555849,1791128524.380382,4380,tx,1003.1,757.8,787.4,,,1,0,0,1
2540580393696,1791128524.540220,4540,tx,2094.8,1930.0,1954.2,,,1,0,0,1
2540720569661,1791128524.680396,4680,tx,1039.5,745.5,777.5,,,1,0,0,1
2540860576807,1791128524.820403,4820,tx,912.5,744.7,768.3,,,1,0,0,1
2541000555693,1791128524.960382,4960,tx,11766.8,763.4,784.1,,,1,0,0,1
2541140534001,1791128525.100360,5100,tx,965.9,784.6,809.9,,,1,0,0,1
2541280513248,1791128525.240340,5240,tx,1004.2,805.5,829.2,,,1,0,0,1
2541420540446,1791128525.380367,5380,tx,990.5,771.3,801.9,,,1,0,0,1
2541580401933,1791128525.540228,5540,tx,2084.8,1912.2,1935.7,,,1,0,0,1
2541721566254,1791128525.681392,5681,tx,1015.0,734.4,774.2,,,1,0,0,1
2541861577972,1791128525.821404,5821,tx,916.5,731.1,763.0,,,1,0,0,1
2542001495220,1791128525.961321,5961,tx,10475.0,816.2,840.4,,,1,0,0,1
2542141544038,1791128526.101370,6101,tx,976.7,773.2,803.0,,,1,0,0,1
2542281512127,1791128526.241338,6241,tx,1075.3,794.9,824.8,,,1,0,0,1
2542422040393,1791128526.381866,6381,tx,550.3,247.9,297.6,,,1,0,0,1
2542579443966,1791128526.539270,6539,tx,2067.8,1858.1,1891.4,,,1,0,0,1
2542720610798,1791128526.680437,6680,tx,1140.8,672.1,723.3,,,1,0,0,1
2542862069139,1791128526.821895,6821,tx,2044.2,214.1,267.9,,,1,0,0,1
2543002776114,1791128526.962602,6962,tx,9491.8,508.9,561.7,,,1,0,0,1
2543140599006,1791128527.100425,7100,tx,1104.1,681.3,737.4,,,1,0,0,1
2543281041604,1791128527.240868,7240,tx,2106.8,248.1,295.3,,,1,0,0,1
2543422390266,1791128527.382216,7382,tx,5677.0,890.3,942.6,,,1,0,0,1
2543587479528,1791128527.547305,7547,tx,2735.2,1825.4,1849.5,,,1,0,0,1
2543728071215,1791128527.687897,7687,tx,610.6,211.0,261.8,,,1,0,0,1
2543868598493,1791128527.828424,7828,tx,1216.4,678.1,733.6,,,1,0,0,1
2544007635228,1791128527.967461,7967,tx,7620.6,640.4,697.1,,,1,0,0,1
2544149390579,1791128528.109216,8109,tx,1431.6,886.9,941.3,,,1,0,0,1
2544287606061,1791128528.247432,8247,tx,3453.2,675.3,723.8,,,1,0,0,1
2544428640157,1791128528.388466,8388,tx,1637.4,632.4,687.8,,,1,0,0,1
2544585493505,1791128528.545319,8545,tx,4010.0,1809.1,1835.3,,,1,0,0,1
2544729408636,1791128528.689234,8689,tx,1894.2,852.8,921.2,,,1,0,0,1
2544875773772,1791128528.835599,8835,tx,3283.3,482.8,558.0,,,1,0,0,1
2545022765995,1791128528.982592,8982,tx,2282.0,489.6,561.0,,,1,0,0,1
2545168745615,1791128529.128572,9128,tx,1300.3,529.3,593.7,,,1,0,0,1
2545308115861,1791128529.267941,9267,tx,590.4,150.0,209.8,,,1,0,0,1
2545446635112,1791128529.406461,9406,tx,1737.3,629.0,684.5,,,1,0,0,1
2545587488020,1791128529.547314,9547,tx,2726.6,1805.4,1834.0,,,1,0,0,1
2545727602412,1791128529.687428,9687,tx,3426.7,668.0,720.6,,,1,0,0,1
2545867611805,1791128529.827438,9827,tx,2445.0,657.3,711.2,,,1,0,0,1
2546007731817,1791128529.967558,9967,tx,9513.4,529.2,589.0,,,1,0,0,1
2546147733951,1791128530.107559,10107,tx,1322.0,531.6,585.7,,,1,0,0,1
2546290327631,1791128530.250154,10250,tx,7770.7,932.1,987.7,,,1,0,0,1
2546428417465,1791128530.388243,10388,tx,4002.7,844.5,900.7,,,1,0,0,1
2546585409306,1791128530.545235,10545,tx,4641.5,886.0,907.7,,,1,0,0,1
2546725115922,1791128530.684942,10684,tx,4809.4,144.1,199.8,,,1,0,0,1
2546865593353,1791128530.825419,10825,tx,1114.6,667.8,723.0,,,1,0,0,1
2547005093420,1791128530.964919,10964,tx,10962.0,163.3,219.7,,,1,0,0,1
2547147133934,1791128531.106960,11106,tx,1139.3,128.2,180.7,,,1,0,0,1
2547284586484,1791128531.244412,11244,tx,2468.7,667.0,723.0,,,1,0,0,1
2547427348204,1791128531.387174,11387,tx,5057.7,903.9,964.3,,,1,0,0,1
2547582495976,1791128531.542322,11542,tx,5560.4,1791.0,1814.4,,,1,0,0,1
2547725786284,1791128531.685612,11685,tx,5164.6,448.0,521.6,,,1,0,0,1
2547864007589,1791128531.823833,11823,tx,2092.1,243.0,302.6,,,1,0,0,1
2548003559547,1791128531.963385,11963,tx,17511.0,691.1,750.4,,,1,0,0,1
2548144035621,1791128532.103862,12103,tx,4441.6,217.7,274.3,,,1,0,0,1
2548283295381,1791128532.243121,12243,tx,3502.5,958.6,1014.7,,,1,0,0,1
2548423730986,1791128532.383557,12383,tx,2329.2,514.9,577.1,,,1,0,0,1
2548582089972,1791128532.541916,12541,tx,686.4,163.5,215.7,,,1,0,0,1
2548720629147,1791128532.680455,12680,tx,2731.4,616.0,678.5,,,1,0,0,1
2548860626543,1791128532.820452,12820,tx,1112.6,617.6,680.1,,,1,0,0,1
2549000639280,1791128532.960465,12960,tx,11049.4,601.7,665.8,,,1,0,0,1
2549140612618,1791128533.100439,13100,tx,1276.2,625.9,687.7,,,1,0,0,1
2549281726880,1791128533.241553,13241,tx,1057.8,514.9,575.7,,,1,0,0,1
2549420602964,1791128533.380429,13380,tx,1078.1,641.2,696.7,,,1,0,0,1
2549584249973,1791128533.544075,13544,tx,4678.0,1023.6,1050.9,,,1,0,0,1
2549724408650,1791128533.684234,13684,tx,3917.5,827.4,888.0,,,1,0,0,1
2549863619813,1791128533.823446,13823,tx,2196.1,616.1,679.9,,,1,0,0,1
2550003565281,1791128533.963391,13963,tx,8764.3,676.5,732.1,,,1,0,0,1
2550143547300,1791128534.103373,14103,tx,1055.6,700.0,750.0,,,1,0,0,1
2550283580349,1791128534.243406,14243,tx,1067.2,665.6,720.4,,,1,0,0,1
2550423572039,1791128534.383398,14383,tx,1037.6,674.3,722.1,,,1,0,0,1
2550579394242,1791128534.539220,14539,tx,2246.6,1866.4,1899.6,,,1,0,0,1
2550720585675,1791128534.680411,14680,tx,1003.5,658.7,709.7,,,1,0,0,1
2550860545324,1791128534.820371,14820,tx,1003.3,701.6,744.0,,,1,0,0,1
2551000514324,1791128534.960340,14960,tx,11413.9,733.4,777.4,,,1,0,0,1
2551139530379,1791128535.099357,99,tx,1039.2,721.1,759.6,,,1,0,0,1
2551280527284,1791128535.240353,240,tx,1090.1,716.7,758.1,,,1,0,0,1
2551420529085,1791128535.380355,380,tx,1112.4,714.5,758.3,,,1,0,0,1
2551580413688,1791128535.540240,540,tx,2236.6,1831.2,1873.8,,,1,0,0,1
2551720503088,1791128535.680330,680,tx,1054.0,744.5,782.8,,,1,0,0,1
2551861490273,1791128535.821317,821,tx,1046.4,763.9,795.4,,,1,0,0,1
2552000621278,1791128535.960447,960,tx,13421.9,607.6,664.9,,,1,0,0,1
2552141623484,1791128536.101449,1101,tx,5073.5,593.3,664.5,,,1,0,0,1
2552282949209,1791128536.242775,1242,tx,3487.6,240.5,333.3,,,1,0,0,1
2552421598488,1791128536.381424,1381,tx,1140.9,634.6,688.4,,,1,0,0,1
2552584401567,1791128536.544228,1544,tx,5430.4,1847.5,1882.2,,,1,0,0,1
2552726982015,1791128536.686808,1686,tx,1178.1,245.8,299.7,,,1,0,0,1
2552864498130,1791128536.824324,1824,tx,1101.7,741.0,783.2,,,1,0,0,1
2553004496412,1791128536.964323,1964,tx,7785.7,732.8,783.7,,,1,0,0,1
2553144475025,1791128537.104301,2104,tx,1082.6,763.5,802.4,,,1,0,0,1
2553284484238,1791128537.244311,2244,tx,1072.4,759.5,795.0,,,1,0,0,1
2553424466231,1791128537.384293,2384,tx,1047.8,780.8,810.0,,,1,0,0,1
2553579363604,1791128537.539190,2539,tx,2130.0,1885.4,1910.3,,,1,0,0,1
2553720499991,1791128537.680326,2680,tx,940.6,736.8,773.7,,,1,0,0,1
2553860431954,1791128537.820258,2820,tx,997.0,817.8,842.7,,,1,0,0,1
2554000504347,1791128537.960330,2960,tx,11368.8,768.3,795.8,,,1,0,0,1
2554140443571,1791128538.100270,3100,tx,1048.5,798.4,828.9,,,1,0,0,1
2554280479106,1791128538.240305,3240,tx,1039.5,760.9,800.8,,,1,0,0,1
2554420472060,1791128538.380299,3380,tx,964.7,779.2,799.9,,,1,0,0,1
2554580347527,1791128538.540174,3540,tx,2084.8,1901.7,1923.7,,,1,0,0,1
2554720489371,1791128538.680316,3680,tx,932.1,748.3,778.8,,,1,0,0,1
2554860466306,1791128538.820293,3820,tx,967.0,779.7,801.4,,,1,0,0,1
2555000516820,1791128538.960343,3960,tx,11382.5,719.9,763.5,,,1,0,0,1
2555140476426,1791128539.100303,4100,tx,1041.0,762.0,791.0,,,1,0,0,1
2555280443091,1791128539.240269,4240,tx,1063.0,789.3,819.2,,,1,0,0,1
2555420457387,1791128539.380284,4380,tx,1019.5,777.5,808.5,,,1,0,0,1
2555580336306,1791128539.540163,4540,tx,2062.1,1903.0,1925.9,,,1,0,0,1
2555721489585,1791128539.681316,4681,tx,1031.2,745.2,775.8,,,1,0,0,1
2555861471731,1791128539.821298,4821,tx,972.2,754.9,792.6,,,1,0,0,1
2556001470997,1791128539.961297,4961,tx,10822.2,758.4,792.8,,,1,0,0,1
2556140485739,1791128540.100312,5100,tx,900.8,753.8,778.7,,,1,0,0,1
2556281451871,1791128540.241278,5241,tx,1082.2,778.8,818.7,,,1,0,0,1
2556421456258,1791128540.381283,5381,tx,939.5,784.4,805.9,,,1,0,0,1
2556581340588,1791128540.541167,5541,tx,2019.7,1889.5,1916.2,,,1,0,0,1
2556721487964,1791128540.681314,5681,tx,892.3,740.3,772.3,,,1,0,0,1
2556861464671,1791128540.821291,5821,tx,928.1,779.2,795.7,,,1,0,0,1
2557001447888,1791128540.961274,5961,tx,10839.9,771.4,811.1,,,1,0,0,1
2557141247527,1791128541.101074,6101,tx,1168.7,961.0,1009.1,,,1,0,0,1
2557281429675,1791128541.241256,6241,tx,977.3,791.7,827.0,,,1,0,0,1
2557421441373,1791128541.381268,6381,tx,967.5,797.2,815.8,,,1,0,0,1
2557580311260,1791128541.540138,6540,tx,2085.2,1920.9,1940.3,,,1,0,0,1
2557720439347,1791128541.680266,6680,tx,989.0,787.5,821.8,,,1,0,0,1
2557860391846,1791128541.820218,6820,tx,1030.6,835.7,862.6,,,1,0,0,1
2558000417864,1791128541.960244,6960,tx,11405.9,810.3,832.5,,,1,0,0,1
2558140435073,1791128542.100261,7100,tx,993.6,784.7,820.8,,,1,0,0,1
2558280439383,1791128542.240265,7240,tx,979.7,775.5,812.6,,,1,0,0,1
2558420432643,1791128542.380259,7380,tx,1014.3,785.5,829.1,,,1,0,0,1
2558580341755,1791128542.540168,7540,tx,2046.6,1856.8,1909.1,,,1,0,0,1
2558721436289,1791128542.681262,7681,tx,984.9,777.7,824.4,,,1,0,0,1
2558861435389,1791128542.821262,7821,tx,940.3,789.7,815.8,,,1,0,0,1
2559001431138,1791128542.961257,7961,tx,10293.3,795.7,818.2,,,1,0,0,1
2559141456849,1791128543.101283,8101,tx,950.1,760.6,790.6,,,1,0,0,1
2559281398080,1791128543.241225,8241,tx,1021.1,828.4,848.3,,,1,0,0,1
2559421494470,1791128543.381321,8381,tx,938.6,739.7,751.5,,,1,0,0,1
2559579353965,1791128543.539180,8539,tx,2042.3,1856.6,1890.3,,,1,0,0,1
2559720414550,1791128543.680241,8680,tx,991.3,784.8,831.4,,,1,0,0,1
2559860385872,1791128543.820212,8820,tx,1038.4,832.0,868.7,,,1,0,0,1
2560000413712,1791128543.960240,8960,tx,11346.5,806.2,826.7,,,1,0,0,1
2560139422869,1791128544.099249,9099,tx,1018.4,801.3,818.4,,,1,0,0,1
2560280417006,1791128544.240243,9240,tx,1087.4,800.8,822.6,,,1,0,0,1
2560420417158,1791128544.380243,9380,tx,980.0,796.6,822.7,,,1,0,0,1
2560579309709,1791128544.539136,9539,tx,2150.0,1898.0,1923.3,,,1,0,0,1
2560720427936,1791128544.680254,9680,tx,1033.8,774.7,808.2,,,1,0,0,1
2560860407848,1791128544.820234,9820,tx,994.8,802.7,827.6,,,1,0,0,1
2561000443270,1791128544.960269,9960,tx,11638.5,760.3,791.1,,,1,0,0,1
2561140528652,1791128545.100354,10100,tx,1241.2,641.3,710.2,,,1,0,0,1
2561280436556,1791128545.240263,10240,tx,1038.2,759.3,796.7,,,1,0,0,1
2561425265844,1791128545.385092,10385,tx,1416.2,909.3,969.7,,,1,0,0,1
2561583361501,1791128545.543187,10543,tx,2217.6,1840.6,1875.4,,,1,0,0,1
2561725715772,1791128545.685542,10685,tx,1882.7,453.4,522.5,,,1,0,0,1
2561863543597,1791128545.823369,10823,tx,1153.1,630.5,692.1,,,1,0,0,1
2562003527410,1791128545.963353,10963,tx,13541.0,646.9,708.1,,,1,0,0,1
2562144210481,1791128546.104036,11104,tx,1438.7,964.1,1024.4,,,1,0,0,1
2562286140175,1791128546.245966,11245,tx,1512.6,1031.2,1094.9,,,1,0,0,1
2562426313899,1791128546.386140,11386,tx,3563.8,854.7,914.3,,,1,0,0,1
2562582915935,1791128546.542742,11542,tx,4140.0,1280.6,1317.7,,,1,0,0,1
2562724424552,1791128546.684250,11684,tx,1198.5,745.8,806.3,,,1,0,0,1
2562863537771,1791128546.823364,11823,tx,3519.7,635.4,691.5,,,1,0,0,1
2563003532696,1791128546.963358,11963,tx,11508.0,633.9,697.1,,,1,0,0,1
2563144187168,1791128547.104013,12104,tx,2845.7,987.0,1042.7,,,1,0,0,1
2563283620857,1791128547.243447,12243,tx,1023.8,548.2,604.7,,,1,0,0,1
2563423919661,1791128547.383745,12383,tx,721.4,246.3,307.2,,,1,0,0,1
2563580384740,1791128547.540211,12540,tx,2185.3,1809.9,1836.6,,,1,0,0,1
2563722801843,1791128547.682628,12682,tx,7452.8,362.8,419.4,,,1,0,0,1
2563862392591,1791128547.822218,12822,tx,7535.0,777.5,831.1,,,1,0,0,1
2564001513112,1791128547.961339,12961,tx,14550.0,656.8,711.3,,,1,0,0,1
2564141523409,1791128548.101349,13101,tx,1195.5,643.5,701.3,,,1,0,0,1
2564282320911,1791128548.242146,13242,tx,3732.9,850.4,901.8,,,1,0,0,1
2564423130894,1791128548.382956,13382,tx,4927.6,1026.9,1092.6,,,1,0,0,1
2564603051130,1791128548.562877,13562,tx,2250.5,1135.6,1169.8,,,1,0,0,1
2564742522990,1791128548.702349,13702,tx,3543.9,635.2,697.4,,,1,0,0,1
2564883413502,1791128548.843239,13843,tx,1609.0,750.3,806.2,,,1,0,0,1
2565022410635,1791128548.982236,13982,tx,1189.9,755.8,804.9,,,1,0,0,1
2565162533642,1791128549.122359,14122,tx,1708.8,630.1,684.6,,,1,0,0,1
2565303042518,1791128549.262868,14262,tx,2520.8,1115.5,1174.0,,,1,0,0,1
2565444165451,1791128549.403991,14403,tx,2627.0,992.0,1051.4,,,1,0,0,1
2565590487596,1791128549.550313,14550,tx,1219.6,670.3,726.4,,,1,0,0,1
2565732448214,1791128549.692274,14692,tx,2905.0,712.5,767.9,,,1,0,0,1
2565871571227,1791128549.831397,14831,tx,2471.9,591.8,642.1,,,1,0,0,1
2566011582085,1791128549.971408,14971,tx,4471.0,573.5,631.5,,,1,0,0,1
2566151566055,1791128550.111392,111,tx,1118.4,587.1,645.4,,,1,0,0,1
2566291566624,1791128550.251393,251,tx,1206.2,586.7,646.7,,,1,0,0,1
2566431806473,1791128550.391632,391,tx,775.4,351.2,404.0,,,1,0,0,1
2566579289813,1791128550.539116,539,tx,2172.9,1889.9,1918.5,,,1,0,0,1
2566720405217,1791128550.680231,680,tx,999.2,766.8,801.3,,,1,0,0,1
2566860414026,1791128550.820240,820,tx,1019.9,753.4,792.1,,,1,0,0,1
2567000399336,1791128550.960226,960,tx,11321.2,773.5,805.9,,,1,0,0,1
2567140407827,1791128551.100234,1100,tx,993.7,762.7,796.9,,,1,0,0,1
2567280400268,1791128551.240227,1240,tx,1162.9,772.7,804.6,,,1,0,0,1
2567420409719,1791128551.380236,1380,tx,1019.9,759.2,792.5,,,1,0,0,1
2567579278560,1791128551.539105,1539,tx,2118.1,1897.5,1922.3,,,1,0,0,1
2567720411925,1791128551.680238,1680,tx,1041.9,752.5,790.3,,,1,0,0,1
2567860407186,1791128551.820234,1820,tx,983.6,753.2,793.9,,,1,0,0,1
2568000384827,1791128551.960211,1960,tx,11608.5,782.6,811.7,,,1,0,0,1
2568140404339,1791128552.100231,2100,tx,930.5,769.0,795.0,,,1,0,0,1
2568280407301,1791128552.240234,2240,tx,1051.7,763.7,787.7,,,1,0,0,1
2568420415384,1791128552.380242,2380,tx,904.1,744.8,776.8,,,1,0,0,1
2568580275501,1791128552.540102,2540,tx,2140.3,1889.3,1916.4,,,1,0,0,1
2568719429628,1791128552.679255,2679,tx,2886.6,693.3,769.9,,,1,0,0,1
2568860256746,1791128552.820083,2820,tx,1499.7,894.7,940.1,,,1,0,0,1
2569004392666,1791128552.964218,2964,tx,12773.6,746.0,798.5,,,1,0,0,1
2569141521164,1791128553.101346,3101,tx,6559.2,599.6,677.0,,,1,0,0,1
2569281579107,1791128553.241405,3241,tx,3555.0,552.3,617.0,,,1,0,0,1
2569422803295,1791128553.382629,3382,tx,7252.6,332.3,392.8,,,1,0,0,1
2569580387596,1791128553.540213,3540,tx,7254.6,1772.5,1800.7,,,1,0,0,1
2569720495358,1791128553.680321,3680,tx,2148.8,638.3,698.8,,,1,0,0,1
2569861475667,1791128553.821301,3821,tx,1746.8,666.5,717.7,,,1,0,0,1
2570002089857,1791128553.961915,3961,tx,14686.8,1044.2,1103.3,,,1,0,0,1
2570143401404,1791128554.103227,4103,tx,5657.7,728.0,787.9,,,1,0,0,1
2570280796493,1791128554.240622,4240,tx,1502.7,329.1,392.1,,,1,0,0,1
2570424141130,1791128554.383966,4383,tx,1547.8,987.3,1050.9,,,1,0,0,1
2570583304174,1791128554.543130,4543,tx,4663.6,1864.3,1884.8,,,1,0,0,1
2570724488713,1791128554.684315,4684,tx,4156.6,644.2,700.7,,,1,0,0,1
2570864450028,1791128554.824276,4824,tx,9004.0,676.1,737.6,,,1,0,0,1
2571004378883,1791128554.964205,4964,tx,8055.1,749.1,808.4,,,1,0,0,1
2571145634472,1791128555.105460,5105,tx,1296.0,492.2,552.2,,,1,0,0,1
2571285493359,1791128555.245319,5245,tx,2300.8,631.7,692.9,,,1,0,0,1
2571426952557,1791128555.386778,5386,tx,1828.9,165.3,231.3,,,1,0,0,1
2571581028909,1791128555.540855,5540,tx,1845.6,1106.4,1149.8,,,1,0,0,1
2571721311623,1791128555.681137,5681,tx,1311.3,812.7,872.0,,,1,0,0,1
2571861529728,1791128555.821356,5821,tx,2469.4,599.2,652.8,,,1,0,0,1
2572000554479,1791128555.960380,5960,tx,11713.8,572.0,628.1,,,1,0,0,1
2572142454706,1791128556.102280,6102,tx,1347.1,663.9,726.9,,,1,0,0,1
2572281570178,1791128556.241396,6241,tx,3812.6,551.7,608.7,,,1,0,0,1
2572425274566,1791128556.385100,6385,tx,7369.8,838.2,902.6,,,1,0,0,1
2572583281789,1791128556.543108,6543,tx,1592.8,866.2,896.4,,,1,0,0,1
2572721632885,1791128556.681459,6681,tx,3426.5,489.0,543.7,,,1,0,0,1
2572861707272,1791128556.821533,6821,tx,1905.1,410.8,469.7,,,1,0,0,1
2573001471130,1791128556.961297,6961,tx,14604.2,645.2,704.6,,,1,0,0,1
2573140460924,1791128557.100287,7100,tx,1125.7,653.1,717.4,,,1,0,0,1
2573281350317,1791128557.241176,7241,tx,1262.3,769.8,828.5,,,1,0,0,1
2573422296511,1791128557.382122,7382,tx,2071.7,817.8,878.9,,,1,0,0,1
2573582311555,1791128557.542137,7542,tx,2404.6,1819.8,1858.5,,,1,0,0,1
2573727324477,1791128557.687150,7687,tx,3297.8,786.2,849.0,,,1,0,0,1
2573873572573,1791128557.833398,7833,tx,1622.2,541.5,599.8,,,1,0,0,1
2574015366692,1791128557.975193,7975,tx,5697.4,738.3,801.2,,,1,0,0,1
2574153755260,1791128558.113581,8113,tx,2098.8,324.1,415.3,,,1,0,0,1
2574296060578,1791128558.255886,8255,tx,3197.3,1042.4,1110.9,,,1,0,0,1
2574436554755,1791128558.396380,8396,tx,2024.5,544.2,614.5,,,1,0,0,1
2574583187560,1791128558.543013,8543,tx,1713.0,954.0,977.7,,,1,0,0,1
2574726048124,1791128558.685874,8685,tx,4497.2,1058.1,1119.7,,,1,0,0,1
2574864197574,1791128558.824023,8824,tx,2528.9,909.3,971.0,,,1,0,0,1
2575010904499,1791128558.970730,8970,tx,4160.4,200.3,255.6,,,1,0,0,1
2575153626085,1791128559.113452,9113,tx,2097.9,475.1,538.7,,,1,0,0,1
2575294456302,1791128559.254282,9254,tx,3401.2,646.1,709.1,,,1,0,0,1
2575434279204,1791128559.394105,9394,tx,7642.5,826.9,886.4,,,1,0,0,1
2575580698281,1791128559.540524,9540,tx,5379.9,1424.5,1461.9,,,1,0,0,1
2575721607167,1791128559.681433,9681,tx,1943.3,490.1,557.8,,,1,0,0,1
2575861281240,1791128559.821107,9821,tx,2836.3,825.6,882.7,,,1,0,0,1
2576001216381,1791128559.961042,9961,tx,11006.5,887.2,944.7,,,1,0,0,1
2576141010944,1791128560.100837,10100,tx,4045.7,1093.9,1149.8,,,1,0,0,1
2576281717873,1791128560.241544,10241,tx,4242.6,383.0,441.4,,,1,0,0,1
2576421150348,1791128560.380976,10380,tx,1991.8,949.9,1011.0,,,1,0,0,1
2576583210055,1791128560.543036,10543,tx,1576.5,896.2,944.5,,,1,0,0,1
2576724263412,1791128560.684089,10684,tx,3287.7,824.1,893.3,,,1,0,0,1
2576865736387,1791128560.825562,10825,tx,1926.7,342.3,419.3,,,1,0,0,1
2577003716099,1791128560.963542,10963,tx,8299.3,365.7,438.8,,,1,0,0,1
2577143477043,1791128561.103303,11103,tx,1101.3,622.9,678.2,,,1,0,0,1
2577285466927,1791128561.245293,11245,tx,8211.2,623.5,685.6,,,1,0,0,1
2577423791759,1791128561.383618,11383,tx,1532.1,298.2,358.8,,,1,0,0,1
2577581278741,1791128561.541105,11541,tx,6329.0,1855.6,1877.5,,,1,0,0,1
2577723435694,1791128561.683261,11683,tx,1204.8,657.4,717.6,,,1,0,0,1
2577863054659,1791128561.822881,11822,tx,2282.3,1033.2,1097.9,,,1,0,0,1
2578002942483,1791128561.962768,11962,tx,15790.4,136.2,207.1,,,1,0,0,1
2578142479130,1791128562.102305,12102,tx,1100.6,605.2,669.7,,,1,0,0,1
2578281437860,1791128562.241263,12241,tx,1103.1,655.0,711.6,,,1,0,0,1
2578422944047,1791128562.382770,12382,tx,611.7,134.5,199.0,,,1,0,0,1
2578581267426,1791128562.541093,12541,tx,2190.7,1846.7,1878.3,,,1,0,0,1
2578721982547,1791128562.681809,12681,tx,1547.3,1108.6,1164.1,,,1,0,0,1
2578861408645,1791128562.821235,12821,tx,1092.8,691.2,735.5,,,1,0,0,1
2579001411809,1791128562.961238,12961,tx,10796.8,679.0,733.5,,,1,0,0,1
2579140443160,1791128563.100269,13100,tx,958.9,662.0,698.5,,,1,0,0,1
2579281336961,1791128563.241163,13241,tx,1101.3,769.9,804.5,,,1,0,0,1
2579421342287,1791128563.381169,13381,tx,1062.4,761.7,797.2,,,1,0,0,1
2579579226970,1791128563.539053,13539,tx,2170.6,1892.0,1911.4,,,1,0,0,1
2579720375580,1791128563.680202,13680,tx,977.1,723.3,764.4,,,1,0,0,1
2579860337846,1791128563.820164,13820,tx,1118.6,756.4,801.4,,,1,0,0,1
2580000380432,1791128563.960207,13960,tx,11627.3,710.3,756.9,,,1,0,0,1
2580140422028,1791128564.100248,14100,tx,1058.7,664.5,712.6,,,1,0,0,1
2580280467245,1791128564.240293,14240,tx,1048.5,625.1,673.5,,,1,0,0,1
2580420338023,1791128564.380164,14380,tx,1055.6,758.6,795.7,,,1,0,0,1
2580580207447,1791128564.540034,14540,tx,2098.1,1898.3,1925.2,,,1,0,0,1
2580721327789,1791128564.681154,14681,tx,1083.5,761.9,799.3,,,1,0,0,1
2580861345036,1791128564.821172,14821,tx,990.7,750.6,787.5,,,1,0,0,1
2581001331403,1791128564.961157,14961,tx,10353.0,765.4,800.8,,,1,0,0,1
2581140338226,1791128565.100164,100,tx,993.2,755.0,794.3,,,1,0,0,1
2581281332940,1791128565.241159,241,tx,1033.4,759.1,796.5,,,1,0,0,1
2581421367238,1791128565.381193,381,tx,1017.4,727.2,763.5,,,1,0,0,1
2581580194429,1791128565.540021,540,tx,2070.1,1910.8,1934.2,,,1,0,0,1
2581720362326,1791128565.680189,680,tx,975.1,731.9,765.9,,,1,0,0,1
2581860319215,1791128565.820145,820,tx,1042.8,764.4,807.7,,,1,0,0,1
2582000340903,1791128565.960167,960,tx,11412.1,740.0,784.0,,,1,0,0,1
2582140338192,1791128566.100164,1100,tx,1059.2,744.4,782.3,,,1,0,0,1
2582280335292,1791128566.240161,1240,tx,1014.2,746.1,788.9,,,1,0,0,1
2582420351841,1791128566.380178,1380,tx,1079.2,731.4,772.1,,,1,0,0,1
2582580210979,1791128566.540037,1540,tx,2080.7,1876.2,1911.3,,,1,0,0,1
2582720314478,1791128566.680141,1680,tx,994.8,768.2,807.5,,,1,0,0,1
2582860358297,1791128566.820184,1820,tx,966.4,722.0,762.7,,,1,0,0,1
2583000343607,1791128566.960170,1960,tx,11737.8,742.8,776.6,,,1,0,0,1
2583141329122,1791128567.101155,2101,tx,950.0,758.4,786.2,,,1,0,0,1
2583280311248,1791128567.240137,2240,tx,1042.8,765.8,808.3,,,1,0,0,1
2583420313419,1791128567.380140,2380,tx,935.6,780.2,803.3,,,1,0,0,1
2583580207627,1791128567.540034,2540,tx,2132.6,1864.4,1909.4,,,1,0,0,1
2583721303372,1791128567.681130,2681,tx,1037.1,776.1,812.4,,,1,0,0,1
2583861300863,1791128567.821127,2821,tx,1034.7,793.0,814.9,,,1,0,0,1
2584001312434,1791128567.961139,2961,tx,10499.1,769.4,803.9,,,1,0,0,1
2584140299651,1791128568.100126,3100,tx,997.6,788.8,815.4,,,1,0,0,1
2584281333087,1791128568.241159,3241,tx,1107.7,744.5,780.7,,,1,0,0,1
2584421323279,1791128568.381150,3381,tx,977.5,749.3,789.6,,,1,0,0,1
2584580181714,1791128568.540008,3540,tx,2082.4,1910.3,1933.2,,,1,0,0,1
2584720319836,1791128568.680146,3680,tx,951.4,751.8,790.5,,,1,0,0,1
2584860275598,1791128568.820102,3820,tx,991.0,800.8,834.6,,,1,0,0,1
2585000265680,1791128568.960092,3960,tx,11593.1,822.9,844.9,,,1,0,0,1
2585141303257,1791128569.101130,4101,tx,984.0,768.1,805.6,,,1,0,0,1
2585280326375,1791128569.240153,4240,tx,924.3,743.0,778.5,,,1,0,0,1
2585420285499,1791128569.380112,4380,tx,959.2,783.5,821.4,,,1,0,0,1
2585580203460,1791128569.540030,4540,tx,2048.1,1870.8,1903.6,,,1,0,0,1
