t_send_ns,t_unix,phase_ms,window,lat_status_us,lat_pin_us,lat_e2e_us,lat_rts_us,lat_unkey_us,was_tx,rts_before,decoding,transmitting
1990001203688,1791127973.961030,8961,idle,10290.5,181.9,220.7,,,0,0,0,0
1990141660491,1791127974.101486,9101,idle,959.3,721.6,768.4,,,0,0,0,0
1990280627103,1791127974.240453,9240,idle,990.6,758.7,810.3,,,0,0,0,0
1990421796007,1791127974.381622,9381,idle,912.9,592.4,631.0,,,0,0,0,0
1990581621816,1791127974.541448,9541,idle,998.0,780.8,803.5,,,0,0,0,0
1990721918489,1791127974.681745,9681,idle,756.8,463.3,507.2,,,0,0,0,0
1990861660252,1791127974.821486,9821,idle,933.6,743.8,770.6,,,0,0,0,0
1991001627265,1791127974.961454,9961,idle,10851.3,767.8,798.7,,,0,0,0,0
1991140587778,1791127975.100414,10100,idle,964.5,823.0,843.5,,,0,0,0,0
1991281811172,1791127975.241637,10241,idle,766.5,583.0,626.0,,,0,0,0,0
1991421670595,1791127975.381497,10381,idle,3914.2,727.9,770.0,,,0,0,0,0
1991580522235,1791127975.540349,10540,idle,2148.6,1884.8,1914.1,,,0,0,0,0
1991720666098,1791127975.680492,10680,idle,1039.2,719.4,773.8,,,0,0,0,0
1991860649081,1791127975.820475,10820,idle,960.5,754.1,779.3,,,0,0,0,0
1992000676675,1791127975.960503,10960,idle,11615.5,718.0,754.6,,,0,0,0,0
1992140700258,1791127976.100527,11100,idle,967.6,694.9,730.2,,,0,0,0,0
1992280652792,1791127976.240478,11240,idle,1009.5,737.4,788.5,,,0,0,0,0
1992420701306,1791127976.380527,11380,idle,910.5,682.5,722.8,,,0,0,0,0
1992581515726,1791127976.541342,11541,idle,2192.3,1890.3,1908.8,,,0,0,0,0
1992721690849,1791127976.681517,11681,idle,1010.6,689.9,732.9,,,0,0,0,0
1992861691003,1791127976.821517,11821,idle,974.2,703.3,738.0,,,0,0,0,0
1993001631797,1791127976.961458,11961,idle,24064.9,773.2,798.5,,,0,0,0,0
1993141177581,1791127977.101004,12101,idle,472.0,211.4,265.8,,,0,0,0,0
1993281820345,1791127977.241647,12241,idle,874.5,575.2,617.7,,,0,0,0,0
1993421720769,1791127977.381547,12381,idle,997.0,662.2,706.6,,,0,0,0,0
1993580501488,1791127977.540328,12540,idle,2204.6,1902.8,1927.1,,,0,0,0,0
1993720602092,1791127977.680429,12680,idle,971.9,798.1,823.5,,,0,0,0,0
1993861734117,1791127977.821561,12821,idle,940.0,668.6,696.1,,,0,0,0,0
1994000626410,1791127977.960453,12960,idle,11581.6,779.5,801.5,,,0,0,0,0
1994141640805,1791127978.101467,13101,idle,1022.6,753.8,800.6,,,0,0,0,0
1994280638129,1791127978.240464,13240,idle,1070.2,749.0,803.8,,,0,0,0,0
1994420690993,1791127978.380517,13380,idle,968.5,697.5,748.0,,,0,0,0,0
1994580525463,1791127978.540352,13540,idle,2062.1,1868.5,1903.5,,,0,0,0,0
1994721850218,1791127978.681677,13681,idle,805.5,547.7,581.6,,,0,0,0,0
1994861672752,1791127978.821499,13821,idle,983.1,730.7,756.8,,,0,0,0,0
1995001650876,1791127978.961477,13961,idle,10323.0,753.1,781.8,,,0,0,0,0
1995140670610,1791127979.100497,14100,idle,977.6,724.0,766.7,,,0,0,0,0
1995281783125,1791127979.241610,14241,idle,805.6,617.1,641.9,,,0,0,0,0
1995421667540,1791127979.381494,14381,idle,986.8,726.1,772.0,,,0,0,0,0
1995580498360,1791127979.540325,14540,idle,2136.8,1906.7,1932.1,,,0,0,0,0
1995720667965,1791127979.680494,14680,idle,1013.4,729.5,768.5,,,0,0,0,0
1995860692689,1791127979.820519,14820,idle,1013.5,690.8,738.8,,,0,0,0,0
1996000619584,1791127979.960446,14960,idle,10384.2,781.2,820.8,,,0,0,0,0
1996140622808,1791127980.100449,100,idle,1073.0,776.2,806.5,,,0,0,0,0
1996280660043,1791127980.240486,240,idle,1071.7,724.7,777.9,,,0,0,0,0
1996423718019,1791127980.383544,383,idle,2452.9,545.7,1709.6,,,0,0,0,0
1996586640541,1791127980.546467,546,idle,4935.4,3341.0,3370.8,,,0,0,0,0
1996728699797,1791127980.688526,688,idle,1362.2,674.5,733.3,,,0,0,0,0
1996867698391,1791127980.827524,827,idle,4451.3,402.4,2735.4,,,0,0,0,0
1997007905486,1791127980.967732,967,idle,7364.7,479.4,527.7,,,0,0,0,0
1997147696301,1791127981.107522,1107,idle,6726.2,406.5,5737.0,,,0,0,0,0
1997288154616,1791127981.247981,1247,idle,6899.9,1070.8,2281.4,,,0,0,0,0
1997428445381,1791127981.388271,1388,idle,1757.5,935.7,987.4,,,0,0,0,0
1997585142292,1791127981.544968,1544,idle,5367.0,790.7,4292.2,,,0,0,0,0
1997726359917,1791127981.686186,1686,idle,2392.9,703.1,1071.9,,,0,0,0,0
1997865728052,1791127981.825554,1825,idle,2037.3,655.8,708.3,,,0,0,0,0
1998006664677,1791127981.966491,1966,idle,4759.8,715.1,770.4,,,0,0,0,0
1998145738912,1791127982.105565,2105,idle,1151.4,634.3,692.8,,,0,0,0,0
1998286744478,1791127982.246570,2246,idle,1121.1,631.6,692.1,,,0,0,0,0
1998426758913,1791127982.386585,2386,idle,1129.1,606.6,670.4,,,0,0,0,0
1998581282853,1791127982.541108,2541,idle,1473.7,1119.5,1149.6,,,0,0,0,0
1998722206599,1791127982.682032,2682,idle,5578.0,396.6,4229.2,,,0,0,0,0
1998861760784,1791127982.821587,2821,idle,1088.0,614.8,674.1,,,0,0,0,0
1999004075430,1791127982.963901,2963,idle,8204.1,1027.8,1359.5,,,0,0,0,0
1999142005455,1791127983.101831,3101,idle,2076.5,372.0,427.1,,,0,0,0,0
1999282401001,1791127983.242227,3242,idle,6741.3,519.6,6151.6,,,0,0,0,0
1999428079039,1791127983.387905,3387,idle,4336.0,395.0,3354.5,,,0,0,0,0
1999584226499,1791127983.544052,3544,idle,5928.6,1624.5,1810.9,,,0,0,0,0
1999722366044,1791127983.682192,3682,idle,8712.5,2962.7,6651.8,,,0,0,0,0
1999863279160,1791127983.823105,3823,idle,10783.8,932.7,4154.4,,,0,0,0,0
2000001925246,1791127983.961751,3961,idle,11590.5,400.9,3509.1,,,0,0,0,0
2000141089201,1791127984.100915,4100,idle,837.2,291.1,346.6,,,0,0,0,0
2000283472578,1791127984.243299,4243,idle,1369.4,905.5,962.0,,,0,0,0,0
2000422826953,1791127984.382653,4382,idle,7231.4,551.3,604.0,,,0,0,0,0
2000581800336,1791127984.541626,4541,idle,4724.1,408.6,3632.7,,,0,0,0,0
2000725050833,1791127984.684876,4684,idle,685.6,295.1,380.9,,,0,0,0,0
2000863696238,1791127984.823522,4823,idle,6026.7,403.4,3739.1,,,0,0,0,0
2001002828084,1791127984.962654,4962,idle,8503.9,376.8,3602.7,,,0,0,0,0
2001143715110,1791127985.103541,5103,idle,3715.0,897.2,2722.2,,,0,0,0,0
2001283734876,1791127985.243561,5243,idle,9111.4,640.3,699.5,,,0,0,0,0
2001422772822,1791127985.382598,5382,idle,5117.9,581.9,1661.6,,,0,0,0,0
2001581181924,1791127985.541008,5541,idle,7105.6,2973.2,5825.3,,,0,0,0,0
2001721842821,1791127985.681669,5681,idle,7241.8,532.1,591.6,,,0,0,0,0
2001861710147,1791127985.821536,5821,idle,1089.1,670.7,725.0,,,0,0,0,0
2002000784113,1791127985.960610,5960,idle,14098.9,2886.7,6231.4,,,0,0,0,0
2002144856301,1791127986.104682,6104,idle,4894.3,397.0,3573.4,,,0,0,0,0
2002293077220,1791127986.252903,6252,idle,5323.3,384.7,3357.3,,,0,0,0,0
2002433417606,1791127986.393243,6393,idle,3074.7,479.3,2015.8,,,0,0,0,0
2002580551075,1791127986.540377,6540,idle,5504.2,874.3,2883.7,,,0,0,0,0
2002724272743,1791127986.684098,6684,idle,1720.4,987.3,1161.4,,,0,0,0,0
2002861741548,1791127986.821567,6821,idle,6728.3,383.4,4697.9,,,0,0,0,0
2003001913895,1791127986.961740,6961,idle,16157.3,391.4,1522.0,,,0,0,0,0
2003141337321,1791127987.101163,7101,idle,8730.2,410.9,4103.0,,,0,0,0,0
2003290545841,1791127987.250372,7250,idle,6531.6,363.6,3887.3,,,0,0,0,0
2003431860658,1791127987.391686,7391,idle,9199.8,397.8,3576.1,,,0,0,0,0
2003586305250,1791127987.546131,7546,idle,4243.2,405.0,3134.0,,,0,0,0,0
2003728572167,1791127987.688398,7688,idle,13889.1,401.3,5867.4,,,0,0,0,0
2003867997424,1791127987.827823,7827,idle,3899.7,403.5,3438.4,,,0,0,0,0
2004007731061,1791127987.967557,7967,idle,3753.7,643.6,706.3,,,0,0,0,0
2004147755627,1791127988.107581,8107,idle,1099.1,630.0,687.2,,,0,0,0,0
2004287743605,1791127988.247569,8247,idle,1099.5,632.8,694.0,,,0,0,0,0
2004427742062,1791127988.387568,8387,idle,1095.3,636.4,693.5,,,0,0,0,0
2004580554383,1791127988.540381,8540,idle,2186.8,1851.7,1884.0,,,0,0,0,0
2004720646780,1791127988.680473,8680,idle,1029.5,745.0,784.0,,,0,0,0,0
2004861803517,1791127988.821630,8821,idle,1030.4,581.8,633.5,,,0,0,0,0
2005000666884,1791127988.960493,8960,idle,10740.3,745.3,766.0,,,0,0,0,0
2005141657871,1791127989.101484,9101,idle,1085.4,734.4,779.7,,,0,0,0,0
2005280687018,1791127989.240513,9240,idle,1045.4,685.9,742.1,,,0,0,0,0
2005421776786,1791127989.381603,9381,idle,959.7,607.2,657.2,,,0,0,0,0
2005580541060,1791127989.540367,9540,idle,2130.8,1862.1,1892.0,,,0,0,0,0
2005720670817,1791127989.680497,9680,idle,967.1,706.8,763.6,,,0,0,0,0
2005863762955,1791127989.823589,9823,idle,5055.4,413.0,3675.4,,,0,0,0,0
2006003143762,1791127989.962970,9962,idle,9142.1,226.0,292.1,,,0,0,0,0
2006142056290,1791127990.101882,10101,idle,4047.1,2210.6,3622.9,,,0,0,0,0
2006284043848,1791127990.243870,10243,idle,867.8,335.1,393.2,,,0,0,0,0
2006423277585,1791127990.383103,10383,idle,4549.7,403.2,4162.0,,,0,0,0,0
2006583139239,1791127990.542965,10542,idle,5710.8,409.6,3298.3,,,0,0,0,0
2006720650246,1791127990.680476,10680,idle,1060.6,739.0,785.5,,,0,0,0,0
2006860693584,1791127990.820520,10820,idle,996.5,706.3,742.0,,,0,0,0,0
2007000678561,1791127990.960505,10960,idle,11580.7,700.0,755.1,,,0,0,0,0
2007140658759,1791127991.100485,11100,idle,993.7,741.0,774.3,,,0,0,0,0
2007280628617,1791127991.240455,11240,idle,1048.9,770.0,804.3,,,0,0,0,0
2007420649604,1791127991.380476,11380,idle,1005.2,738.0,780.4,,,0,0,0,0
2007579515429,1791127991.539342,11539,idle,2142.6,1890.0,1917.2,,,0,0,0,0
2007720629537,1791127991.680456,11680,idle,1049.9,765.7,805.7,,,0,0,0,0
2007860662535,1791127991.820489,11820,idle,918.1,737.7,770.1,,,0,0,0,0
2008000627402,1791127991.960454,11960,idle,11266.9,774.7,807.6,,,0,0,0,0
2008140639481,1791127992.100466,12100,idle,994.0,756.4,804.4,,,0,0,0,0
2008280621359,1791127992.240448,12240,idle,980.8,772.0,817.2,,,0,0,0,0
2008420653957,1791127992.380480,12380,idle,1047.6,736.1,777.8,,,0,0,0,0
2008580503072,1791127992.540329,12540,idle,2166.6,1902.4,1931.7,,,0,0,0,0
2008720618930,1791127992.680445,12680,idle,974.9,778.6,827.6,,,0,0,0,0
2008860618038,1791127992.820444,12820,idle,973.7,794.9,817.4,,,0,0,0,0
2009000644746,1791127992.960471,12960,idle,11716.9,764.0,789.3,,,0,0,0,0
2009141618584,1791127993.101445,13101,idle,972.6,778.6,819.5,,,0,0,0,0
2009280597263,1791127993.240423,13240,idle,1002.6,795.0,836.0,,,0,0,0,0
2009420646881,1791127993.380473,13380,idle,1038.7,761.4,797.8,,,0,0,0,0
2009580563066,1791127993.540389,13540,idle,2125.7,1825.4,1869.5,,,0,0,0,0
2009721681115,1791127993.681507,13681,idle,1069.4,711.5,762.1,,,0,0,0,0
2009860609343,1791127993.820436,13820,idle,967.2,802.2,825.9,,,0,0,0,0
2010001697791,1791127993.961524,13961,idle,10034.5,710.7,732.5,,,0,0,0,0
2010140640430,1791127994.100467,14100,idle,960.8,768.6,793.1,,,0,0,0,0
2010281725669,1791127994.241552,14241,idle,914.9,678.3,719.8,,,0,0,0,0
2010421603027,1791127994.381429,14381,idle,1017.5,792.8,844.1,,,0,0,0,0
2010580491662,1791127994.540318,14540,idle,2111.4,1916.5,1939.2,,,0,0,0,0
2010720610531,1791127994.680437,14680,idle,1018.4,809.0,839.2,,,0,0,0,0
2010866651402,1791127994.826478,14826,idle,967.8,746.7,784.0,,,0,0,0,0
2011010728632,1791127994.970555,14970,idle,1399.9,669.6,719.0,,,0,0,0,0
2011151688651,1791127995.111515,111,idle,983.8,715.0,758.5,,,0,0,0,0
2011290710520,1791127995.250537,250,idle,878.0,681.9,721.8,,,0,0,0,0
2011430697728,1791127995.390524,390,idle,894.1,702.4,736.0,,,0,0,0,0
2011580489251,1791127995.540316,540,idle,2113.5,1929.5,1949.1,,,0,0,0,0
2011720646930,1791127995.680473,680,idle,975.1,758.9,790.4,,,0,0,0,0
2011861729779,1791127995.821556,821,idle,906.3,679.6,709.5,,,0,0,0,0
2012000650947,1791127995.960477,960,idle,10737.2,760.0,788.8,,,0,0,0,0
2012141608987,1791127996.101435,1101,idle,1011.0,800.8,832.7,,,0,0,0,0
2012280665136,1791127996.240491,1240,idle,1025.2,732.3,773.0,,,0,0,0,0
2012421737265,1791127996.381563,1381,idle,881.6,664.2,700.6,,,0,0,0,0
2012579513531,1791127996.539340,1539,idle,2182.1,1903.0,1927.5,,,0,0,0,0
2012720696740,1791127996.680523,1680,idle,1023.1,702.7,750.4,,,0,0,0,0
2012860604189,1791127996.820431,1820,idle,993.4,805.3,831.9,,,0,0,0,0
2013000633098,1791127996.960459,1960,idle,11587.0,781.9,806.2,,,0,0,0,0
2013140600888,1791127997.100427,2100,idle,1106.3,812.0,837.1,,,0,0,0,0
2013280599237,1791127997.240426,2240,idle,969.7,814.0,833.8,,,0,0,0,0
2013420619536,1791127997.380446,2380,idle,997.6,786.9,818.2,,,0,0,0,0
2013579496133,1791127997.539322,2539,idle,2100.0,1921.7,1944.5,,,0,0,0,0
2013720606172,1791127997.680432,2680,idle,1081.7,790.7,829.2,,,0,0,0,0
2013860645932,1791127997.820472,2820,idle,964.0,759.2,790.5,,,0,0,0,0
2014000602331,1791127997.960429,2960,idle,11630.1,808.9,835.5,,,0,0,0,0
2014140599221,1791127998.100426,3100,idle,966.9,814.3,834.5,,,0,0,0,0
2014280607170,1791127998.240433,3240,idle,981.5,792.6,827.2,,,0,0,0,0
2014420669840,1791127998.380496,3380,idle,953.4,720.0,763.6,,,0,0,0,0
2014579497547,1791127998.539324,3539,idle,2096.9,1912.8,1935.7,,,0,0,0,0
2014720628467,1791127998.680455,3680,idle,1049.9,771.6,806.5,,,0,0,0,0
2014860717836,1791127998.820544,3820,idle,1107.9,654.2,720.4,,,0,0,0,0
2015000638126,1791127998.960464,3960,idle,11597.8,762.3,797.1,,,0,0,0,0
2015143040677,1791127999.102867,4102,idle,714.6,352.4,397.2,,,0,0,0,0
2015280790096,1791127999.240616,4240,idle,8269.3,404.6,5652.7,,,0,0,0,0
2015422272856,1791127999.382099,4382,idle,1705.7,1101.6,1170.3,,,0,0,0,0
2015583266164,1791127999.543092,4543,idle,487.4,131.0,168.6,,,0,0,0,0
2015722744393,1791127999.682570,4682,idle,1105.2,634.3,693.9,,,0,0,0,0
2015862726633,1791127999.822553,4822,idle,4427.6,411.1,3715.4,,,0,0,0,0
2016002723393,1791127999.962549,4962,idle,14333.2,657.8,717.8,,,0,0,0,0
2016141712003,1791128000.101538,5101,idle,6354.9,672.0,730.0,,,0,0,0,0
2016281699773,1791128000.241525,5241,idle,3844.7,409.5,743.2,,,0,0,0,0
2016422730034,1791128000.382556,5382,idle,6939.8,3235.0,3286.2,,,0,0,0,0
2016583195071,1791128000.543021,5543,idle,4403.3,376.5,3253.4,,,0,0,0,0
2016724469932,1791128000.684296,5684,idle,1893.6,913.3,973.6,,,0,0,0,0
2016864866312,1791128000.824692,5824,idle,19030.8,381.8,1573.9,,,0,0,0,0
2017004903403,1791128000.964729,5964,idle,16195.5,417.5,6537.7,,,0,0,0,0
2017142782482,1791128001.102608,6102,idle,6958.4,368.9,5656.4,,,0,0,0,0
2017282807313,1791128001.242633,6242,idle,4985.9,436.9,3629.7,,,0,0,0,0
2017423756084,1791128001.383582,6383,idle,2232.3,633.1,693.6,,,0,0,0,0
2017582675501,1791128001.542501,6542,idle,5099.4,3278.3,3352.9,,,0,0,0,0
2017725998102,1791128001.685824,6685,idle,6014.9,410.4,3445.3,,,0,0,0,0
2017863732742,1791128001.823558,6823,idle,1103.0,660.1,711.7,,,0,0,0,0
2018003743413,1791128001.963569,6963,idle,9888.5,636.2,700.6,,,0,0,0,0
2018143565763,1791128002.103391,7103,idle,4493.0,456.8,3878.7,,,0,0,0,0
2018283715924,1791128002.243541,7243,idle,1091.1,666.3,724.8,,,0,0,0,0
2018424300695,1791128002.384126,7384,idle,7758.0,415.9,4140.8,,,0,0,0,0
2018582573612,1791128002.542399,7542,idle,4804.3,425.2,3869.7,,,0,0,0,0
2018727153004,1791128002.686979,7686,idle,3889.0,418.0,3289.4,,,0,0,0,0
2018873856518,1791128002.833683,7833,idle,5216.7,409.7,3587.4,,,0,0,0,0
2019013844588,1791128002.973670,7973,idle,4250.9,533.2,596.4,,,0,0,0,0
2019156533620,1791128003.116359,8116,idle,6159.4,408.2,3909.7,,,0,0,0,0
2019293841240,1791128003.253667,8253,idle,997.4,536.6,600.4,,,0,0,0,0
2019436213232,1791128003.396039,8396,idle,657.8,158.3,230.4,,,0,0,0,0
2019581559065,1791128003.541385,8541,idle,2263.9,1854.1,1882.9,,,0,0,0,0
2019723791497,1791128003.683617,8683,idle,4269.4,491.1,1649.0,,,0,0,0,0
2019863896948,1791128003.823723,8823,idle,6172.1,482.9,546.2,,,0,0,0,0
2020000899118,1791128003.960725,8960,idle,12567.4,399.6,4542.3,,,0,0,0,0
2020140868789,1791128004.100695,9100,idle,3992.2,413.3,3574.9,,,0,0,0,0
2020281727360,1791128004.241553,9241,idle,1133.1,657.1,715.1,,,0,0,0,0
2020422378792,1791128004.382205,9382,idle,1374.5,1014.6,1065.6,,,0,0,0,0
2020580539580,1791128004.540366,9540,idle,2150.7,1861.4,1893.3,,,0,0,0,0
2020720636331,1791128004.680463,9680,idle,1004.2,773.1,801.8,,,0,0,0,0
2020861742992,1791128004.821569,9821,idle,986.2,659.2,701.1,,,0,0,0,0
2021000669613,1791128004.960496,9960,idle,11642.2,729.9,770.6,,,0,0,0,0
2021141661075,1791128005.101487,10101,idle,967.9,737.5,783.7,,,0,0,0,0
2021280679706,1791128005.240506,10240,idle,1004.2,714.9,758.6,,,0,0,0,0
2021421737248,1791128005.381564,10381,idle,901.6,667.2,706.3,,,0,0,0,0
2021579512226,1791128005.539339,10539,idle,2177.6,1901.0,1923.0,,,0,0,0,0
2021720636078,1791128005.680462,10680,idle,1046.3,768.7,803.8,,,0,0,0,0
2021860624809,1791128005.820451,10820,idle,1049.1,789.8,815.2,,,0,0,0,0
2022000607381,1791128005.960434,10960,idle,24734.6,806.5,829.5,,,0,0,0,0
2022139692102,1791128006.099519,11099,idle,860.2,720.6,747.0,,,0,0,0,0
2022280755174,1791128006.240581,11240,idle,850.6,657.5,685.6,,,0,0,0,0
2022420658926,1791128006.380485,11380,idle,978.6,743.5,773.9,,,0,0,0,0
2022586571727,1791128006.546398,11546,idle,4394.0,967.0,3873.6,,,0,0,0,0
2022727747479,1791128006.687573,11687,idle,4387.4,389.8,2695.6,,,0,0,0,0
2022866707131,1791128006.826533,11826,idle,5751.1,653.2,4737.5,,,0,0,0,0
2023006795143,1791128006.966621,11966,idle,8784.6,410.3,4649.8,,,0,0,0,0
2023147752135,1791128007.107578,12107,idle,1183.2,631.1,692.0,,,0,0,0,0
2023286789737,1791128007.246615,12246,idle,1177.6,594.8,655.7,,,0,0,0,0
2023427939109,1791128007.387765,12387,idle,6123.4,458.8,504.1,,,0,0,0,0
2023590563889,1791128007.550390,12550,idle,7497.6,426.7,3881.3,,,0,0,0,0
2023733398472,1791128007.693224,12693,idle,5568.8,409.1,4047.7,,,0,0,0,0
2023871777284,1791128007.831603,12831,idle,1704.1,604.3,665.8,,,0,0,0,0
2024011790216,1791128007.971616,12971,idle,2497.8,984.5,1046.6,,,0,0,0,0
2024151754488,1791128008.111580,13111,idle,5201.8,736.8,3690.5,,,0,0,0,0
2024292528420,1791128008.252354,13252,idle,1329.2,849.8,916.6,,,0,0,0,0
2024432382803,1791128008.392209,13392,idle,2688.1,1003.2,1061.3,,,0,0,0,0
2024582258549,1791128008.542084,13542,idle,474.5,152.4,182.1,,,0,0,0,0
2024721983301,1791128008.681809,13681,idle,4275.8,436.6,2458.2,,,0,0,0,0
2024860771272,1791128008.820597,13820,idle,7322.2,420.1,3676.0,,,0,0,0,0
2025000753165,1791128008.960579,13960,idle,13283.3,287.2,1689.5,,,0,0,0,0
2025140763197,1791128009.100589,14100,idle,1091.0,621.0,679.7,,,0,0,0,0
2025287275832,1791128009.247102,14247,idle,1652.1,1098.2,1168.8,,,0,0,0,0
2025430813186,1791128009.390639,14390,idle,1052.9,563.9,632.1,,,0,0,0,0
2025581637092,1791128009.541463,14541,idle,4929.1,409.0,3802.1,,,0,0,0,0
2025722730685,1791128009.682557,14682,idle,1133.5,650.8,711.8,,,0,0,0,0
2025863056138,1791128009.822882,14822,idle,5005.3,406.2,3388.8,,,0,0,0,0
2026002759180,1791128009.962584,14962,idle,11773.2,415.5,4685.0,,,0,0,0,0
2026144047823,1791128010.103873,103,idle,913.4,336.2,396.0,,,0,0,0,0
2026282753476,1791128010.242579,242,idle,5312.8,406.6,3683.3,,,0,0,0,0
2026424497329,1791128010.384323,384,idle,6588.1,411.1,3948.5,,,0,0,0,0
2026581594198,1791128010.541420,541,idle,7482.5,415.6,3851.2,,,0,0,0,0
2026723779182,1791128010.683605,683,idle,1194.9,409.2,667.5,,,0,0,0,0
2026863353614,1791128010.823179,823,idle,1518.4,1027.4,1092.7,,,0,0,0,0
2027002825657,1791128010.962651,962,idle,11251.2,414.9,3620.3,,,0,0,0,0
2027142291750,1791128011.102118,1102,idle,1581.7,1094.2,1154.5,,,0,0,0,0
2027281795572,1791128011.241621,1241,idle,1076.9,585.3,644.9,,,0,0,0,0
2027424138786,1791128011.383965,1383,idle,3095.4,242.5,301.4,,,0,0,0,0
2027583611327,1791128011.543437,1543,idle,3443.5,1800.0,1834.1,,,0,0,0,0
2027725184700,1791128011.685011,1685,idle,5898.7,392.6,3259.8,,,0,0,0,0
2027864768703,1791128011.824594,1824,idle,1130.0,609.4,676.0,,,0,0,0,0
2028004839916,1791128011.964666,1964,idle,11250.3,5107.4,5168.4,,,0,0,0,0
2028144758279,1791128012.104584,2104,idle,8319.1,629.6,684.7,,,0,0,0,0
2028284757432,1791128012.244583,2244,idle,1094.1,622.9,688.2,,,0,0,0,0
2028425823036,1791128012.385649,2385,idle,3023.8,592.2,646.7,,,0,0,0,0
2028581269985,1791128012.541096,2541,idle,5700.9,1146.8,1175.3,,,0,0,0,0
2028721560659,1791128012.681386,2681,idle,2038.8,820.1,884.7,,,0,0,0,0
2028867315874,1791128012.827141,2827,idle,1591.2,1058.1,1131.4,,,0,0,0,0
2029010838999,1791128012.970665,2970,idle,4879.3,472.9,3672.1,,,0,0,0,0
2029151836252,1791128013.111662,3111,idle,7085.0,398.8,5604.1,,,0,0,0,0
2029294475987,1791128013.254302,3254,idle,2600.6,896.4,967.6,,,0,0,0,0
2029431814649,1791128013.391641,3391,idle,2243.4,563.9,628.9,,,0,0,0,0
2029583575567,1791128013.543401,3543,idle,2863.2,1392.8,1867.6,,,0,0,0,0
2029726434942,1791128013.686261,3686,idle,1709.7,948.5,1011.5,,,0,0,0,0
2029864765245,1791128013.824591,3824,idle,1871.7,609.9,677.6,,,0,0,0,0
2030003804788,1791128013.963631,3963,idle,12273.5,1060.5,2638.3,,,0,0,0,0
2030145460612,1791128014.105286,4105,idle,4041.1,910.5,986.5,,,0,0,0,0
2030284814076,1791128014.244640,4244,idle,2372.6,551.7,633.2,,,0,0,0,0
2030425005740,1791128014.384831,4384,idle,1905.8,368.1,435.8,,,0,0,0,0
2030583890861,1791128014.543717,4543,idle,6186.4,412.5,3548.2,,,0,0,0,0
2030726822735,1791128014.686649,4686,idle,1127.1,561.5,623.6,,,0,0,0,0
2030865145178,1791128014.824971,4824,idle,3867.8,240.2,298.1,,,0,0,0,0
2031003924652,1791128014.963750,4963,idle,9657.8,462.6,522.0,,,0,0,0,0
2031145149936,1791128015.104975,5104,idle,3908.2,851.0,1301.0,,,0,0,0,0
2031284761670,1791128015.244587,5244,idle,7307.8,622.2,685.5,,,0,0,0,0
2031424767454,1791128015.384593,5384,idle,7295.1,414.3,3676.3,,,0,0,0,0
2031579572844,1791128015.539399,5539,idle,2202.8,406.7,1871.4,,,0,0,0,0
2031720780868,1791128015.680606,5680,idle,1025.2,607.9,670.7,,,0,0,0,0
2031862057973,1791128015.821884,5821,idle,3860.1,2888.2,2947.9,,,0,0,0,0
2032000839706,1791128015.960666,5960,idle,12344.8,354.8,3609.2,,,0,0,0,0
2032139782890,1791128016.099609,6099,idle,1257.2,605.3,666.1,,,0,0,0,0
2032280754944,1791128016.240581,6240,idle,3119.5,651.2,2690.7,,,0,0,0,0
2032420718179,1791128016.380544,6380,idle,1085.2,668.6,733.1,,,0,0,0,0
2032579534770,1791128016.539361,6539,idle,2230.9,1882.9,1911.1,,,0,0,0,0
2032720687975,1791128016.680514,6680,idle,1044.3,710.6,762.0,,,0,0,0,0
2032860688669,1791128016.820515,6820,idle,1024.6,706.2,760.9,,,0,0,0,0
2033000693643,1791128016.960520,6960,idle,11557.7,711.8,747.3,,,0,0,0,0
2033140635358,1791128017.100462,7100,idle,1098.1,781.1,809.0,,,0,0,0,0
2033280660812,1791128017.240487,7240,idle,1030.1,722.0,778.2,,,0,0,0,0
2033420664927,1791128017.380491,7380,idle,993.1,745.6,778.1,,,0,0,0,0
2033580536059,1791128017.540362,7540,idle,2131.9,1879.7,1905.2,,,0,0,0,0
2033720677093,1791128017.680503,7680,idle,1105.9,715.2,766.4,,,0,0,0,0
2033861779388,1791128017.821606,7821,idle,921.1,625.4,663.7,,,0,0,0,0
2034000690372,1791128017.960516,7960,idle,10642.0,709.6,755.4,,,0,0,0,0
2034141680107,1791128018.101506,8101,idle,1090.1,715.8,767.6,,,0,0,0,0
2034280664461,1791128018.240491,8240,idle,1121.5,740.3,779.9,,,0,0,0,0
2034421819837,1791128018.381646,8381,idle,855.1,578.4,625.8,,,0,0,0,0
2034580540719,1791128018.540367,8540,idle,2083.6,1870.7,1903.8,,,0,0,0,0
2034722274164,1791128018.682100,8682,idle,427.5,133.0,170.8,,,0,0,0,0
2034861662689,1791128018.821489,8821,idle,958.4,748.2,781.9,,,0,0,0,0
2035000629133,1791128018.960455,8960,idle,11849.0,787.0,814.9,,,0,0,0,0
2035141432738,1791128019.101259,9101,idle,1137.6,982.2,1011.4,,,0,0,0,0
2035281641623,1791128019.241467,9241,idle,1030.9,769.9,797.7,,,0,0,0,0
2035421785808,1791128019.381612,9381,idle,888.4,633.2,658.7,,,0,0,0,0
2035579547810,1791128019.539374,9539,idle,2100.2,1868.9,1897.7,,,0,0,0,0
2035720617695,1791128019.680444,9680,idle,1077.6,799.4,825.6,,,0,0,0,0
2035860651930,1791128019.820478,9820,idle,1039.2,758.4,791.6,,,0,0,0,0
2036000651965,1791128019.960478,9960,idle,11355.8,762.4,792.9,,,0,0,0,0
2036139648050,1791128020.099474,10099,idle,1058.7,764.5,795.0,,,0,0,0,0
2036280765966,1791128020.240592,10240,idle,1010.2,639.2,678.1,,,0,0,0,0
2036420636161,1791128020.380463,10380,idle,987.7,779.5,812.1,,,0,0,0,0
2036580521154,1791128020.540347,10540,idle,2091.4,1892.0,1919.1,,,0,0,0,0
2036720608809,1791128020.680435,10680,idle,1030.5,805.2,847.5,,,0,0,0,0
2036860644614,1791128020.820471,10820,idle,957.0,781.3,799.4,,,0,0,0,0
2037000614759,1791128020.960441,10960,idle,10888.6,803.3,828.5,,,0,0,0,0
2037140637755,1791128021.100464,11100,idle,1001.8,781.0,806.2,,,0,0,0,0
2037280680090,1791128021.240506,11240,idle,930.7,735.7,759.4,,,0,0,0,0
2037420629416,1791128021.380456,11380,idle,1012.0,787.0,817.5,,,0,0,0,0
2037579499169,1791128021.539325,11539,idle,2085.8,1916.4,1944.5,,,0,0,0,0
2037720652935,1791128021.680479,11680,idle,974.9,780.4,800.7,,,0,0,0,0
2037860638770,1791128021.820465,11820,idle,949.1,772.9,807.3,,,0,0,0,0
2038000606885,1791128021.960433,11960,idle,11343.0,809.4,836.8,,,0,0,0,0
2038140616521,1791128022.100443,12100,idle,1029.8,806.0,828.3,,,0,0,0,0
2038280606097,1791128022.240432,12240,idle,972.7,799.0,835.3,,,0,0,0,0
2038420599942,1791128022.380426,12380,idle,1004.9,815.1,852.8,,,0,0,0,0
2038580514856,1791128022.540341,12540,idle,2174.9,1901.7,1928.4,,,0,0,0,0
2038720605882,1791128022.680432,12680,idle,1114.0,814.7,846.3,,,0,0,0,0
2038860634607,1791128022.820461,12820,idle,1042.7,772.8,811.6,,,0,0,0,0
2039000643673,1791128022.960470,12960,idle,11644.5,763.4,809.7,,,0,0,0,0
2039141596789,1791128023.101423,13101,idle,994.0,824.3,847.0,,,0,0,0,0
2039280652175,1791128023.240479,13240,idle,908.8,769.8,792.8,,,0,0,0,0
2039420617701,1791128023.380444,13380,idle,1060.6,790.0,822.9,,,0,0,0,0
2039580504655,1791128023.540331,13540,idle,2111.4,1921.8,1941.5,,,0,0,0,0
2039720646610,1791128023.680473,13680,idle,1052.6,759.5,798.0,,,0,0,0,0
2039860692276,1791128023.820518,13820,idle,1030.5,705.8,761.3,,,0,0,0,0
2040000617532,1791128023.960444,13960,idle,11576.4,803.3,826.4,,,0,0,0,0
2040141642409,1791128024.101469,14101,idle,1028.1,755.4,805.0,,,0,0,0,0
2040280651534,1791128024.240478,14240,idle,1058.6,752.0,801.9,,,0,0,0,0
2040420655661,1791128024.380482,14380,idle,981.1,752.9,784.9,,,0,0,0,0
2040580529795,1791128024.540356,14540,idle,2128.5,1886.3,1916.4,,,0,0,0,0
2040721612611,1791128024.681439,14681,idle,1055.5,805.5,829.7,,,0,0,0,0
2040861691627,1791128024.821518,14821,idle,921.3,718.1,753.2,,,0,0,0,0
2041001625114,1791128024.961452,14961,idle,10447.0,797.7,819.7,,,0,0,0,0
2041140630669,1791128025.100457,100,idle,1067.0,772.7,820.6,,,0,0,0,0
2041281759396,1791128025.241585,241,idle,950.6,646.4,685.1,,,0,0,0,0
2041421610713,1791128025.381437,381,idle,982.1,806.9,830.1,,,0,0,0,0
2041580561217,1791128025.540387,540,idle,2107.9,1848.9,1883.7,,,0,0,0,0
2041721997124,1791128025.681823,681,idle,759.9,413.7,462.6,,,0,0,0,0
2041861645870,1791128025.821472,821,idle,1004.1,769.8,799.9,,,0,0,0,0
2042001691616,1791128025.961518,961,idle,9697.3,723.2,754.9,,,0,0,0,0
2042141694873,1791128026.101521,1101,idle,949.5,697.8,754.0,,,0,0,0,0
2042281663169,1791128026.241489,1241,idle,971.9,738.1,777.6,,,0,0,0,0
2042421717926,1791128026.381544,1381,idle,991.6,692.4,723.6,,,0,0,0,0
2042580548370,1791128026.540375,1540,idle,2112.9,1856.7,1895.8,,,0,0,0,0
2042722024567,1791128026.681851,1681,idle,697.0,389.5,431.1,,,0,0,0,0
2042861662374,1791128026.821489,1821,idle,1019.9,762.3,785.8,,,0,0,0,0
2043001649681,1791128026.961476,1961,idle,10830.3,764.5,807.8,,,0,0,0,0
2043140743877,1791128027.100570,2100,idle,904.8,667.2,706.6,,,0,0,0,0
2043281748984,1791128027.241575,2241,idle,834.6,672.9,694.8,,,0,0,0,0
2043421690351,1791128027.381516,2381,idle,958.2,717.6,767.8,,,0,0,0,0
2043580512836,1791128027.540339,2540,idle,2097.2,1911.7,1936.5,,,0,0,0,0
2043721646803,1791128027.681473,2681,idle,1055.8,765.1,809.2,,,0,0,0,0
2043860660269,1791128027.820487,2820,idle,1035.2,757.9,784.5,,,0,0,0,0
2044001770517,1791128027.961597,2961,idle,10175.1,642.6,690.5,,,0,0,0,0
2044140678743,1791128028.100505,3100,idle,1024.1,732.0,779.7,,,0,0,0,0
2044281735011,1791128028.241561,3241,idle,973.2,686.5,725.1,,,0,0,0,0
2044421727838,1791128028.381554,3381,idle,957.5,680.5,715.4,,,0,0,0,0
2044580536062,1791128028.540362,3540,idle,2062.8,1872.6,1906.8,,,0,0,0,0
2044720634660,1791128028.680461,3680,idle,1077.0,773.5,825.8,,,0,0,0,0
2044861736957,1791128028.821563,3821,idle,871.9,690.1,713.9,,,0,0,0,0
2045001654484,1791128028.961481,3961,idle,10487.3,761.6,793.2,,,0,0,0,0
2045141661731,1791128029.101488,4101,idle,1019.8,755.3,786.7,,,0,0,0,0
2045281628449,1791128029.241455,4241,idle,1067.3,790.5,828.5,,,0,0,0,0
2045420679965,1791128029.380506,4380,idle,1060.6,714.2,768.4,,,0,0,0,0
2045580536331,1791128029.540363,4540,idle,2117.6,1875.2,1906.8,,,0,0,0,0
2045720637798,1791128029.680464,4680,idle,1101.7,781.7,811.5,,,0,0,0,0
2045861784106,1791128029.821610,4821,idle,969.8,637.3,668.2,,,0,0,0,0
2046003053224,1791128029.962879,4962,idle,9850.3,898.2,3397.8,,,0,0,0,0
2046141759631,1791128030.101586,5101,idle,2260.5,1292.5,1345.5,,,0,0,0,0
2046284039149,1791128030.243865,5243,idle,6021.2,427.2,3413.5,,,0,0,0,0
2046422671866,1791128030.382498,5382,idle,7727.1,427.6,5780.6,,,0,0,0,0
2046580577651,1791128030.540404,5540,idle,5467.5,1073.9,2868.5,,,0,0,0,0
2046723288690,1791128030.683115,5683,idle,3881.3,1092.5,1161.9,,,0,0,0,0
2046861757537,1791128030.821583,5821,idle,2078.0,146.1,1698.2,,,0,0,0,0
2047001955074,1791128030.961781,5961,idle,12563.8,2988.4,6053.1,,,0,0,0,0
2047141162142,1791128031.100988,6100,idle,4088.3,244.4,292.5,,,0,0,0,0
2047281800370,1791128031.241626,6241,idle,8263.7,429.4,3650.2,,,0,0,0,0
2047421714478,1791128031.381540,6381,idle,4134.1,707.0,3762.3,,,0,0,0,0
2047580558683,1791128031.540385,6540,idle,5643.8,422.0,3888.2,,,0,0,0,0
2047722870572,1791128031.682696,6682,idle,3367.9,525.6,578.1,,,0,0,0,0
2047861742119,1791128031.821568,6821,idle,7325.7,417.0,3707.2,,,0,0,0,0
2048002168507,1791128031.961994,6961,idle,12907.2,636.8,1281.0,,,0,0,0,0
2048141977275,1791128032.101803,7101,idle,1163.2,410.0,476.8,,,0,0,0,0
2048281763793,1791128032.241590,7241,idle,8379.0,417.8,3684.9,,,0,0,0,0
2048421892221,1791128032.381718,7381,idle,959.3,501.5,555.3,,,0,0,0,0
2048584160938,1791128032.543987,7543,idle,758.8,316.2,364.6,,,0,0,0,0
2048724060746,1791128032.683887,7683,idle,917.5,338.8,396.7,,,0,0,0,0
2048864381024,1791128032.824207,7824,idle,1880.7,1017.3,1073.0,,,0,0,0,0
2049002726282,1791128032.962552,7962,idle,14328.7,962.2,4727.3,,,0,0,0,0
2049142719560,1791128033.102545,8102,idle,4416.1,678.1,732.0,,,0,0,0,0
2049282743418,1791128033.242569,8242,idle,5304.8,419.9,3705.6,,,0,0,0,0
2049424984587,1791128033.384810,8384,idle,11095.5,421.2,3473.5,,,0,0,0,0
2049582582613,1791128033.542408,8542,idle,4479.2,473.0,2867.6,,,0,0,0,0
2049725293792,1791128033.685120,8685,idle,1555.7,735.0,1155.1,,,0,0,0,0
2049863801410,1791128033.823627,8823,idle,6050.6,430.4,3651.1,,,0,0,0,0
2050003969998,1791128033.963796,8963,idle,12456.9,334.6,1480.4,,,0,0,0,0
2050143263296,1791128034.103089,9103,idle,4884.6,414.4,3191.2,,,0,0,0,0
2050285065025,1791128034.244891,9244,idle,6053.1,334.8,388.1,,,0,0,0,0
2050427003795,1791128034.386830,9386,idle,5223.4,2659.1,3007.3,,,0,0,0,0
2050583103850,1791128034.542930,9542,idle,4953.4,300.4,3349.0,,,0,0,0,0
2050727252160,1791128034.687078,9687,idle,2835.3,143.1,200.6,,,0,0,0,0
2050874060442,1791128034.833886,9833,idle,4787.6,423.1,3394.2,,,0,0,0,0
2051014732090,1791128034.974558,9974,idle,1294.6,660.6,722.7,,,0,0,0,0
2051152850468,1791128035.112676,10112,idle,6321.3,420.3,4606.3,,,0,0,0,0
2051300886300,1791128035.260712,10260,idle,5056.0,416.0,3567.1,,,0,0,0,0
2051442773420,1791128035.402599,10402,idle,4126.7,875.5,3679.8,,,0,0,0,0
2051581578558,1791128035.541404,10541,idle,2358.2,1816.4,1869.5,,,0,0,0,0
2051725914988,1791128035.685741,10685,idle,5058.0,1418.2,4540.2,,,0,0,0,0
2051872958700,1791128035.832785,10832,idle,5108.6,407.9,3496.0,,,0,0,0,0
2052012849929,1791128035.972676,10972,idle,5224.1,528.6,602.2,,,0,0,0,0
2052152223787,1791128036.112050,11112,idle,908.9,157.2,227.5,,,0,0,0,0
2052291865986,1791128036.251692,11251,idle,4124.2,410.2,3586.4,,,0,0,0,0
2052436766227,1791128036.396592,11396,idle,2936.0,2158.4,2418.1,,,0,0,0,0
2052581363328,1791128036.541190,11541,idle,1411.9,1055.5,1089.8,,,0,0,0,0
2052720768947,1791128036.680595,11680,idle,6219.5,415.4,3686.7,,,0,0,0,0
2052861961756,1791128036.821787,11821,idle,6160.6,474.0,3559.0,,,0,0,0,0
2053002132805,1791128036.961959,11961,idle,14940.2,257.9,318.7,,,0,0,0,0
2053141873754,1791128037.101700,12101,idle,9333.4,422.1,3585.4,,,0,0,0,0
2053280910703,1791128037.240736,12240,idle,2964.8,462.4,540.8,,,0,0,0,0
2053424490813,1791128037.384316,12384,idle,2537.3,332.2,1966.1,,,0,0,0,0
2053580657649,1791128037.540483,12540,idle,2149.6,1766.5,1801.0,,,0,0,0,0
2053722427909,1791128037.682254,12682,idle,1405.7,971.3,1029.1,,,0,0,0,0
2053860760918,1791128037.820586,12820,idle,1150.0,636.6,699.5,,,0,0,0,0
2054001963987,1791128037.961789,12961,idle,9784.7,421.0,491.9,,,0,0,0,0
2054141726036,1791128038.101552,13101,idle,1114.5,674.2,728.4,,,0,0,0,0
2054281739736,1791128038.241566,13241,idle,1076.7,663.6,717.2,,,0,0,0,0
2054421719335,1791128038.381545,13381,idle,1051.5,687.5,734.4,,,0,0,0,0
2054580568142,1791128038.540394,13540,idle,2173.6,1853.4,1885.1,,,0,0,0,0
2054720687832,1791128038.680514,13680,idle,1036.9,717.3,765.1,,,0,0,0,0
2054861802602,1791128038.821628,13821,idle,1033.5,589.9,652.3,,,0,0,0,0
2055000706931,1791128038.960533,13960,idle,10477.5,699.3,746.6,,,0,0,0,0
2055141686261,1791128039.101513,14101,idle,1049.3,724.6,768.8,,,0,0,0,0
2055280694760,1791128039.240521,14240,idle,1052.8,711.9,752.5,,,0,0,0,0
2055421819450,1791128039.381646,14381,idle,1009.8,580.1,632.4,,,0,0,0,0
2055586567070,1791128039.546393,14546,idle,3491.7,1853.1,1888.3,,,0,0,0,0
2055728233000,1791128039.688059,14688,idle,2580.6,165.7,225.2,,,0,0,0,0
2055865898519,1791128039.825724,14825,idle,6229.6,539.4,599.4,,,0,0,0,0
2056005743958,1791128039.965570,14965,idle,6682.4,652.4,716.0,,,0,0,0,0
2056145732258,1791128040.105558,105,idle,6966.4,4223.6,4279.1,,,0,0,0,0
2056285763878,1791128040.245590,245,idle,1068.2,631.6,687.6,,,0,0,0,0
2056424701507,1791128040.384527,384,idle,1027.6,701.4,748.5,,,0,0,0,0
2056580568614,1791128040.540395,540,idle,2163.1,1848.2,1881.7,,,0,0,0,0
2056722259354,1791128040.682086,682,idle,479.9,144.5,192.6,,,0,0,0,0
2056861671024,1791128040.821497,821,idle,1111.9,748.6,785.9,,,0,0,0,0
2057001669444,1791128040.961496,961,idle,10841.8,743.2,783.4,,,0,0,0,0
2057140768763,1791128041.100595,1100,idle,985.4,634.7,686.0,,,0,0,0,0
2057281786834,1791128041.241613,1241,idle,922.5,631.7,674.5,,,0,0,0,0
2057422213134,1791128041.382039,1382,idle,374.0,202.5,235.8,,,0,0,0,0
2057579517481,1791128041.539344,1539,idle,2076.2,1909.2,1933.8,,,0,0,0,0
2057720640992,1791128041.680467,1680,idle,1101.6,776.8,814.6,,,0,0,0,0
2057859625092,1791128041.819451,1819,idle,1021.7,803.3,827.9,,,0,0,0,0
2058000738932,1791128041.960565,1960,idle,11294.7,678.8,721.5,,,0,0,0,0
2058139671132,1791128042.099498,2099,idle,1090.3,743.1,793.5,,,0,0,0,0
2058279635142,1791128042.239462,2239,idle,998.3,789.6,827.5,,,0,0,0,0
2058420734383,1791128042.380561,2380,idle,965.4,675.2,721.4,,,0,0,0,0
2058579496371,1791128042.539323,2539,idle,2157.2,1939.5,1958.7,,,0,0,0,0
2058720676032,1791128042.680502,2680,idle,903.8,735.5,772.3,,,0,0,0,0
2058860619972,1791128042.820446,2820,idle,970.3,813.1,833.5,,,0,0,0,0
2059000678882,1791128042.960505,2960,idle,11442.0,739.0,773.5,,,0,0,0,0
2059139653673,1791128043.099480,3099,idle,1051.7,754.5,806.9,,,0,0,0,0
2059280749223,1791128043.240576,3240,idle,845.0,676.7,703.3,,,0,0,0,0
2059420640694,1791128043.380467,3380,idle,1079.8,785.8,809.4,,,0,0,0,0
2059580494663,1791128043.540321,3540,idle,2082.7,1937.7,1958.3,,,0,0,0,0
2059721621624,1791128043.681448,3681,idle,1114.1,802.9,840.1,,,0,0,0,0
2059861614534,1791128043.821441,3821,idle,1106.2,840.1,877.7,,,0,0,0,0
2060001614195,1791128043.961441,3961,idle,10865.5,816.2,839.1,,,0,0,0,0
2060140608595,1791128044.100435,4100,idle,984.8,823.2,844.6,,,0,0,0,0
2060281712256,1791128044.241539,4241,idle,954.9,722.9,742.2,,,0,0,0,0
2060421814887,1791128044.381641,4381,idle,841.7,606.9,636.2,,,0,0,0,0
2060580546116,1791128044.540372,4540,idle,2080.8,1867.9,1915.4,,,0,0,0,0
2060721614797,1791128044.681441,4681,idle,982.6,817.4,838.9,,,0,0,0,0
2060861612248,1791128044.821439,4821,idle,1020.5,827.1,855.3,,,0,0,0,0
2061001621548,1791128044.961448,4961,idle,10864.0,797.6,846.0,,,0,0,0,0
2061140582739,1791128045.100409,5100,idle,1127.2,837.3,884.9,,,0,0,0,0
2061281731230,1791128045.241558,5241,idle,885.3,686.8,724.7,,,0,0,0,0
2061421781161,1791128045.381608,5381,idle,807.0,649.1,671.9,,,0,0,0,0
2061580500720,1791128045.540327,5540,idle,2157.9,1916.5,1955.2,,,0,0,0,0
2061721761422,1791128045.681588,5681,idle,861.8,673.4,691.4,,,0,0,0,0
2061861635322,1791128045.821461,5821,idle,1063.1,791.9,814.6,,,0,0,0,0
2062001647553,1791128045.961474,5961,idle,10832.4,786.8,807.8,,,0,0,0,0
2062140664404,1791128046.100491,6100,idle,905.3,765.4,790.8,,,0,0,0,0
2062281762166,1791128046.241588,6241,idle,816.8,666.5,690.7,,,0,0,0,0
2062421612807,1791128046.381439,6381,idle,997.1,817.4,839.3,,,0,0,0,0
2062579502755,1791128046.539329,6539,idle,2079.6,1930.2,1950.3,,,0,0,0,0
2062720610217,1791128046.680436,6680,idle,984.1,822.5,842.9,,,0,0,0,0
2062860627168,1791128046.820453,6820,idle,1085.0,797.6,824.6,,,0,0,0,0
2063000633840,1791128046.960460,6960,idle,11526.6,793.5,820.9,,,0,0,0,0
2063140630041,1791128047.100456,7100,idle,1010.4,803.7,825.9,,,0,0,0,0
2063280616682,1791128047.240443,7240,idle,1007.2,816.2,837.9,,,0,0,0,0
2063420632453,1791128047.380459,7380,idle,1060.6,804.7,827.2,,,0,0,0,0
2063580539993,1791128047.540366,7540,idle,2111.7,1884.4,1913.0,,,0,0,0,0
2063720638055,1791128047.680464,7680,idle,983.2,786.9,816.8,,,0,0,0,0
2063860638386,1791128047.820465,7820,idle,1032.0,781.2,815.1,,,0,0,0,0
2064000716608,1791128047.960543,7960,idle,11446.0,698.9,738.8,,,0,0,0,0
2064141655389,1791128048.101482,8101,idle,1055.7,764.7,799.8,,,0,0,0,0
2064280671761,1791128048.240498,8240,idle,1096.1,741.5,786.3,,,0,0,0,0
2064420784772,1791128048.380610,8380,idle,1111.8,587.0,668.4,,,0,0,0,0
2064580538452,1791128048.540365,8540,idle,2105.8,1893.8,1919.7,,,0,0,0,0
2064721708224,1791128048.681535,8681,idle,1012.3,708.1,741.8,,,0,0,0,0
2064860886246,1791128048.820712,8820,idle,8179.6,415.1,3576.0,,,0,0,0,0
2065000883477,1791128048.960709,8960,idle,21210.3,428.2,4580.0,,,0,0,0,0
2065141134809,1791128049.100960,9100,idle,828.5,257.9,325.8,,,0,0,0,0
2065280955921,1791128049.240782,9240,idle,1017.8,439.2,506.4,,,0,0,0,0
2065422626672,1791128049.382452,9382,idle,1324.7,765.2,832.6,,,0,0,0,0
2065582600598,1791128049.542426,9542,idle,2330.0,1744.1,1855.0,,,0,0,0,0
2065725765393,1791128049.685591,9685,idle,1366.1,625.5,693.4,,,0,0,0,0
2065863767963,1791128049.823594,9823,idle,6289.5,412.9,3691.2,,,0,0,0,0
2066003047352,1791128049.962873,9962,idle,10712.6,425.5,4414.1,,,0,0,0,0
2066143440829,1791128050.103267,10103,idle,1498.5,951.8,1020.3,,,0,0,0,0
2066282779871,1791128050.242606,10242,idle,1717.3,615.4,676.9,,,0,0,0,0
2066426615135,1791128050.386441,10386,idle,1245.5,781.5,841.9,,,0,0,0,0
2066584336330,1791128050.544162,10544,idle,8739.1,422.5,6116.7,,,0,0,0,0
2066724430192,1791128050.684256,10684,idle,5528.3,418.5,4020.9,,,0,0,0,0
2066862822706,1791128050.822648,10822,idle,1653.8,564.4,627.6,,,0,0,0,0
2067006912427,1791128050.966738,10966,idle,8545.8,422.3,3533.8,,,0,0,0,0
2067144122629,1791128051.103948,11103,idle,5508.5,377.2,2325.7,,,0,0,0,0
2067283593363,1791128051.243419,11243,idle,4482.6,791.4,851.9,,,0,0,0,0
2067425826150,1791128051.385652,11385,idle,3230.0,558.9,618.8,,,0,0,0,0
2067583701007,1791128051.543527,11543,idle,8140.2,3616.1,4348.9,,,0,0,0,0
2067725238624,1791128051.685065,11685,idle,8754.4,405.8,3200.1,,,0,0,0,0
2067867284284,1791128051.827110,11827,idle,2049.1,1086.5,1151.2,,,0,0,0,0
2068005812240,1791128051.965638,11965,idle,8256.0,407.7,3622.9,,,0,0,0,0
2068146856676,1791128052.106682,12106,idle,6225.8,399.7,3575.5,,,0,0,0,0
2068285845419,1791128052.245671,12245,idle,5233.3,408.0,3586.7,,,0,0,0,0
2068426328343,1791128052.386154,12386,idle,6734.9,1016.9,1101.7,,,0,0,0,0
2068583570471,1791128052.543396,12543,idle,2557.5,817.9,852.8,,,0,0,0,0
2068727365473,1791128052.687191,12687,idle,7554.8,396.0,4059.7,,,0,0,0,0
2068873862859,1791128052.833688,12833,idle,2389.4,496.8,560.6,,,0,0,0,0
2069013882889,1791128052.973709,12973,idle,6262.3,398.9,3540.5,,,0,0,0,0
2069153873802,1791128053.113700,13113,idle,4851.7,2973.4,3145.3,,,0,0,0,0
2069295846200,1791128053.255672,13255,idle,5233.2,377.0,3573.3,,,0,0,0,0
2069433885419,1791128053.393711,13393,idle,2169.7,463.5,533.8,,,0,0,0,0
2069581536214,1791128053.541362,13541,idle,2182.0,1845.5,1877.6,,,0,0,0,0
2069722440736,1791128053.682267,13682,idle,1362.8,913.6,973.7,,,0,0,0,0
2069861684649,1791128053.821510,13821,idle,1117.1,671.1,725.6,,,0,0,0,0
2070001626693,1791128053.961453,13961,idle,10843.5,738.7,783.7,,,0,0,0,0
2070140716591,1791128054.100543,14100,idle,872.8,653.0,687.7,,,0,0,0,0
2070281733655,1791128054.241560,14241,idle,1019.9,630.3,671.8,,,0,0,0,0
2070421965148,1791128054.381792,14381,idle,634.4,409.7,434.5,,,0,0,0,0
2070580503628,1791128054.540330,14540,idle,2132.4,1846.3,1888.3,,,0,0,0,0
2070721610920,1791128054.681437,14681,idle,975.9,753.0,784.8,,,0,0,0,0
2070861591357,1791128054.821418,14821,idle,1080.8,773.8,802.4,,,0,0,0,0
2071001577594,1791128054.961404,14961,idle,10836.4,785.9,816.4,,,0,0,0,0
2071141313647,1791128055.101140,101,idle,1330.3,1042.7,1076.2,,,0,0,0,0
2071281541924,1791128055.241368,241,idle,994.8,824.6,843.4,,,0,0,0,0
2071421622073,1791128055.381448,381,idle,903.7,731.5,764.6,,,0,0,0,0
2071580471322,1791128055.540298,540,idle,2029.6,1879.7,1913.6,,,0,0,0,0
2071720564591,1791128055.680391,680,idle,1114.9,788.8,817.9,,,0,0,0,0
2071863849989,1791128055.823676,823,idle,2108.9,465.6,533.6,,,0,0,0,0
2072002205400,1791128055.962031,962,idle,17212.4,316.8,2176.3,,,0,0,0,0
2072140821980,1791128056.100648,1100,idle,3812.3,503.9,559.9,,,0,0,0,0
2072280734685,1791128056.240560,1240,idle,2316.7,588.1,647.8,,,0,0,0,0
2072421717456,1791128056.381543,1381,idle,4491.7,859.5,3697.7,,,0,0,0,0
2072584060894,1791128056.543887,1543,idle,6997.4,276.7,315.4,,,0,0,0,0
2072723945479,1791128056.683771,1683,idle,5516.1,270.7,3431.1,,,0,0,0,0
2072864142339,1791128056.823968,1823,idle,3941.7,166.2,229.7,,,0,0,0,0
2073004692506,1791128056.964518,1964,idle,9994.5,607.3,679.4,,,0,0,0,0
2073142758136,1791128057.102584,2102,idle,6304.9,348.3,3615.4,,,0,0,0,0
2073284681059,1791128057.244507,2244,idle,2358.2,598.9,689.4,,,0,0,0,0
2073428530416,1791128057.388356,2388,idle,2548.4,760.2,827.6,,,0,0,0,0
2073783523144,1791128057.743349,2743,idle,8558.9,,,,,0,0,0,0
2073926409534,1791128057.886235,2886,idle,5680.3,,,,,0,0,0,0
2074070288952,1791128058.030115,3030,idle,2654.8,,,,,0,0,0,0
2074214372821,1791128058.174199,3174,idle,2613.0,,,,,0,0,0,0
2074353545201,1791128058.313370,3313,idle,5761.7,,,,,0,0,0,0
2074493631780,1791128058.453458,3453,idle,1101.8,,,,,0,0,0,0
2074635912051,1791128058.595738,3595,idle,907.6,,,,,0,0,0,0
2074782061923,1791128058.741888,3741,idle,3011.3,,,,,0,0,0,0
2074922651045,1791128058.882477,3882,idle,1772.0,,,,,0,0,0,0
2075074376317,1791128059.034202,4034,idle,1220.2,,,,,0,0,0,0
2075212716071,1791128059.172542,4172,idle,1679.3,,,,,0,0,0,0
2075356022032,1791128059.315848,4315,idle,2367.8,,,,,0,0,0,0
2075502835269,1791128059.462661,4462,idle,4485.6,,,,,0,0,0,0
2075641710697,1791128059.601537,4601,idle,1156.2,,,,,0,0,0,0
2075782698187,1791128059.742524,4742,idle,5363.6,,,,,0,0,0,0
2075922588382,1791128059.882414,4882,idle,5468.9,,,,,0,0,0,0
2076074829521,1791128060.034655,5034,idle,3985.3,,,,,0,0,0,0
2076219649966,1791128060.179476,5179,idle,6902.7,,,,,0,0,0,0
2076363960868,1791128060.323787,5323,idle,2990.5,,,,,0,0,0,0
2076506735320,1791128060.466561,5466,idle,4594.5,,,,,0,0,0,0
2076644794601,1791128060.604620,5604,idle,1837.3,,,,,0,0,0,0
2076784796077,1791128060.744622,5744,idle,5767.4,,,,,0,0,0,0
2076924207911,1791128060.884034,5884,idle,10903.2,,,,,0,0,0,0
2077072624422,1791128061.032449,6032,idle,5034.9,,,,,0,0,0,0
2077212693281,1791128061.172519,6172,idle,6359.4,,,,,0,0,0,0
2077353593559,1791128061.313420,6313,idle,3469.5,,,,,0,0,0,0
2077497806086,1791128061.457632,6457,idle,981.6,,,,,0,0,0,0
2077641894194,1791128061.601720,6601,idle,996.8,,,,,0,0,0,0
2077783725391,1791128061.743551,6743,idle,1051.9,,,,,0,0,0,0
2077922953030,1791128061.882779,6882,idle,873.3,,,,,0,0,0,0
2078069420769,1791128062.029247,7029,idle,2142.6,,,,,0,0,0,0
2078210662066,1791128062.170488,7170,idle,5388.9,,,,,0,0,0,0
2078352163551,1791128062.311990,7311,idle,6892.6,,,,,0,0,0,0
2078490582954,1791128062.450408,7450,idle,7491.3,,,,,0,0,0,0
2078630571067,1791128062.590397,7590,idle,4083.0,,,,,0,0,0,0
2078770595580,1791128062.730422,7730,idle,4450.6,,,,,0,0,0,0
2078910572083,1791128062.870398,7870,idle,3729.6,,,,,0,0,0,0
2079069561677,1791128063.029388,8029,idle,4997.1,,,,,0,0,0,0
2079209967058,1791128063.169793,8169,idle,6043.0,,,,,0,0,0,0
2079350667526,1791128063.310493,8310,idle,5966.4,,,,,0,0,0,0
2079491546921,1791128063.451373,8451,idle,3592.4,,,,,0,0,0,0
2079630718838,1791128063.590545,8590,idle,894.1,,,,,0,0,0,0
2079771492654,1791128063.731318,8731,idle,11067.7,,,,,0,0,0,0
2079911829706,1791128063.871655,8871,idle,2212.5,,,,,0,0,0,0
2080071499696,1791128064.031326,9031,idle,3784.0,,,,,0,0,0,0
2080212576852,1791128064.172402,9172,idle,6483.3,,,,,0,0,0,0
2080358157221,1791128064.317983,9317,idle,2644.7,,,,,0,0,0,0
2080496125706,1791128064.455952,9455,idle,5270.4,,,,,0,0,0,0
2080634194320,1791128064.594020,9594,idle,10861.4,,,,,0,0,0,0
2080772549571,1791128064.732375,9732,idle,4164.8,,,,,0,0,0,0
2080912542450,1791128064.872368,9872,idle,3131.7,,,,,0,0,0,0
2081074402746,1791128065.034229,10034,idle,4288.2,,,,,0,0,0,0
2081214743034,1791128065.174569,10174,idle,3971.8,,,,,0,0,0,0
2081354542890,1791128065.314369,10314,idle,1896.3,,,,,0,0,0,0
2081495817417,1791128065.455643,10455,idle,789.3,,,,,0,0,0,0
2081635550543,1791128065.595376,10595,idle,1052.1,,,,,0,0,0,0
2081774527689,1791128065.734353,10734,idle,1044.5,,,,,0,0,0,0
2081914562221,1791128065.874388,10874,idle,998.2,,,,,0,0,0,0
2082268715471,1791128066.228541,11228,tx,1227.2,504.6,534.0,,,1,0,0,1
2082408477230,1791128066.368303,11368,tx,957.9,729.6,775.7,,,1,0,0,1
2082554915166,1791128066.514741,11514,tx,497.1,299.9,326.7,,,1,0,0,1
2082695500694,1791128066.655327,11655,tx,914.7,700.7,734.8,,,1,0,0,1
2082835487471,1791128066.795314,11795,tx,905.6,714.4,747.3,,,1,0,0,1
2082975499407,1791128066.935325,11935,tx,970.0,692.4,733.0,,,1,0,0,1
2083117515909,1791128067.077342,12077,tx,999.2,669.7,715.0,,,1,0,0,1
2083258501486,1791128067.218328,12218,tx,994.0,682.6,728.1,,,1,0,0,1
2083398542825,1791128067.358369,12358,tx,1006.8,625.5,687.7,,,1,0,0,1
2083579333564,1791128067.539160,12539,tx,2123.4,1860.1,1892.5,,,1,0,0,1
2083720470339,1791128067.680296,12680,tx,947.7,715.4,761.0,,,1,0,0,1
2083860468509,1791128067.820295,12820,tx,1007.6,719.2,752.5,,,1,0,0,1
2084000411839,1791128067.960238,12960,tx,11623.0,783.0,811.6,,,1,0,0,1
2084140480759,1791128068.100307,13100,tx,978.4,692.2,736.8,,,1,0,0,1
2084280404193,1791128068.240231,13240,tx,992.8,781.7,811.8,,,1,0,0,1
2084420476605,1791128068.380303,13380,tx,885.4,702.8,744.4,,,1,0,0,1
2084579307892,1791128068.539134,13539,tx,2057.0,1870.6,1905.8,,,1,0,0,1
2084720428201,1791128068.680254,13680,tx,937.9,752.8,784.4,,,1,0,0,1
2084860437053,1791128068.820263,13820,tx,914.1,750.5,773.3,,,1,0,0,1
2085000424586,1791128068.960251,13960,tx,11536.2,753.3,790.0,,,1,0,0,1
2085139407994,1791128069.099234,14099,tx,976.2,750.4,799.2,,,1,0,0,1
2085280436366,1791128069.240263,14240,tx,956.9,725.5,767.8,,,1,0,0,1
2085420408492,1791128069.380235,14380,tx,1000.6,753.4,793.1,,,1,0,0,1
2085580295651,1791128069.540122,14540,tx,2133.8,1878.0,1903.6,,,1,0,0,1
2085720396065,1791128069.680223,14680,tx,1090.3,774.4,810.2,,,1,0,0,1
2085860384421,1791128069.820211,14820,tx,1020.6,784.3,812.8,,,1,0,0,1
2086000377967,1791128069.960204,14960,tx,11500.7,795.9,822.6,,,1,0,0,1
2086140377735,1791128070.100204,100,tx,961.2,783.8,815.8,,,1,0,0,1
2086280378594,1791128070.240205,240,tx,977.8,790.2,815.7,,,1,0,0,1
2086420380593,1791128070.380207,380,tx,968.0,783.8,811.3,,,1,0,0,1
2086580286444,1791128070.540113,540,tx,2128.9,1873.1,1901.7,,,1,0,0,1
2086721545348,1791128070.681372,681,tx,817.3,606.9,641.4,,,1,0,0,1
2086861376439,1791128070.821203,821,tx,992.4,775.6,808.5,,,1,0,0,1
2087001382348,1791128070.961209,961,tx,10327.1,767.2,805.2,,,1,0,0,1
2087140385962,1791128071.100212,1100,tx,975.2,770.9,806.7,,,1,0,0,1
2087281366672,1791128071.241193,1241,tx,999.8,788.7,819.2,,,1,0,0,1
2087421461533,1791128071.381288,1381,tx,979.0,696.3,727.0,,,1,0,0,1
2087579269394,1791128071.539096,1539,tx,2099.5,1883.1,1917.6,,,1,0,0,1
2087720375472,1791128071.680202,1680,tx,994.0,777.8,808.8,,,1,0,0,1
2087860358395,1791128071.820184,1820,tx,1012.7,790.8,823.9,,,1,0,0,1
2088000392577,1791128071.960219,1960,tx,11523.6,760.4,792.0,,,1,0,0,1
2088140366351,1791128072.100193,2100,tx,1011.8,776.4,815.2,,,1,0,0,1
2088280361177,1791128072.240187,2240,tx,1058.2,779.8,810.0,,,1,0,0,1
2088425312881,1791128072.385139,2385,tx,1131.0,813.4,862.5,,,1,0,0,1
2088580270161,1791128072.540097,2540,tx,2173.8,1870.1,1901.6,,,1,0,0,1
2088721554370,1791128072.681381,2681,tx,799.2,579.6,620.3,,,1,0,0,1
2088861355448,1791128072.821182,2821,tx,1056.7,784.1,815.5,,,1,0,0,1
2089000413205,1791128072.960239,2960,tx,11571.2,709.5,752.9,,,1,0,0,1
2089141354741,1791128073.101181,3101,tx,1110.8,764.1,810.1,,,1,0,0,1
2089280353682,1791128073.240180,3240,tx,1090.4,762.0,804.7,,,1,0,0,1
2089420375401,1791128073.380202,3380,tx,1003.9,754.8,796.7,,,1,0,0,1
2089580259934,1791128073.540086,3540,tx,2126.0,1870.1,1898.5,,,1,0,0,1
2089720354201,1791128073.680181,3680,tx,986.9,765.5,800.5,,,1,0,0,1
2089860402099,1791128073.820228,3820,tx,1007.7,726.4,753.7,,,1,0,0,1
2090000336918,1791128073.960163,3960,tx,11448.9,781.2,815.1,,,1,0,0,1
2090140347499,1791128074.100174,4100,tx,1009.9,780.6,805.0,,,1,0,0,1
2090280334581,1791128074.240161,4240,tx,996.9,794.0,824.5,,,1,0,0,1
2090420391342,1791128074.380218,4380,tx,970.5,715.7,767.8,,,1,0,0,1
2090580205979,1791128074.540032,4540,tx,2085.5,1922.1,1945.3,,,1,0,0,1
2090720302160,1791128074.680129,4680,tx,1072.7,811.9,837.8,,,1,0,0,1
2090860388661,1791128074.820215,4820,tx,1017.7,716.7,758.8,,,1,0,0,1
2091000318183,1791128074.960144,4960,tx,11706.2,796.3,821.4,,,1,0,0,1
2091141326415,1791128075.101153,5101,tx,1072.7,779.2,811.1,,,1,0,0,1
2091280324772,1791128075.240151,5240,tx,1041.9,773.5,807.8,,,1,0,0,1
2091420345017,1791128075.380171,5380,tx,1065.9,753.7,789.6,,,1,0,0,1
2091581215165,1791128075.541041,5541,tx,2115.5,1887.0,1913.4,,,1,0,0,1
2091721462897,1791128075.681289,5681,tx,936.7,617.2,668.8,,,1,0,0,1
2091861352353,1791128075.821179,5821,tx,1038.7,737.3,777.1,,,1,0,0,1
2092001306869,1791128075.961133,5961,tx,10853.5,792.4,821.0,,,1,0,0,1
2092140539025,1791128076.100365,6100,tx,769.0,548.2,589.9,,,1,0,0,1
2092281364883,1791128076.241191,6241,tx,1032.0,715.3,755.6,,,1,0,0,1
2092421329262,1791128076.381155,6381,tx,1006.8,752.7,793.0,,,1,0,0,1
2092579216430,1791128076.539042,6539,tx,2112.8,1873.3,1905.5,,,1,0,0,1
2092720320805,1791128076.680147,6680,tx,969.0,753.6,794.6,,,1,0,0,1
2092860318053,1791128076.820144,6820,tx,991.7,768.9,798.2,,,1,0,0,1
2093000312181,1791128076.960139,6960,tx,11484.7,766.6,802.6,,,1,0,0,1
2093140303152,1791128077.100129,7100,tx,957.2,779.8,812.3,,,1,0,0,1
2093280293923,1791128077.240120,7240,tx,969.8,789.7,819.0,,,1,0,0,1
2093420299654,1791128077.380126,7380,tx,966.5,778.5,806.9,,,1,0,0,1
2093580165992,1791128077.539992,7539,tx,2072.4,1916.1,1939.7,,,1,0,0,1
2093721303709,1791128077.681130,7681,tx,1031.8,762.3,800.3,,,1,0,0,1
2093861324280,1791128077.821151,7821,tx,984.2,739.4,780.2,,,1,0,0,1
2094000287544,1791128077.960114,7960,tx,11801.2,779.9,815.0,,,1,0,0,1
2094141350875,1791128078.101177,8101,tx,979.7,716.5,751.4,,,1,0,0,1
2094281285450,1791128078.241112,8241,tx,1000.9,785.3,810.5,,,1,0,0,1
2094421291105,1791128078.381117,8381,tx,953.8,773.6,802.9,,,1,0,0,1
2094580210097,1791128078.540036,8540,tx,2021.7,1843.5,1883.0,,,1,0,0,1
2094721313578,1791128078.681140,8681,tx,956.9,749.5,781.0,,,1,0,0,1
2094861318633,1791128078.821145,8821,tx,1030.7,750.0,774.8,,,1,0,0,1
2095000326190,1791128078.960152,8960,tx,11596.4,730.8,764.7,,,1,0,0,1
2095141325294,1791128079.101151,9101,tx,959.9,721.7,762.9,,,1,0,0,1
2095281282752,1791128079.241109,9241,tx,1081.9,760.5,799.9,,,1,0,0,1
2095421341909,1791128079.381168,9381,tx,1054.1,705.9,751.3,,,1,0,0,1
2095581335262,1791128079.541161,9541,tx,5132.1,1033.3,4748.5,,,1,0,0,1
2095723116618,1791128079.682942,9682,tx,5197.0,923.2,970.9,,,1,0,0,1
2095862403364,1791128079.822229,9822,tx,2425.3,1998.5,2051.4,,,1,0,0,1
2096005353726,1791128079.965180,9965,tx,6851.1,673.7,726.2,,,1,0,0,1
2096143042764,1791128080.102869,10102,tx,1404.9,982.3,1038.6,,,1,0,0,1
2096281360445,1791128080.241186,10241,tx,2001.5,664.1,717.3,,,1,0,0,1
2096426364265,1791128080.386190,10386,tx,1752.8,654.5,711.2,,,1,0,0,1
2096580928558,1791128080.540754,10540,tx,6193.8,306.2,2145.9,,,1,0,0,1
2096721695140,1791128080.681521,10681,tx,9359.5,1039.4,4374.8,,,1,0,0,1
2096861455604,1791128080.821281,10821,tx,1273.5,557.0,613.5,,,1,0,0,1
2097004092822,1791128080.963918,10963,tx,9054.2,921.7,975.5,,,1,0,0,1
2097141358358,1791128081.101184,11101,tx,2990.6,302.1,1709.6,,,1,0,0,1
2097283123431,1791128081.242949,11242,tx,1423.6,872.7,943.0,,,1,0,0,1
2097427133556,1791128081.386959,11386,tx,2183.0,870.1,931.5,,,1,0,0,1
2097582235606,1791128081.542062,11542,tx,5835.1,1029.8,3824.0,,,1,0,0,1
2097724386004,1791128081.684211,11684,tx,1229.4,611.2,675.9,,,1,0,0,1
2097864836872,1791128081.824663,11824,tx,618.2,167.5,224.3,,,1,0,0,1
2098005712396,1791128081.965538,11965,tx,11365.0,281.3,349.4,,,1,0,0,1
2098143467449,1791128082.103293,12103,tx,3118.1,2088.4,2587.6,,,1,0,0,1
2098283355618,1791128082.243181,12243,tx,6997.6,988.7,5695.5,,,1,0,0,1
2098423410774,1791128082.383237,12383,tx,7657.9,588.7,645.6,,,1,0,0,1
2098584193939,1791128082.544020,12544,tx,4847.4,1024.2,1857.7,,,1,0,0,1
2098725335842,1791128082.685162,12685,tx,1166.5,657.2,713.9,,,1,0,0,1
2098865362559,1791128082.825188,12825,tx,1133.5,628.5,686.1,,,1,0,0,1
2099005403226,1791128082.965229,12965,tx,6961.4,1012.3,4641.7,,,1,0,0,1
2099144337048,1791128083.104163,13104,tx,11255.2,1021.8,4708.7,,,1,0,0,1
2099284329648,1791128083.244155,13244,tx,1194.4,657.9,714.0,,,1,0,0,1
2099427200143,1791128083.387026,13387,tx,3850.6,556.7,2839.2,,,1,0,0,1
2099585319734,1791128083.545146,13545,tx,4183.6,821.4,3719.9,,,1,0,0,1
2099724330136,1791128083.684156,13684,tx,4029.7,2351.9,2491.1,,,1,0,0,1
2099866184674,1791128083.826011,13826,tx,1228.5,789.6,850.1,,,1,0,0,1
2100003334729,1791128083.963160,13963,tx,15738.6,1008.4,6701.0,,,1,0,0,1
2100143316441,1791128084.103142,14103,tx,6080.1,1042.7,1578.1,,,1,0,0,1
2100283342784,1791128084.243169,14243,tx,7726.1,265.1,1686.6,,,1,0,0,1
2100427207041,1791128084.387033,14387,tx,1274.9,766.4,821.7,,,1,0,0,1
2100582149993,1791128084.541976,14541,tx,5039.4,736.5,3936.4,,,1,0,0,1
2100723456221,1791128084.683282,14683,tx,968.3,505.2,569.3,,,1,0,0,1
2100862350148,1791128084.822176,14822,tx,5780.2,994.6,4676.9,,,1,0,0,1
2101003364759,1791128084.963191,14963,tx,10811.9,802.0,3655.4,,,1,0,0,1
2101148489642,1791128085.108315,108,tx,3192.1,973.1,2530.1,,,1,0,0,1
2101293148393,1791128085.252974,252,tx,2294.2,808.3,874.3,,,1,0,0,1
2101436627647,1791128085.396453,396,tx,5406.4,974.4,4390.7,,,1,0,0,1
2101581209058,1791128085.541035,541,tx,2194.9,208.5,1804.1,,,1,0,0,1
2101723367078,1791128085.683193,683,tx,2613.3,577.9,646.0,,,1,0,0,1
2101867149789,1791128085.826976,826,tx,5284.2,982.3,3873.5,,,1,0,0,1
2102011858349,1791128085.971684,971,tx,6911.3,1080.0,1154.2,,,1,0,0,1
2102151119407,1791128086.110945,1110,tx,6946.2,964.2,3888.8,,,1,0,0,1
2102291457672,1791128086.251283,1251,tx,2896.4,1059.2,1556.8,,,1,0,0,1
2102433312969,1791128086.393139,1393,tx,2503.9,610.2,695.5,,,1,0,0,1
2102588819442,1791128086.548645,1548,tx,4849.6,991.8,4199.0,,,1,0,0,1
2102729715371,1791128086.689541,1689,tx,3103.0,219.2,291.0,,,1,0,0,1
2102868361157,1791128086.828187,1828,tx,2709.4,586.8,641.2,,,1,0,0,1
2103009315485,1791128086.969141,1969,tx,4042.8,622.0,683.1,,,1,0,0,1
2103148202820,1791128087.108028,2108,tx,1206.8,737.0,792.6,,,1,0,0,1
2103289282260,1791128087.249108,2249,tx,1098.8,655.4,712.4,,,1,0,0,1
2103429307632,1791128087.389133,2389,tx,1101.7,622.7,684.6,,,1,0,0,1
2103581118663,1791128087.540945,2540,tx,2230.4,1836.9,1867.1,,,1,0,0,1
2103722024865,1791128087.681851,2681,tx,1305.1,914.3,959.7,,,1,0,0,1
2103861242507,1791128087.821069,2821,tx,1077.3,692.9,744.6,,,1,0,0,1
2104001252859,1791128087.961079,2961,tx,10432.3,684.9,730.4,,,1,0,0,1
2104142231303,1791128088.102057,3102,tx,1059.6,704.0,751.0,,,1,0,0,1
2104281234100,1791128088.241060,3241,tx,1033.5,700.3,746.2,,,1,0,0,1
2104421880019,1791128088.381706,3381,tx,1474.1,1054.7,1100.1,,,1,0,0,1
2104580069305,1791128088.539896,3539,tx,2122.8,1879.5,1905.1,,,1,0,0,1
2104721372346,1791128088.681199,3681,tx,873.9,560.8,602.9,,,1,0,0,1
2104861245783,1791128088.821072,3821,tx,2238.8,671.1,726.6,,,1,0,0,1
2105002624992,1791128088.962451,3962,tx,9049.4,283.9,350.1,,,1,0,0,1
2105141411255,1791128089.101237,4101,tx,9097.7,2969.3,7596.3,,,1,0,0,1
2105281326195,1791128089.241152,4241,tx,1059.8,582.5,649.1,,,1,0,0,1
2105422490510,1791128089.382316,4382,tx,5729.0,426.9,475.0,,,1,0,0,1
2105589091649,1791128089.548918,4548,tx,3521.3,1854.6,1877.7,,,1,0,0,1
2105730208915,1791128089.690035,4690,tx,1077.9,708.3,756.3,,,1,0,0,1
2105870231504,1791128089.830057,4830,tx,1169.0,674.8,738.0,,,1,0,0,1
2106010184103,1791128089.970010,4970,tx,1356.8,723.6,775.1,,,1,0,0,1
2106149178906,1791128090.109005,5109,tx,1052.3,739.4,784.3,,,1,0,0,1
2106290177067,1791128090.250003,5250,tx,1035.2,740.0,783.9,,,1,0,0,1
2106430183959,1791128090.390010,5390,tx,1005.6,735.3,773.8,,,1,0,0,1
2106579053084,1791128090.538879,5538,tx,2149.7,1867.2,1898.3,,,1,0,0,1
2106720131243,1791128090.679958,5679,tx,1095.3,789.2,816.8,,,1,0,0,1
2106860142485,1791128090.819969,5819,tx,945.6,781.9,805.5,,,1,0,0,1
2107000159187,1791128090.959985,5959,tx,11570.1,742.4,786.9,,,1,0,0,1
2107140130322,1791128091.099957,6099,tx,992.1,779.7,814.7,,,1,0,0,1
2107280063128,1791128091.239889,6239,tx,1135.2,847.1,892.0,,,1,0,0,1
2107420174441,1791128091.380001,6380,tx,895.3,743.3,765.0,,,1,0,0,1
2107579993099,1791128091.539819,6539,tx,2165.4,1929.8,1944.3,,,1,0,0,1
2107720102343,1791128091.679929,6679,tx,1037.0,810.5,833.9,,,1,0,0,1
2107860178297,1791128091.820005,6820,tx,961.2,734.8,772.8,,,1,0,0,1
2108000125133,1791128091.959951,6959,tx,11700.9,774.9,812.5,,,1,0,0,1
2108141113978,1791128092.100940,7100,tx,959.3,800.6,820.9,,,1,0,0,1
2108280133099,1791128092.239959,7239,tx,947.3,775.5,795.9,,,1,0,0,1
2108420091297,1791128092.379918,7379,tx,1064.6,799.1,836.2,,,1,0,0,1
2108579994088,1791128092.539820,7539,tx,2206.6,1911.7,1937.7,,,1,0,0,1
2108720131744,1791128092.679958,7679,tx,951.3,747.6,790.7,,,1,0,0,1
2108860119513,1791128092.819946,7819,tx,957.9,791.3,812.9,,,1,0,0,1
2109000075491,1791128092.959902,7959,tx,11381.6,821.4,849.8,,,1,0,0,1
2109140095571,1791128093.099922,8099,tx,969.1,787.1,831.6,,,1,0,0,1
2109280097103,1791128093.239923,8239,tx,970.9,784.9,822.0,,,1,0,0,1
2109420070424,1791128093.379897,8379,tx,1134.9,823.6,853.5,,,1,0,0,1
2109579994328,1791128093.539820,8539,tx,2166.2,1884.7,1927.4,,,1,0,0,1
2109721083636,1791128093.680910,8680,tx,1067.2,796.9,835.0,,,1,0,0,1
2109861066258,1791128093.820893,8820,tx,1094.2,821.5,849.0,,,1,0,0,1
2110001050699,1791128093.960877,8960,tx,10734.1,845.4,862.9,,,1,0,0,1
2110141072783,1791128094.100899,9100,tx,1090.1,798.7,839.9,,,1,0,0,1
2110281066737,1791128094.240893,9240,tx,1014.7,802.9,842.4,,,1,0,0,1
2110421073661,1791128094.380900,9380,tx,1094.8,794.9,842.1,,,1,0,0,1
2110579944551,1791128094.539771,9539,tx,2135.6,1943.1,1972.9,,,1,0,0,1
2110721068222,1791128094.680895,9680,tx,1062.0,817.0,848.6,,,1,0,0,1
2110861102866,1791128094.820929,9820,tx,1009.3,777.9,798.9,,,1,0,0,1
2111001066441,1791128094.960893,9960,tx,10313.0,804.0,841.8,,,1,0,0,1
2111141057648,1791128095.100884,10100,tx,984.7,804.1,840.5,,,1,0,0,1
2111281011816,1791128095.240838,10240,tx,1034.4,863.7,883.6,,,1,0,0,1
2111421076393,1791128095.380903,10380,tx,1012.7,788.3,818.7,,,1,0,0,1
2111579982056,1791128095.539808,10539,tx,2052.6,1869.1,1912.4,,,1,0,0,1
2111721100660,1791128095.680927,10680,tx,1053.7,765.1,803.6,,,1,0,0,1
2111861099988,1791128095.820926,10820,tx,955.8,753.5,789.4,,,1,0,0,1
2112001070756,1791128095.960897,10960,tx,10451.0,789.1,817.6,,,1,0,0,1
2112140093967,1791128096.099920,11099,tx,1059.9,773.9,796.5,,,1,0,0,1
2112281012627,1791128096.240839,11240,tx,1010.4,853.8,876.6,,,1,0,0,1
2112421051847,1791128096.380878,11380,tx,993.9,790.5,839.4,,,1,0,0,1
2112579943973,1791128096.539770,11539,tx,2083.4,1910.8,1936.4,,,1,0,0,1
2112720060042,1791128096.679886,11679,tx,986.7,775.3,821.8,,,1,0,0,1
2112860014133,1791128096.819840,11819,tx,1098.2,833.9,862.4,,,1,0,0,1
2113001065611,1791128096.960892,11960,tx,10377.7,779.0,810.2,,,1,0,0,1
2113140020846,1791128097.099847,12099,tx,1014.2,821.6,854.6,,,1,0,0,1
2113281035178,1791128097.240861,12240,tx,1040.9,801.1,832.3,,,1,0,0,1
2113421501316,1791128097.381327,12381,tx,692.5,327.0,369.6,,,1,0,0,1
2113579939601,1791128097.539766,12539,tx,2212.3,1903.4,1928.5,,,1,0,0,1
2113720113752,1791128097.679940,12679,tx,928.3,709.1,747.4,,,1,0,0,1
2113860079986,1791128097.819906,12819,tx,1049.9,757.1,785.1,,,1,0,0,1
2114000101040,1791128097.959927,12959,tx,11922.3,709.9,764.2,,,1,0,0,1
2114140065666,1791128098.099892,13099,tx,1036.2,763.9,794.2,,,1,0,0,1
2114281300008,1791128098.241126,13241,tx,3066.5,793.5,2561.5,,,1,0,0,1
2114428409740,1791128098.388236,13388,tx,1675.3,394.6,449.7,,,1,0,0,1
2114584988081,1791128098.544814,13544,tx,4338.7,837.9,3868.4,,,1,0,0,1
2114728844252,1791128098.688670,13688,tx,7234.6,825.3,4015.2,,,1,0,0,1
2114875315052,1791128098.835141,13835,tx,1061.2,464.3,542.9,,,1,0,0,1
2115015218400,1791128098.975044,13975,tx,1024.6,578.0,637.2,,,1,0,0,1
2115156224347,1791128099.116050,14116,tx,1564.8,559.9,624.2,,,1,0,0,1
2115295218439,1791128099.255044,14255,tx,3049.0,803.0,2633.5,,,1,0,0,1
2115435218268,1791128099.395044,14395,tx,4611.4,811.8,3634.0,,,1,0,0,1
2115583984004,1791128099.543810,14543,tx,4352.1,821.1,3864.9,,,1,0,0,1
2115728468041,1791128099.688294,14688,tx,1469.7,312.4,376.7,,,1,0,0,1
2115875419329,1791128099.835245,14835,tx,2945.4,737.8,2426.6,,,1,0,0,1
2116014211213,1791128099.974037,14974,tx,5057.9,969.1,4635.6,,,1,0,0,1
2116154233964,1791128100.114060,114,tx,3825.4,531.7,608.4,,,1,0,0,1
2116297590338,1791128100.257416,257,tx,6471.7,809.9,4255.3,,,1,0,0,1
2116436458824,1791128100.396284,396,tx,799.2,300.4,381.6,,,1,0,0,1
2116585023025,1791128100.544849,544,tx,6030.9,801.4,3815.3,,,1,0,0,1
2116726120615,1791128100.685946,685,tx,6041.3,654.8,712.8,,,1,0,0,1
2116865267978,1791128100.825094,825,tx,5241.9,504.9,560.3,,,1,0,0,1
2117005258641,1791128100.965084,965,tx,12759.0,507.4,572.6,,,1,0,0,1
2117146227204,1791128101.106053,1106,tx,1065.8,539.6,601.6,,,1,0,0,1
2117287439196,1791128101.247265,1247,tx,1835.1,335.3,393.4,,,1,0,0,1
2117428778685,1791128101.388604,1388,tx,10412.6,793.5,7050.2,,,1,0,0,1
2117582753747,1791128101.542579,1542,tx,8303.4,976.0,1071.8,,,1,0,0,1
2117725209634,1791128101.685035,1685,tx,2155.0,927.1,1616.5,,,1,0,0,1
2117868526221,1791128101.828352,1828,tx,3537.3,223.0,293.9,,,1,0,0,1
2118013227751,1791128101.973053,1973,tx,2298.5,524.9,591.7,,,1,0,0,1
2118153224339,1791128102.113050,2113,tx,1091.1,523.1,594.0,,,1,0,0,1
2118293650383,1791128102.253476,2253,tx,9191.2,775.9,5165.7,,,1,0,0,1
2118437131811,1791128102.396957,2396,tx,1122.6,608.3,683.5,,,1,0,0,1
2118584931728,1791128102.544758,2544,tx,6615.8,779.7,3884.0,,,1,0,0,1
2118725133784,1791128102.684959,2684,tx,5144.1,784.2,3678.6,,,1,0,0,1
2118865133283,1791128102.824959,2824,tx,2888.2,398.4,1677.0,,,1,0,0,1
2119005464018,1791128102.965289,2965,tx,6529.1,223.1,2344.7,,,1,0,0,1
2119146043302,1791128103.105869,3105,tx,2145.0,706.0,768.5,,,1,0,0,1
2119286044033,1791128103.245870,3245,tx,1256.9,705.9,762.2,,,1,0,0,1
2119425032617,1791128103.384859,3384,tx,1139.9,716.9,770.7,,,1,0,0,1
2119578911786,1791128103.538738,3538,tx,2143.6,1861.5,1890.5,,,1,0,0,1
2119720033255,1791128103.679859,3679,tx,1002.1,720.6,762.4,,,1,0,0,1
2119860050057,1791128103.819876,3819,tx,1093.0,699.0,744.5,,,1,0,0,1
2120000023708,1791128103.959850,3959,tx,11326.1,739.6,767.8,,,1,0,0,1
2120138970815,1791128104.098797,4098,tx,1065.8,790.2,820.0,,,1,0,0,1
2120279986478,1791128104.239813,4239,tx,1046.1,758.9,798.8,,,1,0,0,1
2120419979972,1791128104.379806,4379,tx,995.3,771.4,811.4,,,1,0,0,1
2120578867696,1791128104.538694,4538,tx,2102.2,1902.2,1920.9,,,1,0,0,1
2120720019268,1791128104.679846,4679,tx,960.3,737.7,764.1,,,1,0,0,1
2120859982773,1791128104.819809,4819,tx,945.1,778.5,803.7,,,1,0,0,1
2120999955778,1791128104.959782,4959,tx,11410.3,800.4,825.8,,,1,0,0,1
2121138948076,1791128105.098774,5098,tx,1056.0,807.0,833.8,,,1,0,0,1
2121280028892,1791128105.239855,5239,tx,891.3,710.9,748.7,,,1,0,0,1
2121419954630,1791128105.379781,5379,tx,999.7,797.0,821.3,,,1,0,0,1
2121588020761,1791128105.547847,5547,tx,7039.9,728.8,3755.5,,,1,0,0,1
2121726048651,1791128105.685874,5685,tx,1079.6,676.9,729.2,,,1,0,0,1
2121866041199,1791128105.825867,5825,tx,1107.7,677.9,728.5,,,1,0,0,1
2122006050567,1791128105.965876,5965,tx,10120.6,739.0,3724.2,,,1,0,0,1
2122146709829,1791128106.106535,6106,tx,2438.7,1002.0,1063.9,,,1,0,0,1
2122286141196,1791128106.245967,6245,tx,9915.7,751.0,2629.1,,,1,0,0,1
2122426565422,1791128106.386391,6386,tx,7536.3,736.1,4203.5,,,1,0,0,1
2122580892886,1791128106.540719,6540,tx,6219.6,819.2,3946.4,,,1,0,0,1
2122721145914,1791128106.680972,6680,tx,2086.3,562.5,629.7,,,1,0,0,1
2122862238302,1791128106.822064,6822,tx,2085.1,461.8,525.5,,,1,0,0,1
2123002539249,1791128106.962365,6962,tx,11329.0,728.5,4224.5,,,1,0,0,1
2123144641788,1791128107.104467,7104,tx,5722.0,739.7,4124.4,,,1,0,0,1
2123291567831,1791128107.251393,7251,tx,5503.2,726.9,4193.5,,,1,0,0,1
2123433625641,1791128107.393451,7393,tx,2603.7,1060.0,1131.1,,,1,0,0,1
2123582386092,1791128107.542212,7542,tx,4683.3,1319.4,1369.0,,,1,0,0,1
2123723918589,1791128107.683744,7683,tx,7868.2,598.9,1896.2,,,1,0,0,1
2123863129381,1791128107.822955,7822,tx,3472.6,638.2,1621.8,,,1,0,0,1
2124002140567,1791128107.961966,7961,tx,14798.3,2207.5,4698.1,,,1,0,0,1
2124143101352,1791128108.102927,8102,tx,4953.4,586.4,647.0,,,1,0,0,1
2124284649940,1791128108.244476,8244,tx,2537.7,1035.3,1096.1,,,1,0,0,1
2124423384322,1791128108.383210,8383,tx,1731.6,300.2,356.3,,,1,0,0,1
2124585240635,1791128108.545066,8545,tx,820.6,471.5,505.0,,,1,0,0,1
2124723013498,1791128108.682839,8682,tx,1117.3,677.5,730.4,,,1,0,0,1
2124863005884,1791128108.822832,8822,tx,7064.6,721.8,3734.5,,,1,0,0,1
2125001445659,1791128108.961271,8961,tx,13110.4,722.1,5294.3,,,1,0,0,1
2125144044938,1791128109.103871,9103,tx,1380.4,636.7,694.4,,,1,0,0,1
2125282994980,1791128109.242821,9242,tx,2491.0,680.2,740.7,,,1,0,0,1
2125428301828,1791128109.388128,9388,tx,7762.4,3348.5,4715.1,,,1,0,0,1
2125582906919,1791128109.542732,9542,tx,3888.2,1681.6,1817.9,,,1,0,0,1
2125726702414,1791128109.686528,9686,tx,8354.5,701.1,4023.8,,,1,0,0,1
2125866991971,1791128109.826818,9826,tx,6072.6,672.3,733.5,,,1,0,0,1
2126006064591,1791128109.965890,9965,tx,7893.8,614.0,4661.4,,,1,0,0,1
2126145038615,1791128110.104864,10104,tx,9057.7,692.5,3689.8,,,1,0,0,1
2126286502381,1791128110.246328,10246,tx,7566.1,147.8,217.9,,,1,0,0,1
2126426013549,1791128110.385839,10385,tx,1358.4,644.1,707.0,,,1,0,0,1
2126583290332,1791128110.543116,10543,tx,1811.4,1388.4,1424.3,,,1,0,0,1
2126723046787,1791128110.682872,10682,tx,4089.3,690.9,3671.3,,,1,0,0,1
2126863034270,1791128110.822860,10822,tx,1112.9,627.3,685.2,,,1,0,0,1
2127003036283,1791128110.962862,10962,tx,11027.8,616.6,679.4,,,1,0,0,1
2127143043627,1791128111.102869,11102,tx,1306.2,605.6,669.1,,,1,0,0,1
2127284829903,1791128111.244656,11244,tx,1552.9,813.0,876.0,,,1,0,0,1
2127423443884,1791128111.383269,11383,tx,685.2,198.3,262.0,,,1,0,0,1
2127580850599,1791128111.540677,11540,tx,5242.0,1821.9,1856.8,,,1,0,0,1
2127722627454,1791128111.682453,11682,tx,5437.9,1020.8,1079.1,,,1,0,0,1
2127862855297,1791128111.822681,11822,tx,7217.9,671.9,3848.1,,,1,0,0,1
2128002876843,1791128111.962703,11962,tx,17213.2,671.3,3828.4,,,1,0,0,1
2128141620185,1791128112.101446,12101,tx,2199.0,1017.6,1080.2,,,1,0,0,1
2128285055304,1791128112.244881,12244,tx,2257.6,585.0,646.3,,,1,0,0,1
2128422450683,1791128112.382276,12382,tx,770.1,197.8,258.2,,,1,0,0,1
2128582825726,1791128112.542652,12542,tx,6272.2,670.5,3865.7,,,1,0,0,1
2128721206264,1791128112.681032,12681,tx,18508.2,15496.0,17344.3,,,1,0,0,1
2128862971052,1791128112.822797,12822,tx,2088.9,662.3,723.5,,,1,0,0,1
2129005260714,1791128112.965087,12965,tx,7217.9,370.2,430.9,,,1,0,0,1
2129143968170,1791128113.103794,13103,tx,1206.3,659.4,721.6,,,1,0,0,1
2129283029272,1791128113.242855,13242,tx,1220.7,588.9,662.1,,,1,0,0,1
2129423151342,1791128113.382977,13382,tx,2929.9,474.8,536.6,,,1,0,0,1
2129583270923,1791128113.543097,13543,tx,2782.1,1379.1,1415.3,,,1,0,0,1
2129726049562,1791128113.685875,13685,tx,1094.2,561.4,632.4,,,1,0,0,1
2129864711059,1791128113.824536,13824,tx,3518.0,894.2,968.8,,,1,0,0,1
2130006849296,1791128113.966675,13966,tx,7210.4,767.5,831.2,,,1,0,0,1
2130144487637,1791128114.104313,14104,tx,9592.1,1118.2,1196.9,,,1,0,0,1
2130283423544,1791128114.243249,14243,tx,6642.6,195.4,254.5,,,1,0,0,1
2130423997082,1791128114.383823,14383,tx,2332.2,616.2,676.5,,,1,0,0,1
2130581819222,1791128114.541645,14541,tx,9096.0,639.0,3851.9,,,1,0,0,1
2130728078175,1791128114.687904,14687,tx,5017.6,1177.1,1414.4,,,1,0,0,1
2130872840954,1791128114.832667,14832,tx,7235.8,623.9,4831.8,,,1,0,0,1
2131019869428,1791128114.979695,14979,tx,1190.7,731.4,796.3,,,1,0,0,1
2131162381457,1791128115.122207,122,tx,672.5,221.6,281.9,,,1,0,0,1
2131301978909,1791128115.261805,261,tx,1199.1,626.6,688.6,,,1,0,0,1
2131441966756,1791128115.401792,401,tx,1128.1,639.1,702.2,,,1,0,0,1
2131580773157,1791128115.540599,540,tx,2187.3,1855.8,1886.3,,,1,0,0,1
2131720918603,1791128115.680744,680,tx,1022.0,689.0,743.7,,,1,0,0,1
2131862011848,1791128115.821838,821,tx,997.3,595.9,645.7,,,1,0,0,1
2132001864547,1791128115.961691,961,tx,9846.7,745.3,791.1,,,1,0,0,1
2132140737999,1791128116.100564,1100,tx,1217.2,876.9,916.6,,,1,0,0,1
2132282014645,1791128116.241841,1241,tx,946.7,592.8,637.7,,,1,0,0,1
2132421857207,1791128116.381684,1381,tx,981.2,754.1,792.1,,,1,0,0,1
2132580730092,1791128116.540556,1540,tx,2179.7,1889.0,1916.6,,,1,0,0,1
2132721981038,1791128116.681807,1681,tx,951.0,617.2,665.0,,,1,0,0,1
2132860885351,1791128116.820712,1820,tx,1060.8,721.6,759.5,,,1,0,0,1
2133002019139,1791128116.961845,1961,tx,9687.7,569.9,624.5,,,1,0,0,1
2133140783565,1791128117.100610,2100,tx,1160.4,817.4,857.4,,,1,0,0,1
2133282038444,1791128117.241864,2241,tx,960.5,550.2,603.5,,,1,0,0,1
2133420860461,1791128117.380687,2380,tx,986.1,744.5,779.1,,,1,0,0,1
2133580727558,1791128117.540554,2540,tx,2171.6,1884.0,1910.0,,,1,0,0,1
2133722085745,1791128117.681912,2681,tx,752.6,512.7,550.3,,,1,0,0,1
2133861840162,1791128117.821666,2821,tx,1095.3,759.5,794.8,,,1,0,0,1
2134001871185,1791128117.961697,2961,tx,9802.5,724.3,761.5,,,1,0,0,1
2134140650924,1791128118.100477,3100,tx,1146.0,945.7,981.2,,,1,0,0,1
2134281926526,1791128118.241753,3241,tx,1034.8,674.2,710.9,,,1,0,0,1
2134420823355,1791128118.380650,3380,tx,968.1,780.5,807.2,,,1,0,0,1
2134580693445,1791128118.540520,3540,tx,2219.6,1913.2,1930.4,,,1,0,0,1
2134722026946,1791128118.681853,3681,tx,870.1,565.2,602.8,,,1,0,0,1
2134861831024,1791128118.821657,3821,tx,1125.6,763.1,802.2,,,1,0,0,1
2135001811291,1791128118.961638,3961,tx,9651.8,772.1,809.2,,,1,0,0,1
2135141810239,1791128119.101637,4101,tx,991.4,772.6,805.7,,,1,0,0,1
2135281827468,1791128119.241654,4241,tx,1122.3,749.2,783.2,,,1,0,0,1
2135421794887,1791128119.381621,4381,tx,1099.3,790.6,818.5,,,1,0,0,1
2135580724462,1791128119.540551,4540,tx,2133.9,1843.3,1888.3,,,1,0,0,1
2135721809558,1791128119.681636,4681,tx,954.9,759.6,796.0,,,1,0,0,1
2135861780578,1791128119.821607,4821,tx,975.4,799.8,827.5,,,1,0,0,1
2136000763399,1791128119.960590,4960,tx,10870.5,819.9,843.1,,,1,0,0,1
2136140952938,1791128120.100779,5100,tx,873.5,623.0,654.8,,,1,0,0,1
2136281913249,1791128120.241739,5241,tx,864.3,645.1,698.9,,,1,0,0,1
2136421801922,1791128120.381628,5381,tx,964.1,749.4,801.0,,,1,0,0,1
2136580664950,1791128120.540491,5540,tx,2071.2,1914.8,1937.5,,,1,0,0,1
2136721778470,1791128120.681605,5681,tx,960.6,779.4,820.1,,,1,0,0,1
2136861796112,1791128120.821622,5821,tx,1047.9,783.5,814.5,,,1,0,0,1
2137001756374,1791128120.961583,5961,tx,9476.6,812.8,836.9,,,1,0,0,1
2137141792248,1791128121.101619,6101,tx,922.9,767.6,801.4,,,1,0,0,1
2137281775284,1791128121.241601,6241,tx,958.5,788.0,814.2,,,1,0,0,1
2137421775859,1791128121.381602,6381,tx,946.7,790.5,815.0,,,1,0,0,1
2137579654091,1791128121.539480,6539,tx,2170.4,1921.0,1943.2,,,1,0,0,1
2137720776223,1791128121.680602,6680,tx,953.7,788.5,812.2,,,1,0,0,1
2137860784218,1791128121.820611,6820,tx,971.8,773.6,801.6,,,1,0,0,1
2138000774403,1791128121.960601,6960,tx,10369.3,781.3,814.7,,,1,0,0,1
2138139775212,1791128122.099602,7099,tx,947.8,784.9,808.0,,,1,0,0,1
2138280872927,1791128122.240699,7240,tx,874.1,682.3,709.5,,,1,0,0,1
2138420737757,1791128122.380564,7380,tx,1095.4,811.8,844.5,,,1,0,0,1
2138579647321,1791128122.539474,7539,tx,2179.1,1905.4,1930.6,,,1,0,0,1
2138720761876,1791128122.680588,7680,tx,1030.3,805.6,837.4,,,1,0,0,1
2138860792834,1791128122.820619,7820,tx,1118.4,761.3,797.4,,,1,0,0,1
2139000785432,1791128122.960612,7960,tx,10371.9,755.2,786.5,,,1,0,0,1
2139139829262,1791128123.099655,8099,tx,998.7,698.8,741.1,,,1,0,0,1
2139280902641,1791128123.240729,8240,tx,971.2,638.7,667.8,,,1,0,0,1
2139420784173,1791128123.380610,8380,tx,1079.4,744.7,781.4,,,1,0,0,1
2139580643790,1791128123.540470,8540,tx,2092.7,1894.4,1920.7,,,1,0,0,1
2139720745410,1791128123.680572,8680,tx,1067.9,791.8,817.0,,,1,0,0,1
2139861844868,1791128123.821671,8821,tx,884.5,693.4,719.9,,,1,0,0,1
2140000732152,1791128123.960559,8960,tx,10377.1,808.1,830.8,,,1,0,0,1
2140140756084,1791128124.100582,9100,tx,927.9,773.5,804.1,,,1,0,0,1
2140281841796,1791128124.241668,9241,tx,852.0,686.4,717.0,,,1,0,0,1
2140420739752,1791128124.380566,9380,tx,1006.3,789.8,818.1,,,1,0,0,1
2140579636283,1791128124.539463,9539,tx,2138.1,1893.0,1920.8,,,1,0,0,1
2140720758674,1791128124.680585,9680,tx,1066.2,762.0,792.4,,,1,0,0,1
2140860762707,1791128124.820589,9820,tx,1154.1,755.4,792.8,,,1,0,0,1
2141000743191,1791128124.960569,9960,tx,10456.2,769.9,807.2,,,1,0,0,1
2141139759378,1791128125.099586,10099,tx,1077.1,749.6,789.6,,,1,0,0,1
2141280903572,1791128125.240730,10240,tx,970.1,600.5,639.4,,,1,0,0,1
2141420776370,1791128125.380603,10380,tx,1022.7,725.5,769.4,,,1,0,0,1
2141580622923,1791128125.540449,10540,tx,2169.5,1895.3,1920.6,,,1,0,0,1
2141720721989,1791128125.680548,10680,tx,1076.2,792.0,831.5,,,1,0,0,1
2141861931152,1791128125.821758,10821,tx,865.7,578.9,609.9,,,1,0,0,1
2142000805221,1791128125.960631,10960,tx,10349.9,694.3,734.7,,,1,0,0,1
2142140748610,1791128126.100575,11100,tx,987.4,757.0,785.0,,,1,0,0,1
2142281846557,1791128126.241673,11241,tx,975.0,654.7,691.0,,,1,0,0,1
2142420750409,1791128126.380577,11380,tx,952.6,750.1,781.8,,,1,0,0,1
2142580632916,1791128126.540459,11540,tx,2090.9,1865.0,1895.2,,,1,0,0,1
2142720698605,1791128126.680525,11680,tx,1113.1,802.4,842.5,,,1,0,0,1
2142860738473,1791128126.820565,11820,tx,959.4,768.1,791.0,,,1,0,0,1
2143001814761,1791128126.961641,11961,tx,9268.9,685.3,714.6,,,1,0,0,1
2143140721725,1791128127.100548,12100,tx,1036.3,773.2,804.8,,,1,0,0,1
2143281835054,1791128127.241661,12241,tx,944.1,697.7,727.2,,,1,0,0,1
2143420730979,1791128127.380557,12380,tx,993.0,764.6,793.2,,,1,0,0,1
2143580594289,1791128127.540421,12540,tx,2073.8,1900.6,1925.0,,,1,0,0,1
2143721903467,1791128127.681730,12681,tx,843.5,574.1,615.8,,,1,0,0,1
2143860700083,1791128127.820526,12820,tx,980.6,785.3,819.2,,,1,0,0,1
2144001829492,1791128127.961656,12961,tx,10412.1,658.9,688.6,,,1,0,0,1
2144141730768,1791128128.101557,13101,tx,1009.5,751.1,787.7,,,1,0,0,1
2144280710035,1791128128.240536,13240,tx,1101.8,774.5,802.6,,,1,0,0,1
2144421803738,1791128128.381630,13381,tx,869.1,685.2,711.5,,,1,0,0,1
2144580610053,1791128128.540436,13540,tx,2107.1,1867.7,1900.1,,,1,0,0,1
2144720702977,1791128128.680529,13680,tx,991.7,770.6,800.5,,,1,0,0,1
2144860700422,1791128128.820527,13820,tx,1025.1,778.3,807.0,,,1,0,0,1
2145000741807,1791128128.960568,13960,tx,10344.6,720.2,763.4,,,1,0,0,1
2145140733344,1791128129.100560,14100,tx,981.8,724.9,773.1,,,1,0,0,1
2145280780382,1791128129.240607,14240,tx,7487.3,660.8,724.8,,,1,0,0,1
2145423046865,1791128129.382873,14382,tx,5569.4,535.8,1459.3,,,1,0,0,1
2145584661442,1791128129.544487,14544,tx,2152.8,1733.7,1836.3,,,1,0,0,1
2145727119302,1791128129.686945,14686,tx,11962.4,470.3,5382.8,,,1,0,0,1
2145865764355,1791128129.825591,14825,tx,7724.6,471.8,3737.0,,,1,0,0,1
2146005114141,1791128129.964940,14964,tx,9779.4,217.0,379.8,,,1,0,0,1
2146147299077,1791128130.107125,107,tx,4641.1,465.5,4201.2,,,1,0,0,1
2146284889724,1791128130.244715,244,tx,1073.4,544.4,605.1,,,1,0,0,1
2146424786777,1791128130.384613,384,tx,4291.2,655.6,710.5,,,1,0,0,1
2146582591009,1791128130.542417,542,tx,5110.9,422.8,3897.5,,,1,0,0,1
2146728055399,1791128130.687881,687,tx,6003.8,459.3,3433.6,,,1,0,0,1
2146873874615,1791128130.833701,833,tx,6176.5,440.5,3615.8,,,1,0,0,1
2147012901107,1791128130.972727,972,tx,4738.9,522.0,583.5,,,1,0,0,1
2147153884819,1791128131.113711,1113,tx,6289.4,437.7,3599.2,,,1,0,0,1
2147294919882,1791128131.254745,1254,tx,8779.1,432.9,3566.6,,,1,0,0,1
2147438061121,1791128131.397887,1397,tx,6627.6,2960.5,5946.8,,,1,0,0,1
2147587915985,1791128131.547741,1547,tx,4926.5,525.8,564.3,,,1,0,0,1
2147727443204,1791128131.687269,1687,tx,6641.0,970.6,1036.8,,,1,0,0,1
2147866049313,1791128131.825875,1825,tx,1739.1,368.7,429.3,,,1,0,0,1
2148006079407,1791128131.965905,1965,tx,11990.9,341.9,397.8,,,1,0,0,1
2148149596404,1791128132.109422,2109,tx,1844.7,818.2,876.7,,,1,0,0,1
2148295874031,1791128132.255700,2255,tx,1391.9,539.6,602.1,,,1,0,0,1
2148439516087,1791128132.399342,2399,tx,8030.9,2956.6,7493.4,,,1,0,0,1
2148585834194,1791128132.545660,2545,tx,8557.5,2360.3,5550.2,,,1,0,0,1
2148726233046,1791128132.686059,2686,tx,1891.3,173.6,229.5,,,1,0,0,1
2148866025065,1791128132.825851,2825,tx,1921.9,824.2,1444.7,,,1,0,0,1
2149006460107,1791128132.966285,2966,tx,11773.3,945.1,1006.8,,,1,0,0,1
2149145743563,1791128133.105569,3105,tx,7696.1,698.1,3987.1,,,1,0,0,1
2149287511303,1791128133.247337,3247,tx,6278.3,423.3,4953.1,,,1,0,0,1
2149427124627,1791128133.386950,3386,tx,4937.4,409.7,3339.3,,,1,0,0,1
2149582591395,1791128133.542418,3542,tx,2288.6,1828.3,1868.6,,,1,0,0,1
2149722723113,1791128133.682549,3682,tx,5161.5,227.8,2733.8,,,1,0,0,1
2149865323974,1791128133.825150,3825,tx,3603.9,387.8,3132.0,,,1,0,0,1
2150002719952,1791128133.962546,3962,tx,15748.6,672.4,734.1,,,1,0,0,1
2150145307155,1791128134.105133,4105,tx,9772.9,413.9,4143.5,,,1,0,0,1
2150282772856,1791128134.242599,4242,tx,2065.4,620.6,679.5,,,1,0,0,1
2150427316978,1791128134.387142,4387,tx,6732.1,422.1,4131.1,,,1,0,0,1
2150581361875,1791128134.541188,4541,tx,6696.1,2311.0,3667.7,,,1,0,0,1
2150723373655,1791128134.683199,4683,tx,1583.8,994.6,1071.3,,,1,0,0,1
2150866061567,1791128134.825887,4825,tx,910.7,334.7,386.2,,,1,0,0,1
2151012352740,1791128134.972178,4972,tx,6715.9,2523.1,2580.4,,,1,0,0,1
2151152528083,1791128135.112354,5112,tx,5351.7,693.0,3913.8,,,1,0,0,1
2151293298080,1791128135.253124,5253,tx,2834.1,1076.7,1147.2,,,1,0,0,1
2151432593453,1791128135.392419,5392,tx,1269.8,760.3,841.9,,,1,0,0,1
2151583350499,1791128135.543176,5543,tx,4668.3,540.0,4088.5,,,1,0,0,1
2151723822989,1791128135.683649,5683,tx,1165.0,382.3,613.7,,,1,0,0,1
2151862743976,1791128135.822570,5822,tx,3602.3,399.3,2693.3,,,1,0,0,1
2152005285794,1791128135.965111,5965,tx,8229.1,1087.7,1149.1,,,1,0,0,1
2152142531611,1791128136.102357,6102,tx,6550.2,406.3,3901.0,,,1,0,0,1
2152283045934,1791128136.242872,6242,tx,5950.0,384.4,3384.7,,,1,0,0,1
2152423341378,1791128136.383167,6383,tx,5465.7,514.4,3086.8,,,1,0,0,1
2152582771322,1791128136.542597,6542,tx,8304.2,395.9,3654.2,,,1,0,0,1
2152725571289,1791128136.685397,6685,tx,5412.6,595.7,2855.0,,,1,0,0,1
2152863711028,1791128136.823537,6823,tx,2991.3,771.3,845.2,,,1,0,0,1
2153003723576,1791128136.963549,6963,tx,8469.1,374.2,701.0,,,1,0,0,1
2153143709996,1791128137.103536,7103,tx,1133.4,651.3,711.9,,,1,0,0,1
2153283733756,1791128137.243559,7243,tx,1116.8,620.4,684.7,,,1,0,0,1
2153423690298,1791128137.383516,7383,tx,1068.2,673.9,723.8,,,1,0,0,1
2153580522924,1791128137.540349,7540,tx,2203.3,1858.9,1889.7,,,1,0,0,1
2153722051138,1791128137.681877,7681,tx,687.8,312.3,359.8,,,1,0,0,1
2153861656953,1791128137.821483,7821,tx,1092.8,701.2,755.3,,,1,0,0,1
2154000622085,1791128137.960448,7960,tx,10561.3,732.7,783.8,,,1,0,0,1
2154141654436,1791128138.101480,8101,tx,1051.6,709.1,752.0,,,1,0,0,1
2154281613690,1791128138.241440,8241,tx,1174.5,747.3,789.2,,,1,0,0,1
2154422016860,1791128138.381843,8381,tx,656.7,346.8,385.1,,,1,0,0,1
2154580484761,1791128138.540311,8540,tx,2199.6,1889.7,1915.0,,,1,0,0,1
2154720625853,1791128138.680452,8680,tx,950.6,725.6,773.1,,,1,0,0,1
2154861702645,1791128138.821528,8821,tx,6393.4,365.4,3702.2,,,1,0,0,1
2155000795318,1791128138.960621,8960,tx,13362.2,4572.9,6223.7,,,1,0,0,1
2155141016802,1791128139.100842,9100,tx,3183.7,152.8,380.5,,,1,0,0,1
2155285442080,1791128139.245268,9245,tx,7714.2,412.6,3958.9,,,1,0,0,1
2155430798757,1791128139.390625,9390,tx,1051.7,531.9,598.0,,,1,0,0,1
2155585310505,1791128139.545137,9545,tx,4533.9,352.5,4082.6,,,1,0,0,1
2155723605570,1791128139.683432,9683,tx,998.0,745.6,782.3,,,1,0,0,1
2155863630206,1791128139.823456,9823,tx,991.9,709.3,756.9,,,1,0,0,1
2156003593513,1791128139.963420,9963,tx,8679.3,746.3,791.8,,,1,0,0,1
2156143589691,1791128140.103416,10103,tx,998.7,755.3,793.7,,,1,0,0,1
2156283581881,1791128140.243408,10243,tx,1057.9,761.2,797.5,,,1,0,0,1
2156423620350,1791128140.383446,10383,tx,972.1,722.3,759.5,,,1,0,0,1
2156579477465,1791128140.539304,10539,tx,2185.7,1871.7,1900.2,,,1,0,0,1
2156720591242,1791128140.680418,10680,tx,1017.8,742.9,781.9,,,1,0,0,1
2156860567592,1791128140.820394,10820,tx,1104.4,774.2,808.1,,,1,0,0,1
2157000573451,1791128140.960400,10960,tx,11553.5,764.2,799.5,,,1,0,0,1
2157140559693,1791128141.100386,11100,tx,1022.7,776.8,811.6,,,1,0,0,1
2157280523655,1791128141.240350,11240,tx,984.3,821.6,846.6,,,1,0,0,1
2157420551287,1791128141.380378,11380,tx,973.6,788.4,813.6,,,1,0,0,1
2157579407143,1791128141.539233,11539,tx,2096.7,1944.6,1960.5,,,1,0,0,1
2157720538633,1791128141.680365,11680,tx,992.5,787.5,825.9,,,1,0,0,1
2157860589584,1791128141.820416,11820,tx,943.9,750.9,773.9,,,1,0,0,1
2158000580516,1791128141.960407,11960,tx,11314.4,740.3,790.5,,,1,0,0,1
2158139556452,1791128142.099383,12099,tx,984.1,783.6,805.6,,,1,0,0,1
2158280672674,1791128142.240499,12240,tx,930.0,641.6,687.2,,,1,0,0,1
2158420575180,1791128142.380401,12380,tx,942.6,747.7,778.6,,,1,0,0,1
2158581430558,1791128142.541257,12541,tx,2073.4,1898.1,1921.6,,,1,0,0,1
2158721607951,1791128142.681434,12681,tx,1074.0,709.6,748.2,,,1,0,0,1
2158861605986,1791128142.821432,12821,tx,956.6,705.4,748.4,,,1,0,0,1
2159001583861,1791128142.961410,12961,tx,10799.9,723.1,771.9,,,1,0,0,1
2159140693557,1791128143.100520,13100,tx,791.0,628.1,655.5,,,1,0,0,1
2159281519156,1791128143.241346,13241,tx,996.7,805.1,829.4,,,1,0,0,1
2159421776761,1791128143.381603,13381,tx,853.3,530.3,581.1,,,1,0,0,1
2159580401306,1791128143.540228,13540,tx,2082.5,1922.5,1941.8,,,1,0,0,1
2159721575781,1791128143.681402,13681,tx,1074.6,723.9,771.6,,,1,0,0,1
2159861578538,1791128143.821404,13821,tx,923.4,732.6,764.7,,,1,0,0,1
2160001566286,1791128143.961392,13961,tx,10848.0,739.6,776.8,,,1,0,0,1
2160140494367,1791128144.100321,14100,tx,1066.1,818.0,847.9,,,1,0,0,1
2160281525267,1791128144.241352,14241,tx,978.8,759.4,809.3,,,1,0,0,1
2160421526527,1791128144.381353,14381,tx,986.2,770.6,814.4,,,1,0,0,1
2160580396143,1791128144.540222,14540,tx,2089.1,1919.3,1942.5,,,1,0,0,1
2160720528702,1791128144.680355,14680,tx,953.8,777.9,809.7,,,1,0,0,1
2160860515142,1791128144.820342,14820,tx,1011.1,791.1,821.6,,,1,0,0,1
2161000497723,1791128144.960324,14960,tx,11470.0,804.8,836.9,,,1,0,0,1
2161141500354,1791128145.101327,101,tx,1000.3,793.3,834.6,,,1,0,0,1
2161280500978,1791128145.240327,240,tx,1001.3,799.1,830.9,,,1,0,0,1
2161420525041,1791128145.380351,380,tx,988.6,761.2,801.7,,,1,0,0,1
2161580368700,1791128145.540195,540,tx,2160.1,1927.7,1948.8,,,1,0,0,1
2161720508421,1791128145.680335,680,tx,1125.7,785.3,822.6,,,1,0,0,1
2161860492405,1791128145.820319,820,tx,1021.3,801.9,833.9,,,1,0,0,1
2162000535107,1791128145.960361,960,tx,11606.6,759.0,787.8,,,1,0,0,1
2162141481962,1791128146.101308,1101,tx,1080.8,797.2,839.0,,,1,0,0,1
2162280489509,1791128146.240316,1240,tx,1080.3,789.0,828.2,,,1,0,0,1
2162420499955,1791128146.380326,1380,tx,994.2,785.2,818.2,,,1,0,0,1
2162579390947,1791128146.539217,1539,tx,2143.2,1890.5,1925.2,,,1,0,0,1
2162720486531,1791128146.680313,1680,tx,1101.0,802.2,831.2,,,1,0,0,1
2162860531336,1791128146.820358,1820,tx,929.5,749.0,779.7,,,1,0,0,1
2163000529562,1791128146.960356,1960,tx,11836.8,741.1,781.2,,,1,0,0,1
2163140495350,1791128147.100322,2100,tx,1071.3,773.7,816.4,,,1,0,0,1
2163280478229,1791128147.240305,2240,tx,980.0,800.4,831.4,,,1,0,0,1
2163420469218,1791128147.380296,2380,tx,1018.6,808.9,836.6,,,1,0,0,1
2163579402943,1791128147.539229,2539,tx,2105.5,1877.0,1906.8,,,1,0,0,1
2163720471370,1791128147.680298,2680,tx,1067.3,798.7,825.9,,,1,0,0,1
2163860497458,1791128147.820324,2820,tx,1199.1,763.0,802.9,,,1,0,0,1
2164000652495,1791128147.960478,2960,tx,11533.8,586.5,646.9,,,1,0,0,1
2164140509528,1791128148.100336,3100,tx,1020.7,744.9,785.8,,,1,0,0,1
2164280497599,1791128148.240324,3240,tx,1048.5,761.4,797.3,,,1,0,0,1
2164423112733,1791128148.382938,3382,tx,6959.4,749.6,4185.4,,,1,0,0,1
2164584426444,1791128148.544252,3544,tx,1332.2,819.5,869.1,,,1,0,0,1
2164726612842,1791128148.686438,3686,tx,1124.3,619.9,682.4,,,1,0,0,1
2164864629955,1791128148.824456,3824,tx,2430.4,606.6,663.1,,,1,0,0,1
2165005006643,1791128148.964832,3964,tx,12464.8,308.3,3285.9,,,1,0,0,1
2165145419052,1791128149.105245,4105,tx,3645.1,745.6,1874.2,,,1,0,0,1
2165284596795,1791128149.244423,4244,tx,1315.1,630.9,688.7,,,1,0,0,1
2165424619929,1791128149.384446,4384,tx,1148.9,608.4,666.6,,,1,0,0,1
2165583399291,1791128149.543225,4543,tx,2194.7,1848.0,1880.9,,,1,0,0,1
2165725229646,1791128149.685055,4685,tx,1513.3,985.0,1053.4,,,1,0,0,1
2165864637627,1791128149.824463,4824,tx,2129.8,589.1,648.1,,,1,0,0,1
2166004586041,1791128149.964412,4964,tx,12477.7,2960.6,6422.9,,,1,0,0,1
2166144585588,1791128150.104411,5104,tx,1200.2,239.8,693.7,,,1,0,0,1
2166284595405,1791128150.244421,5244,tx,7482.2,243.1,3681.0,,,1,0,0,1
2166424585672,1791128150.384411,5384,tx,4436.1,252.1,3691.2,,,1,0,0,1
2166580435219,1791128150.540261,5540,tx,5213.7,1439.1,1839.5,,,1,0,0,1
2166722412804,1791128150.682239,5682,tx,5228.3,1084.3,3861.1,,,1,0,0,1
2166861554071,1791128150.821380,5821,tx,5234.0,237.9,3717.9,,,1,0,0,1
2167002216160,1791128150.962042,5962,tx,11869.0,765.7,3573.9,,,1,0,0,1
2167141581076,1791128151.101407,6101,tx,6487.4,204.0,2688.0,,,1,0,0,1
2167280628226,1791128151.240454,6240,tx,2117.8,222.7,1637.9,,,1,0,0,1
2167420610446,1791128151.380436,6380,tx,4456.4,590.9,651.1,,,1,0,0,1
2167585402850,1791128151.545229,6545,tx,6659.3,188.9,3857.6,,,1,0,0,1
2167726448229,1791128151.686274,6686,tx,2601.6,724.6,812.0,,,1,0,0,1
2167866703846,1791128151.826530,6826,tx,2238.8,495.0,556.9,,,1,0,0,1
2168014049047,1791128151.973875,6973,tx,1587.5,145.8,208.9,,,1,0,0,1
2168157568731,1791128152.117395,7117,tx,4828.7,794.3,1689.7,,,1,0,0,1
2168298440154,1791128152.258266,7258,tx,2548.2,748.3,818.8,,,1,0,0,1
2168437150051,1791128152.396976,7396,tx,1549.5,1036.4,1108.8,,,1,0,0,1
2168580367929,1791128152.540194,7540,tx,2657.5,1847.5,1882.7,,,1,0,0,1
2168723433138,1791128152.683259,7683,tx,7664.9,1513.0,1575.9,,,1,0,0,1
2168861576341,1791128152.821402,7821,tx,7477.5,224.1,3673.3,,,1,0,0,1
2169001546384,1791128152.961372,7961,tx,14529.5,214.1,3700.1,,,1,0,0,1
2169141609627,1791128153.101435,8101,tx,1050.8,578.0,637.7,,,1,0,0,1
2169281548243,1791128153.241374,8241,tx,1111.2,638.8,696.0,,,1,0,0,1
2169422211041,1791128153.382037,8382,tx,1406.4,977.6,1032.4,,,1,0,0,1
2169579317324,1791128153.539144,8539,tx,2212.7,1887.9,1918.2,,,1,0,0,1
2169720459537,1791128153.680286,8680,tx,1028.1,744.1,779.8,,,1,0,0,1
2169860449532,1791128153.820276,8820,tx,1089.6,760.8,790.0,,,1,0,0,1
2170000441928,1791128153.960268,8960,tx,11333.2,767.3,792.1,,,1,0,0,1
2170139430626,1791128154.099257,9099,tx,991.7,765.6,803.1,,,1,0,0,1
2170280473532,1791128154.240300,9240,tx,1060.7,712.0,755.3,,,1,0,0,1
2170420453501,1791128154.380280,9380,tx,5357.6,744.6,775.4,,,1,0,0,1
2170580311117,1791128154.540138,9540,tx,2076.0,1893.6,1917.4,,,1,0,0,1
2170720452073,1791128154.680278,9680,tx,987.1,729.3,786.5,,,1,0,0,1
2170860440232,1791128154.820266,9820,tx,1000.9,744.5,797.4,,,1,0,0,1
2171000476759,1791128154.960303,9960,tx,11643.9,709.5,760.2,,,1,0,0,1
2171141422199,1791128155.101249,10101,tx,958.3,772.5,812.3,,,1,0,0,1
2171280420860,1791128155.240247,10240,tx,973.9,767.8,813.4,,,1,0,0,1
2171420389601,1791128155.380216,10380,tx,990.2,801.4,827.7,,,1,0,0,1
2171585424146,1791128155.545249,10545,tx,8652.2,4595.1,4630.4,,,1,0,0,1
2171726499265,1791128155.686325,10686,tx,2965.2,157.8,1716.1,,,1,0,0,1
2171865931362,1791128155.825757,10825,tx,5413.7,563.1,4284.0,,,1,0,0,1
2172006201029,1791128155.966027,10966,tx,7865.2,955.6,1017.6,,,1,0,0,1
2172146911845,1791128156.106737,11106,tx,1604.5,244.4,300.4,,,1,0,0,1
2172286504172,1791128156.246330,11246,tx,4559.0,497.4,1705.6,,15049.2,1,0,0,1
2172425475807,1791128156.385302,11385,idle,1698.2,669.6,727.8,,,0,0,0,0
2172786108847,1791128156.745935,11745,idle,6388.5,,,,,0,0,0,0
2172925507957,1791128156.885334,11885,idle,1080.1,,,,,0,0,0,0
2173070353560,1791128157.030179,12030,idle,2513.4,,,,,0,0,0,0
2173208570135,1791128157.168396,12168,idle,7489.7,,,,,0,0,0,0
2173348544121,1791128157.308370,12308,idle,1029.8,,,,,0,0,0,0
2173488570347,1791128157.448396,12448,idle,1484.5,,,,,0,0,0,0
2173630598911,1791128157.590425,12590,idle,4011.6,,,,,0,0,0,0
2173773054952,1791128157.732881,12732,idle,6996.2,,,,,0,0,0,0
2173919637978,1791128157.879464,12879,idle,5079.4,,,,,0,0,0,0
2174075871743,1791128158.035697,13035,idle,1067.7,,,,,0,0,0,0
2174216060050,1791128158.175885,13175,idle,1605.5,,,,,0,0,0,0
2174354287917,1791128158.314114,13314,idle,1431.1,,,,,0,0,0,0
2174493498514,1791128158.453324,13453,idle,1091.3,,,,,0,0,0,0
2174633534353,1791128158.593360,13593,idle,1119.8,,,,,0,0,0,0
2174776486900,1791128158.736313,13736,idle,1207.4,,,,,0,0,0,0
2174913504181,1791128158.873330,13873,idle,13105.5,,,,,0,0,0,0
2175069446511,1791128159.029272,14029,idle,2014.5,,,,,0,0,0,0
2175210954957,1791128159.170781,14170,idle,3656.6,,,,,0,0,0,0
2175350547103,1791128159.310373,14310,idle,1161.1,,,,,0,0,0,0
2175490488185,1791128159.450314,14450,idle,2762.1,,,,,0,0,0,0
2175632529615,1791128159.592355,14592,idle,1037.9,,,,,0,0,0,0
2175773500496,1791128159.733326,14733,idle,1082.4,,,,,0,0,0,0
2175911483749,1791128159.871310,14871,idle,1013.3,,,,,0,0,0,0
2176074499918,1791128160.034326,34,idle,1108.5,,,,,0,0,0,0
2176212735671,1791128160.172561,172,idle,905.7,,,,,0,0,0,0
2176353642516,1791128160.313468,313,idle,951.1,,,,,0,0,0,0
2176493642010,1791128160.453468,453,idle,4429.3,,,,,0,0,0,0
2176632488796,1791128160.592315,592,idle,1149.6,,,,,0,0,0,0
2176773123094,1791128160.732949,732,idle,1437.6,,,,,0,0,0,0
2176912501365,1791128160.872327,872,idle,3575.0,,,,,0,0,0,0
2177075310569,1791128161.035136,1035,idle,6514.0,,,,,0,0,0,0
2177215482864,1791128161.175309,1175,idle,1008.9,,,,,0,0,0,0
2177357059385,1791128161.316885,1316,idle,1548.7,,,,,0,0,0,0
2177495468508,1791128161.455294,1455,idle,1145.2,,,,,0,0,0,0
2177636487734,1791128161.596313,1596,idle,4578.7,,,,,0,0,0,0
2177778497070,1791128161.738323,1738,idle,9585.3,,,,,0,0,0,0
2177919578186,1791128161.879404,1879,idle,8500.0,,,,,0,0,0,0
2178073597796,1791128162.033424,2033,idle,3981.0,,,,,0,0,0,0
2178213505776,1791128162.173332,2173,idle,1160.8,,,,,0,0,0,0
2178353643864,1791128162.313470,2313,idle,5477.6,,,,,0,0,0,0
2178493474586,1791128162.453300,2453,idle,1142.1,,,,,0,0,0,0
2178633618044,1791128162.593444,2593,idle,2014.9,,,,,0,0,0,0
2178773463025,1791128162.733289,2733,idle,7603.2,,,,,0,0,0,0
2178914627853,1791128162.874454,2874,idle,4451.3,,,,,0,0,0,0
2179072451586,1791128163.032278,3032,idle,2600.2,,,,,0,0,0,0
2179211474628,1791128163.171300,3171,idle,6612.6,,,,,0,0,0,0
2179353622398,1791128163.313448,3313,idle,6166.8,,,,,0,0,0,0
2179492862098,1791128163.452688,3452,idle,5713.6,,,,,0,0,0,0
2179632488105,1791128163.592314,3592,idle,6584.6,,,,,0,0,0,0
2179773811063,1791128163.733637,3733,idle,1991.1,,,,,0,0,0,0
2179911538139,1791128163.871363,3871,idle,7572.7,,,,,0,0,0,0
2180071268515,1791128164.031095,4031,idle,5792.6,,,,,0,0,0,0
2180213186950,1791128164.173012,4173,idle,6606.5,,,,,0,0,0,0
2180353284984,1791128164.313111,4313,idle,6424.7,,,,,0,0,0,0
2180492424708,1791128164.452250,4452,idle,1171.0,,,,,0,0,0,0
2180633321304,1791128164.593147,4593,idle,3634.5,,,,,0,0,0,0
2180773993442,1791128164.733819,4733,idle,2790.8,,,,,0,0,0,0
2180911523972,1791128164.871350,4871,idle,945.9,,,,,0,0,0,0
2181071268301,1791128165.031094,5031,idle,2132.1,,,,,0,0,0,0
2181211535916,1791128165.171361,5171,idle,1161.3,,,,,0,0,0,0
2181351428905,1791128165.311254,5311,idle,1106.0,,,,,0,0,0,0
2181491423363,1791128165.451249,5451,idle,1071.2,,,,,0,0,0,0
2181631354941,1791128165.591181,5591,idle,1086.8,,,,,0,0,0,0
2181771376118,1791128165.731202,5731,idle,1075.0,,,,,0,0,0,0
2181911331077,1791128165.871157,5871,idle,996.3,,,,,0,0,0,0
2182069193468,1791128166.029020,6029,idle,2086.0,,,,,0,0,0,0
2182209323037,1791128166.169149,6169,idle,1005.7,,,,,0,0,0,0
2182349335167,1791128166.309161,6309,idle,1064.2,,,,,0,0,0,0
2182489341018,1791128166.449167,6449,idle,1100.0,,,,,0,0,0,0
2182629335978,1791128166.589162,6589,idle,1066.4,,,,,0,0,0,0
2182769384408,1791128166.729210,6729,idle,1217.3,,,,,0,0,0,0
2182909376788,1791128166.869203,6869,idle,1117.6,,,,,0,0,0,0
2183069182522,1791128167.029009,7029,idle,2084.5,,,,,0,0,0,0
2183209320074,1791128167.169146,7169,idle,1001.8,,,,,0,0,0,0
2183349312957,1791128167.309139,7309,idle,1072.9,,,,,0,0,0,0
2183489376429,1791128167.449203,7449,idle,970.4,,,,,0,0,0,0
2183629336483,1791128167.589163,7589,idle,978.9,,,,,0,0,0,0
2183769310746,1791128167.729137,7729,idle,1067.3,,,,,0,0,0,0
2183909299389,1791128167.869126,7869,idle,1000.3,,,,,0,0,0,0
2184069164976,1791128168.028991,8028,idle,3064.1,,,,,0,0,0,0
2184209277280,1791128168.169104,8169,idle,945.0,,,,,0,0,0,0
2184349262156,1791128168.309088,8309,idle,1096.9,,,,,0,0,0,0
2184489307681,1791128168.449134,8449,idle,990.4,,,,,0,0,0,0
2184629264687,1791128168.589091,8589,idle,1047.0,,,,,0,0,0,0
2184769301033,1791128168.729127,8729,idle,1095.7,,,,,0,0,0,0
2184909278768,1791128168.869105,8869,idle,1031.5,,,,,0,0,0,0
2185069139548,1791128169.028966,9028,idle,2051.4,,,,,0,0,0,0
2185210295155,1791128169.170121,9170,idle,957.6,,,,,0,0,0,0
2185350262523,1791128169.310089,9310,idle,1000.5,,,,,0,0,0,0
2185490342491,1791128169.450169,9450,idle,900.8,,,,,0,0,0,0
2185629247770,1791128169.589074,9589,idle,986.2,,,,,0,0,0,0
2185770227528,1791128169.730054,9730,idle,995.7,,,,,0,0,0,0
2185910227117,1791128169.870054,9870,idle,987.1,,,,,0,0,0,0
2186069142469,1791128170.028969,10028,idle,2088.6,,,,,0,0,0,0
2186210248249,1791128170.170075,10170,idle,973.5,,,,,0,0,0,0
2186350244760,1791128170.310071,10310,idle,1038.8,,,,,0,0,0,0
2186490228201,1791128170.450055,10450,idle,1106.3,,,,,0,0,0,0
2186629231522,1791128170.589058,10589,idle,1055.8,,,,,0,0,0,0
2186770235673,1791128170.730062,10730,idle,967.4,,,,,0,0,0,0
2186910236993,1791128170.870063,10870,idle,990.9,,,,,0,0,0,0
2187069139419,1791128171.028966,11028,idle,2054.9,,,,,0,0,0,0
2187209252542,1791128171.169079,11169,idle,929.6,,,,,0,0,0,0
2187349246635,1791128171.309073,11309,idle,956.0,,,,,0,0,0,0
2187489225879,1791128171.449052,11449,idle,987.5,,,,,0,0,0,0
2187629214243,1791128171.589041,11589,idle,1000.5,,,,,0,0,0,0
2187769239436,1791128171.729066,11729,idle,976.5,,,,,0,0,0,0
2187909219060,1791128171.869045,11869,idle,988.4,,,,,0,0,0,0
2188069117678,1791128172.028944,12028,idle,2085.8,,,,,0,0,0,0
2188209246953,1791128172.169073,12169,idle,957.8,,,,,0,0,0,0
2188349252419,1791128172.309078,12309,idle,9392.0,,,,,0,0,0,0
2188599401280,1791128172.559228,12559,tx,43283.5,1614.6,1640.5,,,1,0,0,1
2188743117457,1791128172.702944,12702,tx,2128.9,1899.5,1924.7,,,1,0,0,1
2188883224623,1791128172.843051,12843,tx,1014.4,771.6,801.9,,,1,0,0,1
2189047103613,1791128173.006930,13006,tx,2069.7,1895.1,1920.4,,,1,0,0,1
2189188210320,1791128173.148037,13148,tx,1002.5,784.7,811.9,,,1,0,0,1
2189328202479,1791128173.288029,13288,tx,975.5,793.7,819.9,,,1,0,0,1
2189468232297,1791128173.428058,13428,tx,953.3,750.9,788.4,,,1,0,0,1
2189610250086,1791128173.570076,13570,tx,910.8,730.5,769.2,,,1,0,0,1
2189751246094,1791128173.711072,13711,tx,915.4,745.3,779.0,,,1,0,0,1
2189891298232,1791128173.851125,13851,tx,879.3,688.5,717.6,,,1,0,0,1
2190031261592,1791128173.991088,13991,tx,979.5,716.6,754.8,,,1,0,0,1
2190171307902,1791128174.131134,14131,tx,846.4,681.0,706.1,,,1,0,0,1
2190311210555,1791128174.271037,14271,tx,930.2,779.3,801.3,,,1,0,0,1
2190451277726,1791128174.411104,14411,tx,965.5,691.3,733.1,,,1,0,0,1
2190590159919,1791128174.549986,14549,tx,1085.0,818.6,850.7,,,1,0,0,1
2190731282278,1791128174.691109,14691,tx,983.5,692.5,727.2,,,1,0,0,1
2190871264120,1791128174.831090,14831,tx,981.1,706.0,743.5,,,1,0,0,1
2191011235732,1791128174.971062,14971,tx,1017.4,742.3,776.3,,,1,0,0,1
2191151279265,1791128175.111105,111,tx,1015.7,694.9,741.0,,,1,0,0,1
2191291268119,1791128175.251095,251,tx,954.5,697.2,733.9,,,1,0,0,1
2191431268703,1791128175.391095,391,tx,951.2,697.3,731.3,,,1,0,0,1
2191580088627,1791128175.539915,539,tx,2124.4,1885.5,1910.1,,,1,0,0,1
2191721185590,1791128175.681012,681,tx,1043.8,788.3,811.1,,,1,0,0,1
2191861215003,1791128175.821041,821,tx,998.4,745.2,781.2,,,1,0,0,1
2192001202188,1791128175.961028,961,tx,10451.1,760.8,792.2,,,1,0,0,1
2192141249133,1791128176.101075,1101,tx,997.7,705.6,758.2,,,1,0,0,1
2192281235020,1791128176.241061,1241,tx,942.1,726.2,763.8,,,1,0,0,1
2192421202537,1791128176.381029,1381,tx,968.5,763.4,787.3,,,1,0,0,1
2192580053221,1791128176.539880,1539,tx,2093.7,1918.4,1940.4,,,1,0,0,1
2192721184556,1791128176.681011,1681,tx,1016.7,775.3,816.1,,,1,0,0,1
2192861197542,1791128176.821024,1821,tx,965.7,761.6,790.2,,,1,0,0,1
2193001191389,1791128176.961018,1961,tx,10718.0,765.2,798.8,,,1,0,0,1
2193141219717,1791128177.101046,2101,tx,938.6,731.6,768.2,,,1,0,0,1
2193281162557,1791128177.240989,2240,tx,990.5,802.2,827.3,,,1,0,0,1
2193421188046,1791128177.381014,2381,tx,985.4,770.1,809.9,,,1,0,0,1
2193579092922,1791128177.538919,2538,tx,2056.9,1862.2,1890.6,,,1,0,0,1
2193720225780,1791128177.680052,2680,tx,925.6,735.9,763.3,,,1,0,0,1
2193860180980,1791128177.820007,2820,tx,937.5,771.9,798.1,,,1,0,0,1
2194000147660,1791128177.959974,2959,tx,11294.2,802.8,830.2,,,1,0,0,1
2194139180601,1791128178.099007,3099,tx,1062.6,773.9,797.3,,,1,0,0,1
2194280156323,1791128178.239983,3239,tx,996.3,794.9,819.1,,,1,0,0,1
2194420190884,1791128178.380017,3380,tx,955.6,751.7,782.2,,,1,0,0,1
2194579023504,1791128178.538850,3538,tx,2092.8,1927.2,1947.4,,,1,0,0,1
2194720164814,1791128178.679991,3679,tx,983.3,780.4,808.9,,,1,0,0,1
2194860170796,1791128178.819997,3819,tx,1021.0,773.4,802.9,,,1,0,0,1
2195000208528,1791128178.960035,3960,tx,11580.2,719.7,765.2,,,1,0,0,1
2195140203722,1791128179.100030,4100,tx,968.4,723.0,765.8,,,1,0,0,1
2195280429224,1791128179.240255,4240,tx,1065.8,440.4,542.7,,,1,0,0,1
2195422040392,1791128179.381866,4381,tx,2281.6,875.6,934.1,,,1,0,0,1
2195589081191,1791128179.548907,4548,tx,6746.8,941.5,3887.7,,,1,0,0,1
2195729230094,1791128179.689056,4689,tx,6716.9,949.0,5741.0,,,1,0,0,1
2195869750943,1791128179.829577,4829,tx,6163.9,940.1,4217.4,,,1,0,0,1
2196012121924,1791128179.971948,4971,tx,3325.8,784.8,846.0,,,1,0,0,1
2196158582834,1791128180.118408,5118,tx,3190.7,198.4,1376.0,,,1,0,0,1
2196299320354,1791128180.259146,5259,tx,7253.1,584.8,643.2,,,1,0,0,1
2196440307361,1791128180.400133,5400,tx,6077.1,559.4,2657.8,,,1,0,0,1
2196580133660,1791128180.539960,5539,tx,4137.1,890.6,2825.9,,,1,0,0,1
2196722124087,1791128180.681950,5681,tx,2336.0,782.4,838.3,,,1,0,0,1
2196861894756,1791128180.821721,5821,tx,2024.2,875.5,1061.6,,,1,0,0,1
2197002246910,1791128180.962073,5962,tx,12122.4,536.7,2710.2,,,1,0,0,1
2197144467536,1791128181.104293,6104,tx,7892.8,927.1,5489.8,,,1,0,0,1
2197291554114,1791128181.251379,6251,tx,8520.8,5107.5,5464.2,,,1,0,0,1
2197432827271,1791128181.392653,6392,tx,5239.5,642.5,2119.6,,,1,0,0,1
2197581103026,1791128181.540929,6540,tx,2358.1,1538.7,1846.3,,,1,0,0,1
2197723468742,1791128181.683295,6683,tx,1122.0,625.9,680.2,,,1,0,0,1
2197862311844,1791128181.822138,6822,tx,1087.8,580.8,629.1,,,1,0,0,1
2198003065916,1791128181.962892,6962,tx,11993.5,929.9,2898.5,,,1,0,0,1
2198149259534,1791128182.109085,7109,tx,1169.8,620.4,682.8,,,1,0,0,1
2198292316816,1791128182.252143,7252,tx,6975.5,910.4,4629.1,,,1,0,0,1
2198435815193,1791128182.395641,7395,tx,4256.1,1061.2,1124.8,,,1,0,0,1
2198581173241,1791128182.540999,7540,tx,3893.0,736.3,765.0,,,1,0,0,1
2198721269622,1791128182.681095,7681,tx,1172.4,613.2,669.9,,,1,0,0,1
2198861221795,1791128182.821048,7821,tx,1121.2,661.9,713.1,,,1,0,0,1
2199001271686,1791128182.961097,7961,tx,17180.5,901.9,2661.0,,,1,0,0,1
2199141524098,1791128183.101350,8101,tx,2190.5,350.0,410.2,,,1,0,0,1
2199281830010,1791128183.241655,8241,tx,3235.3,1046.3,1103.7,,,1,0,0,1
2199423211781,1791128183.383038,8383,tx,1189.5,665.7,722.5,,,1,0,0,1
2199583769178,1791128183.543595,8543,tx,1610.9,1120.6,1159.0,,,1,0,0,1
2199724643014,1791128183.684469,8684,tx,849.1,314.1,377.4,,,1,0,0,1
2199863215073,1791128183.823041,8823,tx,2764.5,652.2,706.1,,,1,0,0,1
2200001059340,1791128183.960885,8960,tx,18018.5,648.7,3863.6,,,1,0,0,1
2200144056956,1791128184.103883,9103,tx,3303.9,807.0,869.5,,,1,0,0,1
2200283782126,1791128184.243608,9243,tx,2859.4,1081.0,1141.4,,,1,0,0,1
2200424820183,1791128184.384646,9384,tx,2743.3,1021.8,1101.1,,,1,0,0,1
2200582069236,1791128184.541895,9541,tx,4222.4,776.5,3850.8,,,1,0,0,1
2200724578459,1791128184.684404,9684,tx,1925.5,271.3,341.3,,,1,0,0,1
2200863214090,1791128184.823040,9823,tx,7843.2,888.1,3705.7,,,1,0,0,1
2201002230637,1791128184.962056,9962,tx,11765.8,881.6,3683.6,,,1,0,0,1
2201142896280,1791128185.102722,10102,tx,5169.6,877.6,4017.5,,,1,0,0,1
2201282920350,1791128185.242746,10242,tx,3478.9,483.0,2991.2,,,1,0,0,1
2201424640762,1791128185.384466,10384,tx,687.8,207.1,270.4,,,1,0,0,1
2201581060557,1791128185.540886,10540,tx,3351.8,370.8,1851.1,,,1,0,0,1
2201721280385,1791128185.681106,10681,tx,1043.3,561.2,627.9,,,1,0,0,1
2201861221705,1791128185.821048,10821,tx,4293.2,867.4,3688.8,,,1,0,0,1
2202003247145,1791128185.963073,10963,tx,8179.4,598.2,660.1,,,1,0,0,1
2202141267497,1791128186.101093,11101,tx,8170.7,874.4,4639.9,,,1,0,0,1
2202281333338,1791128186.241159,11241,tx,5473.0,729.0,3571.6,,,1,0,0,1
2202421304121,1791128186.381130,11381,tx,6156.7,539.5,596.3,,,1,0,0,1
2202580068645,1791128186.539895,11539,tx,2752.9,1806.9,1833.0,,,1,0,0,1
2202722150777,1791128186.681977,11681,tx,1097.3,692.2,752.8,,,1,0,0,1
2202861170189,1791128186.820996,11820,tx,1045.3,676.5,727.6,,,1,0,0,1
2203001099933,1791128186.960926,11960,tx,10548.6,741.5,796.3,,,1,0,0,1
2203141170996,1791128187.100996,12100,tx,1074.6,672.6,723.4,,,1,0,0,1
2203281174821,1791128187.241001,12241,tx,1048.2,655.7,716.5,,,1,0,0,1
2203421665301,1791128187.381491,12381,tx,514.2,166.8,225.4,,,1,0,0,1
2203579975373,1791128187.539802,12539,tx,2176.6,1873.2,1907.1,,,1,0,0,1
2203720167936,1791128187.679994,12679,tx,976.0,666.2,717.9,,,1,0,0,1
2203861096952,1791128187.820923,12820,tx,1069.0,751.8,787.3,,,1,0,0,1
2204001075937,1791128187.960902,12960,tx,10795.2,760.5,806.4,,,1,0,0,1
2204141126213,1791128188.100952,13100,tx,1041.0,711.6,754.9,,,1,0,0,1
2204280116451,1791128188.239943,13239,tx,1102.6,712.8,759.0,,,1,0,0,1
2204420098889,1791128188.379925,13379,tx,1095.2,733.3,778.2,,,1,0,0,1
2204591040597,1791128188.550866,13550,tx,5142.6,1026.1,1838.0,,,1,0,0,1
2204735137714,1791128188.694963,13694,tx,1158.8,665.4,740.3,,,1,0,0,1
2204880844614,1791128188.840670,13840,tx,2779.6,961.7,1031.1,,,1,0,0,1
2205019224788,1791128188.979051,13979,tx,1138.6,589.1,652.3,,,1,0,0,1
2205162674333,1791128189.122500,14122,tx,2117.9,1130.8,1201.0,,,1,0,0,1
2205302127649,1791128189.261954,14261,tx,4425.2,840.8,3746.4,,,1,0,0,1
2205439174719,1791128189.399001,14399,tx,1025.4,639.9,696.9,,,1,0,0,1
2205579971501,1791128189.539798,14539,tx,2175.0,1863.0,1894.3,,,1,0,0,1
2205720072130,1791128189.679898,14679,tx,992.1,752.8,794.8,,,1,0,0,1
2205860075050,1791128189.819901,14819,tx,1121.9,751.3,790.9,,,1,0,0,1
2206000028011,1791128189.959854,14959,tx,11457.5,794.5,833.7,,,1,0,0,1
2206140063833,1791128190.099890,99,tx,1091.2,766.5,799.7,,,1,0,0,1
2206280091125,1791128190.239917,239,tx,1024.0,726.9,763.8,,,1,0,0,1
2206420055348,1791128190.379881,379,tx,1090.4,752.8,806.5,,,1,0,0,1
2206578971312,1791128190.538797,538,tx,2016.4,1839.6,1883.1,,,1,0,0,1
2206720019124,1791128190.679845,679,tx,1095.0,811.3,844.0,,,1,0,0,1
2206860064797,1791128190.819891,819,tx,972.8,763.3,802.6,,,1,0,0,1
2207000034340,1791128190.959861,959,tx,11603.0,776.9,817.3,,,1,0,0,1
2207140056324,1791128191.099883,1099,tx,989.4,755.4,804.0,,,1,0,0,1
2207280017400,1791128191.239844,1239,tx,1001.9,808.3,829.6,,,1,0,0,1
2207420012155,1791128191.379838,1379,tx,1080.8,813.0,836.4,,,1,0,0,1
2207579891522,1791128191.539718,1539,tx,2155.7,1940.4,1956.1,,,1,0,0,1
2207721011287,1791128191.680838,1680,tx,1128.3,813.2,834.2,,,1,0,0,1
2207860033882,1791128191.819860,1819,tx,1066.6,789.5,809.3,,,1,0,0,1
2208000012437,1791128191.959839,1959,tx,11324.8,793.8,829.8,,,1,0,0,1
2208140017424,1791128192.099844,2099,tx,1038.4,801.5,823.5,,,1,0,0,1
2208280026622,1791128192.239852,2239,tx,1092.8,780.2,812.0,,,1,0,0,1
2208421155679,1791128192.380982,2380,tx,839.6,636.3,686.7,,,1,0,0,1
2208579896500,1791128192.539723,2539,tx,2099.4,1921.1,1938.8,,,1,0,0,1
2208719996467,1791128192.679823,2679,tx,996.5,798.4,836.0,,,1,0,0,1
2208859997405,1791128192.819824,2819,tx,969.2,809.7,836.7,,,1,0,0,1
2208999998823,1791128192.959825,2959,tx,11414.9,796.5,833.9,,,1,0,0,1
2209140008022,1791128193.099834,3099,tx,1061.2,791.4,838.5,,,1,0,0,1
2209280006813,1791128193.239833,3239,tx,991.9,795.5,837.2,,,1,0,0,1
2209420003843,1791128193.379830,3379,tx,969.7,793.8,824.8,,,1,0,0,1
2209579893366,1791128193.539720,3539,tx,2189.2,1922.8,1946.3,,,1,0,0,1
2209721035715,1791128193.680862,3680,tx,1034.3,749.2,800.1,,,1,0,0,1
2209861005405,1791128193.820832,3820,tx,974.0,810.8,833.0,,,1,0,0,1
2210001035695,1791128193.960862,3960,tx,10656.8,750.5,786.5,,,1,0,0,1
2210141008688,1791128194.100835,4100,tx,1050.1,791.5,808.6,,,1,0,0,1
2210281029361,1791128194.240855,4240,tx,1057.2,750.3,792.0,,,1,0,0,1
2210419984824,1791128194.379811,4379,tx,1104.9,805.3,833.2,,,1,0,0,1
2210579868730,1791128194.539695,4539,tx,2104.9,1930.7,1954.1,,,1,0,0,1
2210719966842,1791128194.679793,4679,tx,1002.5,826.5,846.5,,,1,0,0,1
2210859962355,1791128194.819789,4819,tx,1091.6,839.5,854.1,,,1,0,0,1
2210999962818,1791128194.959789,4959,tx,11862.8,835.5,851.3,,,1,0,0,1
2211140966113,1791128195.100792,5100,tx,981.2,815.5,846.4,,,1,0,0,1
2211279977188,1791128195.239803,5239,tx,1021.6,805.8,838.9,,,1,0,0,1
2211419977993,1791128195.379804,5379,tx,1100.4,803.5,836.7,,,1,0,0,1
2211579890961,1791128195.539717,5539,tx,2137.1,1887.2,1918.2,,,1,0,0,1
2211720996586,1791128195.680823,5680,tx,1090.1,765.0,810.3,,,1,0,0,1
2211860021861,1791128195.819848,5819,tx,929.2,748.4,786.8,,,1,0,0,1
2212000999257,1791128195.960826,5960,tx,10426.7,760.2,807.8,,,1,0,0,1
2212139980344,1791128196.099807,6099,tx,983.9,783.9,823.4,,,1,0,0,1
2212280990642,1791128196.240817,6240,tx,977.1,762.0,805.0,,,1,0,0,1
2212419955480,1791128196.379782,6379,tx,999.7,806.1,842.9,,,1,0,0,1
2212578907301,1791128196.538733,6538,tx,2113.7,1846.4,1897.4,,,1,0,0,1
2212719967569,1791128196.679794,6679,tx,1072.4,790.9,827.4,,,1,0,0,1
2212859987186,1791128196.819813,6819,tx,949.2,784.9,813.2,,,1,0,0,1
2212999964405,1791128196.959791,6959,tx,11280.6,805.6,836.7,,,1,0,0,1
2213138983214,1791128197.098809,7098,tx,1007.1,770.6,808.9,,,1,0,0,1
2213279980824,1791128197.239807,7239,tx,1126.2,771.5,813.4,,,1,0,0,1
2213419949395,1791128197.379776,7379,tx,1000.5,804.6,834.5,,,1,0,0,1
2213579865269,1791128197.539691,7539,tx,2115.0,1895.9,1915.7,,,1,0,0,1
2213720048268,1791128197.679874,7679,tx,1079.8,679.2,735.9,,,1,0,0,1
2213859980109,1791128197.819807,7819,tx,979.8,770.5,799.0,,,1,0,0,1
2213999979960,1791128197.959806,7959,tx,20656.7,764.7,801.4,,,1,0,0,1
2214141497869,1791128198.101324,8101,tx,7758.6,748.8,4283.6,,,1,0,0,1
2214280521332,1791128198.240347,8240,tx,1354.1,200.5,263.3,,,1,0,0,1
2214420137590,1791128198.379963,8379,tx,9920.9,752.3,3648.9,,,1,0,0,1
2214582023899,1791128198.541832,8541,tx,4898.6,748.7,3754.0,,,1,0,0,1
2214726488718,1791128198.686315,8686,tx,7579.5,921.2,4292.9,,,1,0,0,1
2214872140716,1791128198.831966,8831,tx,2007.0,569.8,638.6,,,1,0,0,1
2215012781242,1791128198.972607,8972,tx,6068.6,736.7,1996.9,,,1,0,0,1
2215156051255,1791128199.115877,9115,tx,6545.1,208.5,2722.1,,,1,0,0,1
2215293218878,1791128199.253045,9253,tx,7792.1,724.1,3552.9,,,1,0,0,1
2215434135365,1791128199.393961,9393,tx,2258.9,564.9,639.1,,,1,0,0,1
2215581838315,1791128199.541664,9541,tx,5426.3,701.0,3934.0,,,1,0,0,1
2215722544543,1791128199.682371,9682,tx,6651.9,738.1,4225.9,,,1,0,0,1
2215861619208,1791128199.821445,9821,tx,8446.1,728.6,4150.8,,,1,0,0,1
2216002336376,1791128199.962162,9962,tx,12232.7,790.8,4490.9,,,1,0,0,1
2216144357463,1791128200.104183,10104,tx,2188.8,728.4,1409.5,,,1,0,0,1
2216282285382,1791128200.242111,10242,tx,8790.2,745.0,4480.4,,,1,0,0,1
2216422932973,1791128200.382759,10382,tx,10124.3,659.6,3831.2,,,1,0,0,1
2216582734967,1791128200.542561,10542,tx,3312.4,989.4,1028.9,,,1,0,0,1
2216723193291,1791128200.683019,10683,tx,1145.0,502.1,568.7,,,1,0,0,1
2216862128599,1791128200.821954,10821,tx,1151.2,573.5,631.4,,,1,0,0,1
2217006228287,1791128200.966054,10966,tx,5513.9,472.8,535.9,,,1,0,0,1
2217153140749,1791128201.112966,11112,tx,1037.0,547.1,617.1,,,1,0,0,1
2217292139179,1791128201.251965,11251,tx,9918.5,713.9,5615.9,,,1,0,0,1
2217433756594,1791128201.393582,11393,tx,10562.1,712.0,3997.9,,,1,0,0,1
2217585712877,1791128201.545539,11545,tx,7367.5,723.2,4038.5,,,1,0,0,1
2217726537380,1791128201.686363,11686,tx,8539.3,717.7,4214.6,,,1,0,0,1
2217865711128,1791128201.825537,11825,tx,2702.3,986.3,1039.6,,,1,0,0,1
2218005422231,1791128201.965248,11965,tx,8649.3,263.8,323.4,,,1,0,0,1
2218147904290,1791128202.107730,12107,tx,6486.6,776.8,839.4,,,1,0,0,1
2218286320648,1791128202.246147,12246,tx,2753.8,370.4,425.3,,,1,0,0,1
2218425227571,1791128202.385053,12385,tx,1769.0,458.0,512.5,,,1,0,0,1
2218580142119,1791128202.539968,12539,tx,7919.4,1129.5,1602.7,,,1,0,0,1
2218720036853,1791128202.679862,12679,tx,1109.6,652.6,704.4,,,1,0,0,1
2218862131605,1791128202.821957,12821,tx,1530.4,556.7,605.7,,,1,0,0,1
2219001008129,1791128202.960834,12960,tx,10555.0,670.6,732.3,,,1,0,0,1
2219140990274,1791128203.100816,13100,tx,998.5,696.8,747.3,,,1,0,0,1
2219280927580,1791128203.240754,13240,tx,1042.7,760.5,805.8,,,1,0,0,1
2219421136343,1791128203.380963,13380,tx,793.5,560.8,597.5,,,1,0,0,1
2219579840656,1791128203.539667,13539,tx,2138.0,1857.8,1888.9,,,1,0,0,1
2219719931821,1791128203.679758,13679,tx,1003.1,755.3,796.0,,,1,0,0,1
2219859982156,1791128203.819808,13819,tx,1033.5,700.1,744.7,,,1,0,0,1
2219999977861,1791128203.959804,13959,tx,11576.8,705.5,746.5,,,1,0,0,1
2220139918659,1791128204.099745,14099,tx,964.4,783.1,805.4,,,1,0,0,1
2220279950056,1791128204.239777,14239,tx,972.9,744.2,785.5,,,1,0,0,1
2220419914265,1791128204.379740,14379,tx,982.6,765.2,804.8,,,1,0,0,1
2220579815159,1791128204.539641,14539,tx,2062.0,1864.0,1915.0,,,1,0,0,1
2220720907766,1791128204.680734,14680,tx,969.7,778.2,824.4,,,1,0,0,1
2220860920704,1791128204.820747,14820,tx,1028.9,766.6,795.6,,,1,0,0,1
2221000887232,1791128204.960714,14960,tx,10491.9,804.6,830.2,,,1,0,0,1
2221139889621,1791128205.099716,99,tx,1046.2,792.3,823.0,,,1,0,0,1
2221281044561,1791128205.240870,240,tx,1472.7,593.5,664.4,,,1,0,0,1
2221421048291,1791128205.380874,380,tx,4022.0,675.6,1663.8,,,1,0,0,1
2221580836809,1791128205.540663,540,tx,2176.1,1845.5,1871.4,,,1,0,0,1
2221723388374,1791128205.683214,683,tx,730.9,255.8,320.4,,,1,0,0,1
2221861586392,1791128205.821412,821,tx,7502.3,665.0,5122.0,,,1,0,0,1
2222002010688,1791128205.961837,961,tx,12558.1,675.6,3694.8,,,1,0,0,1
2222142025780,1791128206.101851,1101,tx,6044.4,671.6,3679.8,,,1,0,0,1
2222282432299,1791128206.242258,1242,tx,679.7,214.6,271.4,,,1,0,0,1
2222421271893,1791128206.381098,1381,tx,827.4,376.6,430.6,,,1,0,0,1
2222583833758,1791128206.543659,1543,tx,2192.4,1836.4,1865.3,,,1,0,0,1
2222726051619,1791128206.685877,1685,tx,4018.7,587.5,651.0,,,1,0,0,1
2222864999252,1791128206.824825,1824,tx,1112.8,632.7,695.2,,,1,0,0,1
2223004030114,1791128206.963855,1963,tx,11045.6,597.4,665.5,,,1,0,0,1
2223143995839,1791128207.103822,2103,tx,2384.0,635.2,702.8,,,1,0,0,1
2223284009084,1791128207.243835,2243,tx,1102.2,614.5,687.0,,,1,0,0,1
2223424426475,1791128207.384252,2384,tx,706.2,202.4,266.1,,,1,0,0,1
2223583811953,1791128207.543638,2543,tx,4933.9,1854.2,1881.8,,,1,0,0,1
2223727446833,1791128207.687273,2687,tx,7632.3,651.6,4246.9,,,1,0,0,1
2223874134244,1791128207.833960,2833,tx,5942.8,648.5,3556.0,,,1,0,0,1
2224014141859,1791128207.973968,2973,tx,7681.2,370.4,6542.3,,,1,0,0,1
2224154975978,1791128208.114802,3114,tx,3914.9,631.5,710.0,,,1,0,0,1
2224295136344,1791128208.254962,3254,tx,1349.0,482.6,550.3,,,1,0,0,1
2224440136593,1791128208.399962,3399,tx,6922.5,314.3,2544.7,,,1,0,0,1
2224581802215,1791128208.541628,3541,tx,7270.1,663.4,3882.8,,,1,0,0,1
2224725341699,1791128208.685167,3685,tx,869.5,271.5,338.8,,,1,0,0,1
2224874368269,1791128208.834194,3834,tx,898.9,248.2,315.1,,,1,0,0,1
2225012200668,1791128208.972026,3972,tx,3479.9,621.8,2477.4,,,1,0,0,1
2225153050320,1791128209.112876,4112,tx,2052.6,560.4,626.8,,,1,0,0,1
2225294150869,1791128209.253977,4253,tx,2115.1,455.6,530.4,,,1,0,0,1
2225437374358,1791128209.397200,4397,tx,731.3,225.5,303.9,,,1,0,0,1
2225579792085,1791128209.539618,4539,tx,6281.7,652.3,3883.2,,,1,0,0,1
2225721063043,1791128209.680889,4680,tx,1312.2,536.7,610.9,,,1,0,0,1
2225860007063,1791128209.819833,4819,tx,1148.8,603.3,667.2,,,1,0,0,1
2226000010383,1791128209.959836,4959,tx,16056.2,601.1,660.6,,,1,0,0,1
2226141978796,1791128210.101805,5101,tx,8019.6,5963.2,6037.5,,,1,0,0,1
2226281004468,1791128210.240826,5240,tx,5073.3,630.5,3663.2,,,1,0,0,1
2226420033120,1791128210.379859,5379,tx,1123.6,578.3,636.3,,,1,0,0,1
2226579795543,1791128210.539622,5539,tx,6267.4,633.8,3867.3,,,1,0,0,1
2226721050733,1791128210.680876,5680,tx,2235.7,552.0,613.6,,,1,0,0,1
2226862988127,1791128210.822814,5822,tx,1385.8,593.8,673.5,,,1,0,0,1
2227001995509,1791128210.961821,5961,tx,10012.2,884.0,4666.7,,,1,0,0,1
2227140966054,1791128211.100792,6100,tx,1131.6,636.8,694.4,,,1,0,0,1
2227280985679,1791128211.240811,6240,tx,7080.5,619.4,3670.4,,,1,0,0,1
2227422956885,1791128211.382783,6382,tx,5035.1,539.6,3698.9,,,1,0,0,1
2227583777970,1791128211.543603,6543,tx,7270.3,1583.3,1878.2,,,1,0,0,1
2227727259832,1791128211.687086,6687,tx,1466.7,292.0,393.7,,,1,0,0,1
2227865211566,1791128211.825037,6825,tx,1921.0,376.9,440.9,,,1,0,0,1
2228007143573,1791128211.966969,6966,tx,10929.8,442.5,507.9,,,1,0,0,1
2228146048920,1791128212.105875,7105,tx,1766.2,546.7,606.7,,,1,0,0,1
2228283943458,1791128212.243769,7243,tx,1148.3,624.1,708.6,,,1,0,0,1
2228428023346,1791128212.387849,7387,tx,6046.5,617.9,3622.6,,,1,0,0,1
2228582782002,1791128212.542608,7542,tx,5285.2,1833.3,1856.7,,,1,0,0,1
2228726356715,1791128212.686183,7686,tx,6705.3,608.1,4288.3,,,1,0,0,1
2228873129508,1791128212.832955,7832,tx,973.2,438.7,514.4,,,1,0,0,1
2229013063436,1791128212.972889,7972,tx,1638.2,520.5,577.2,,,1,0,0,1
2229153071565,1791128213.112896,8112,tx,1093.9,498.2,572.5,,,1,0,0,1
2229295676000,1791128213.255502,8255,tx,12412.4,890.8,964.8,,,1,0,0,1
2229437365974,1791128213.397192,8397,tx,8717.1,194.9,271.5,,,1,0,0,1
2229582775482,1791128213.542602,8542,tx,2203.2,1756.4,1857.6,,,1,0,0,1
2229724143929,1791128213.683969,8683,tx,906.7,430.9,494.8,,,1,0,0,1
2229863948581,1791128213.823774,8823,tx,2097.7,423.7,1686.8,,,1,0,0,1
2230010412239,1791128213.970238,8970,tx,6647.6,596.8,4222.4,,,1,0,0,1
2230154038606,1791128214.113864,9113,tx,1009.4,520.7,592.1,,,1,0,0,1
2230294053938,1791128214.253880,9253,tx,5070.8,576.2,2577.2,,,1,0,0,1
2230434043471,1791128214.393869,9393,tx,3307.7,511.3,582.3,,,1,0,0,1
2230583780070,1791128214.543606,9543,tx,2187.1,1556.4,1839.5,,,1,0,0,1
2230723925751,1791128214.683752,9683,tx,1087.0,636.9,695.4,,,1,0,0,1
2230863965343,1791128214.823791,9823,tx,1074.3,594.7,659.9,,,1,0,0,1
2231003860667,1791128214.963687,9963,tx,7892.6,707.2,760.8,,,1,0,0,1
2231143907630,1791128215.103734,10103,tx,1083.8,657.5,713.0,,,1,0,0,1
2231283841926,1791128215.243668,10243,tx,1078.9,735.7,773.5,,,1,0,0,1
2231423828841,1791128215.383655,10383,tx,1051.8,749.3,791.7,,,1,0,0,1
2231580710394,1791128215.540537,10540,tx,2166.5,1879.3,1908.5,,,1,0,0,1
2231720832918,1791128215.680659,10680,tx,1080.6,739.7,784.5,,,1,0,0,1
2231860812803,1791128215.820639,10820,tx,1062.7,767.2,802.5,,,1,0,0,1
2232000824458,1791128215.960651,10960,tx,10543.4,749.1,789.7,,,1,0,0,1
2232141868024,1791128216.101694,11101,tx,1021.8,693.5,738.8,,,1,0,0,1
2232280824071,1791128216.240650,11240,tx,1063.9,734.2,781.8,,,1,0,0,1
2232420816348,1791128216.380643,11380,tx,1036.7,752.7,789.9,,,1,0,0,1
2232579726526,1791128216.539553,11539,tx,2141.5,1847.2,1880.4,,,1,0,0,1
2232720827922,1791128216.680654,11680,tx,1041.9,735.5,775.2,,,1,0,0,1
2232860850399,1791128216.820677,11820,tx,1083.9,709.2,751.0,,,1,0,0,1
2233000813497,1791128216.960640,11960,tx,10381.2,742.5,786.5,,,1,0,0,1
2233139811645,1791128217.099638,12099,tx,991.1,748.0,783.2,,,1,0,0,1
2233280924934,1791128217.240751,12240,tx,997.4,636.0,674.9,,,1,0,0,1
2233420808955,1791128217.380635,12380,tx,1050.6,757.9,786.6,,,1,0,0,1
2233580685146,1791128217.540511,12540,tx,2050.6,1875.6,1909.7,,,1,0,0,1
2233720798924,1791128217.680625,12680,tx,951.8,751.8,793.9,,,1,0,0,1
2233860763804,1791128217.820590,12820,tx,991.7,803.7,829.3,,,1,0,0,1
2234000761064,1791128217.960587,12960,tx,10150.7,799.8,831.9,,,1,0,0,1
2234140810775,1791128218.100637,13100,tx,1032.3,735.4,777.3,,,1,0,0,1
2234280792617,1791128218.240619,13240,tx,985.0,761.3,791.9,,,1,0,0,1
2234420830349,1791128218.380657,13380,tx,944.2,712.6,757.0,,,1,0,0,1
2234579656862,1791128218.539483,13539,tx,2082.8,1903.6,1927.3,,,1,0,0,1
2234720773283,1791128218.680599,13680,tx,974.9,781.2,810.9,,,1,0,0,1
2234860833065,1791128218.820659,13820,tx,1022.3,704.5,747.6,,,1,0,0,1
2235000810117,1791128218.960636,13960,tx,10423.5,734.8,770.4,,,1,0,0,1
2235139739091,1791128219.099566,14099,tx,1064.7,810.5,840.7,,,1,0,0,1
2235280936484,1791128219.240763,14240,tx,881.3,605.3,638.2,,,1,0,0,1
2235420755210,1791128219.380581,14380,tx,1062.7,781.9,822.7,,,1,0,0,1
2235580637306,1791128219.540463,14540,tx,2132.2,1905.3,1935.5,,,1,0,0,1
2235720738180,1791128219.680564,14680,tx,1070.0,805.8,835.4,,,1,0,0,1
2235861852934,1791128219.821679,14821,tx,989.6,695.6,720.5,,,1,0,0,1
2236000726249,1791128219.960552,14960,tx,10467.4,822.2,847.4,,,1,0,0,1
2236140810124,1791128220.100636,100,tx,924.2,721.2,760.4,,,1,0,0,1
2236281883091,1791128220.241709,241,tx,844.4,652.0,683.3,,,1,0,0,1
2236420745708,1791128220.380572,380,tx,985.2,785.2,822.5,,,1,0,0,1
2236580607218,1791128220.540434,540,tx,2072.9,1941.1,1961.2,,,1,0,0,1
2236720718173,1791128220.680545,680,tx,1079.2,826.1,847.1,,,1,0,0,1
2236860733370,1791128220.820560,820,tx,973.4,808.7,829.3,,,1,0,0,1
2237000749427,1791128220.960576,960,tx,10549.4,772.1,811.2,,,1,0,0,1
2237141724096,1791128221.101550,1101,tx,1059.5,814.9,837.5,,,1,0,0,1
2237280712365,1791128221.240539,1240,tx,1069.8,822.5,844.6,,,1,0,0,1
2237420727004,1791128221.380553,1380,tx,1073.3,806.7,830.4,,,1,0,0,1
2237579602395,1791128221.539429,1539,tx,2088.9,1934.1,1955.8,,,1,0,0,1
2237720733374,1791128221.680560,1680,tx,982.0,805.1,835.7,,,1,0,0,1
2237860717023,1791128221.820543,1820,tx,970.8,816.4,838.0,,,1,0,0,1
2238000764872,1791128221.960591,1960,tx,10526.3,765.7,787.4,,,1,0,0,1
2238140750773,1791128222.100577,2100,tx,1071.0,761.8,796.0,,,1,0,0,1
2238280807994,1791128222.240634,2240,tx,949.2,695.7,741.0,,,1,0,0,1
2238420733756,1791128222.380560,2380,tx,1011.6,786.2,814.4,,,1,0,0,1
2238579643300,1791128222.539469,2539,tx,2144.3,1860.3,1897.8,,,1,0,0,1
2238720751121,1791128222.680577,2680,tx,1047.0,758.1,793.5,,,1,0,0,1
2238860777602,1791128222.820604,2820,tx,1010.0,737.4,766.1,,,1,0,0,1
2239000781514,1791128222.960608,2960,tx,10310.0,723.4,773.9,,,1,0,0,1
2239140776777,1791128223.100603,3100,tx,937.3,729.8,777.5,,,1,0,0,1
2239280766101,1791128223.240592,3240,tx,1016.2,754.0,782.4,,,1,0,0,1
2239420753335,1791128223.380579,3380,tx,955.3,759.9,797.9,,,1,0,0,1
2239579645052,1791128223.539471,3539,tx,2112.5,1854.3,1892.5,,,1,0,0,1
2239720716996,1791128223.680543,3680,tx,980.9,782.0,820.3,,,1,0,0,1
2239860698570,1791128223.820525,3820,tx,998.2,809.5,834.8,,,1,0,0,1
2240000710434,1791128223.960537,3960,tx,10653.7,788.3,819.4,,,1,0,0,1
2240140735889,1791128224.100562,4100,tx,1055.3,753.3,796.4,,,1,0,0,1
2240280723276,1791128224.240550,4240,tx,1061.2,774.9,806.6,,,1,0,0,1
2240420722002,1791128224.380548,4380,tx,1046.3,773.8,808.2,,,1,0,0,1
2240580627102,1791128224.540453,4540,tx,2080.7,1868.1,1897.0,,,1,0,0,1
2240722107844,1791128224.681934,4681,tx,660.2,371.5,419.4,,,1,0,0,1
2240861723394,1791128224.821550,4821,tx,1099.7,761.1,804.0,,,1,0,0,1
2241001769470,1791128224.961596,4961,tx,9333.0,721.7,754.0,,,1,0,0,1
2241140757918,1791128225.100584,5100,tx,948.8,722.8,765.7,,,1,0,0,1
2241281827226,1791128225.241653,5241,tx,982.9,636.9,695.8,,,1,0,0,1
2241421758876,1791128225.381585,5381,tx,998.4,717.4,760.5,,,1,0,0,1
2241580599558,1791128225.540426,5540,tx,2144.5,1893.3,1919.0,,,1,0,0,1
2241720709056,1791128225.680535,5680,tx,1064.3,777.8,806.6,,,1,0,0,1
2241860683725,1791128225.820510,5820,tx,994.6,808.6,831.5,,,1,0,0,1
2242001807823,1791128225.961634,5961,tx,9345.2,680.2,702.6,,,1,0,0,1
2242140732544,1791128226.100559,6100,tx,966.8,756.4,795.8,,,1,0,0,1
2242281814275,1791128226.241640,6241,tx,896.4,665.9,708.4,,,1,0,0,1
2242420737036,1791128226.380563,6380,tx,1037.1,733.6,785.1,,,1,0,0,1
2242579575251,1791128226.539402,6539,tx,2074.5,1909.7,1933.0,,,1,0,0,1
2242720671482,1791128226.680498,6680,tx,1053.5,808.8,831.1,,,1,0,0,1
2242860756352,1791128226.820583,6820,tx,967.1,714.5,749.3,,,1,0,0,1
2243000699674,1791128226.960526,6960,tx,11732.2,778.1,803.7,,,1,0,0,1
2243140699227,1791128227.100526,7100,tx,950.3,768.0,803.0,,,1,0,0,1
2243280710890,1791128227.240537,7240,tx,946.8,765.5,792.1,,,1,0,0,1
2243420718553,1791128227.380545,7380,tx,1004.2,747.8,781.8,,,1,0,0,1
2243579545031,1791128227.539371,7539,tx,2111.2,1933.7,1954.4,,,1,0,0,1
2243720686714,1791128227.680513,7680,tx,1015.2,773.1,807.2,,,1,0,0,1
2243860673288,1791128227.820500,7820,tx,970.4,802.0,823.3,,,1,0,0,1
2244000677771,1791128227.960504,7960,tx,10559.9,780.9,817.5,,,1,0,0,1
2244140658247,1791128228.100485,8100,tx,964.5,809.6,835.1,,,1,0,0,1
2244280745712,1791128228.240572,8240,tx,985.7,698.2,759.6,,,1,0,0,1
2244420733428,1791128228.380560,8380,tx,986.4,715.2,758.4,,,1,0,0,1
2244582611880,1791128228.542438,8542,tx,4481.8,3146.5,3570.7,,,1,0,0,1
2244726331651,1791128228.686157,8686,tx,2108.2,363.1,1159.1,,,1,0,0,1
2244873392101,1791128228.833218,8833,tx,1824.6,1317.9,1373.2,,,1,0,0,1
2245011226377,1791128228.971052,8971,tx,8004.7,219.7,261.7,,,1,0,0,1
2245154176407,1791128229.114002,9114,tx,2810.3,463.4,2313.0,,,1,0,0,1
2245293377313,1791128229.253203,9253,tx,2762.3,1052.4,1110.8,,,1,0,0,1
2245435395462,1791128229.395221,9395,tx,6685.1,451.4,4089.1,,,1,0,0,1
2245584144409,1791128229.543971,9543,tx,6466.5,459.1,3335.7,,,1,0,0,1
2245725396926,1791128229.685223,9685,tx,2576.4,1032.6,1086.9,,,1,0,0,1
2245863794129,1791128229.823620,9823,tx,12281.6,2985.2,7214.5,,,1,0,0,1
2246004094584,1791128229.963921,9963,tx,7554.2,327.9,386.1,,,1,0,0,1
2246144221463,1791128230.104047,10104,tx,989.8,198.5,256.2,,,1,0,0,1
2246283795498,1791128230.243621,10243,tx,8871.2,4165.2,4221.5,,,1,0,0,1
2246423930897,1791128230.383757,10383,tx,3868.0,917.1,2543.4,,,1,0,0,1
2246581685522,1791128230.541512,10541,tx,2287.0,1353.2,1791.4,,,1,0,0,1
2246724445557,1791128230.684271,10684,tx,5369.7,448.9,4031.4,,,1,0,0,1
2246861823732,1791128230.821649,10821,tx,4319.5,2369.3,2583.1,,,1,0,0,1
2247006188002,1791128230.966014,10966,tx,5807.6,219.1,281.3,,,1,0,0,1
2247152785754,1791128231.112611,11112,tx,3075.7,397.2,2684.0,,,1,0,0,1
2247293507380,1791128231.253333,11253,tx,4072.0,517.4,963.7,,,1,0,0,1
2247433110437,1791128231.392936,11392,tx,3502.2,433.3,2358.9,,,1,0,0,1
2247583575993,1791128231.543402,11543,tx,5291.6,431.0,3884.9,,,1,0,0,1
2247724752975,1791128231.684579,11684,tx,2846.5,421.6,1709.4,,,1,0,0,1
2247864811207,1791128231.824637,11824,tx,3256.9,195.1,1652.0,,,1,0,0,1
2248004829680,1791128231.964655,11964,tx,7893.0,430.7,5630.6,,,1,0,0,1
2248144753575,1791128232.104580,12104,tx,5308.0,428.7,3709.9,,,1,0,0,1
2248288334737,1791128232.248161,12248,tx,4715.9,1072.2,1124.9,,,1,0,0,1
2248434871122,1791128232.394697,12394,tx,6216.4,418.6,3591.0,,,1,0,0,1
2248583901074,1791128232.543727,12543,tx,3882.7,3074.2,3146.5,,,1,0,0,1
2248725698232,1791128232.685524,12685,tx,5943.5,544.9,756.3,,,1,0,0,1
2248863769995,1791128232.823596,12823,tx,2439.4,768.0,1687.0,,,1,0,0,1
2249004719592,1791128232.964545,12964,tx,7809.8,677.5,733.0,,,1,0,0,1
2249145457032,1791128233.105283,13105,tx,1919.7,941.0,1000.5,,,1,0,0,1
2249286035674,1791128233.245862,13245,tx,745.4,361.9,416.9,,,1,0,0,1
2249425379798,1791128233.385206,13385,tx,1497.8,1008.1,1065.7,,,1,0,0,1
2249582235350,1791128233.542061,13542,tx,3225.4,1084.9,2209.7,,,1,0,0,1
2249726659767,1791128233.686485,13686,tx,1130.8,387.5,787.1,,,1,0,0,1
2249871808157,1791128233.831634,13831,tx,1687.9,575.5,638.7,,,1,0,0,1
2250014244332,1791128233.974070,13974,tx,633.1,134.3,197.2,,,1,0,0,1
2250156346392,1791128234.116172,14116,tx,6610.7,586.3,3091.8,,,1,0,0,1
2250301956280,1791128234.261782,14261,tx,5754.6,566.6,3482.2,,,1,0,0,1
2250442715563,1791128234.402541,14402,tx,7487.2,418.9,4721.4,,,1,0,0,1
2250585863074,1791128234.545689,14545,tx,4932.8,404.4,3572.8,,,1,0,0,1
2250726725806,1791128234.686552,14686,tx,4540.1,546.3,2730.2,,,1,0,0,1
2250865727695,1791128234.825554,14825,tx,3841.5,304.6,2703.3,,,1,0,0,1
2251006732426,1791128234.966558,14966,tx,8371.3,151.3,701.0,,,1,0,0,1
2251145738437,1791128235.105564,105,tx,5331.9,398.7,2693.9,,,1,0,0,1
2251285762519,1791128235.245588,245,tx,2844.6,603.0,677.2,,,1,0,0,1
2251426798951,1791128235.386625,386,tx,3690.9,3164.0,3218.6,,,1,0,0,1
2251582586258,1791128235.542412,542,tx,7481.2,834.6,1841.0,,,1,0,0,1
2251723325794,1791128235.683152,683,tx,7771.4,389.3,5103.1,,,1,0,0,1
2251862806791,1791128235.822633,822,tx,7618.6,3988.9,7209.3,,,1,0,0,1
2252002709684,1791128235.962535,962,tx,9985.7,803.3,1718.6,,,1,0,0,1
2252142707788,1791128236.102534,1102,tx,1111.0,659.7,715.3,,,1,0,0,1
2252282709413,1791128236.242535,1242,tx,1110.5,654.6,709.0,,,1,0,0,1
2252423052544,1791128236.382878,1382,tx,750.0,312.0,368.3,,,1,0,0,1
2252580540358,1791128236.540366,1540,tx,2186.6,1847.6,1881.5,,,1,0,0,1
2252720665622,1791128236.680492,1680,tx,1090.0,700.8,751.2,,,1,0,0,1
2252861873995,1791128236.821700,1821,tx,885.4,492.9,542.9,,,1,0,0,1
2253000666081,1791128236.960492,1960,tx,11712.6,710.8,748.3,,,1,0,0,1
2253141656218,1791128237.101482,2101,tx,1198.7,699.7,755.3,,,1,0,0,1
2253281685615,1791128237.241511,2241,tx,1041.8,671.9,724.7,,,1,0,0,1
2253421647322,1791128237.381473,2381,tx,1047.7,715.0,758.7,,,1,0,0,1
2253580518716,1791128237.540345,2540,tx,2110.1,1859.5,1888.8,,,1,0,0,1
2253720618242,1791128237.680444,2680,tx,1117.2,736.9,786.8,,,1,0,0,1
2253860610159,1791128237.820436,2820,tx,1113.6,756.4,794.1,,,1,0,0,1
2254002228571,1791128237.962054,2962,tx,12197.0,1123.3,1178.5,,,1,0,0,1
2254143472028,1791128238.103298,3103,tx,1777.4,853.5,935.5,,,1,0,0,1
2254284992913,1791128238.244819,3244,tx,3139.5,412.5,1415.3,,,1,0,0,1
2254426366930,1791128238.386193,3386,tx,5896.7,838.9,4036.5,,,1,0,0,1
2254580690728,1791128238.540517,3540,tx,8482.7,372.5,3708.3,,,1,0,0,1
2254722709609,1791128238.682535,3682,tx,2758.9,624.3,693.9,,,1,0,0,1
2254861360860,1791128238.821187,3821,tx,1357.1,985.2,1039.0,,,1,0,0,1
2255001662857,1791128238.961489,3961,tx,9550.6,673.1,732.6,,,1,0,0,1
2255141611668,1791128239.101438,4101,tx,1039.1,737.8,785.2,,,1,0,0,1
2255281608120,1791128239.241434,4241,tx,1045.7,742.9,785.7,,,1,0,0,1
2255422237806,1791128239.382064,4382,tx,383.3,117.5,153.7,,,1,0,0,1
2255580477401,1791128239.540304,4540,tx,2109.2,1882.8,1909.3,,,1,0,0,1
2255720598511,1791128239.680425,4680,tx,994.9,753.6,793.0,,,1,0,0,1
2255861676163,1791128239.821502,4821,tx,1043.0,691.9,719.0,,,1,0,0,1
2256000585764,1791128239.960412,4960,tx,11535.3,776.2,798.0,,,1,0,0,1
2256141575018,1791128240.101401,5101,tx,1012.9,780.8,819.6,,,1,0,0,1
2256280593981,1791128240.240420,5240,tx,928.5,753.1,785.2,,,1,0,0,1
2256421542216,1791128240.381368,5381,tx,993.7,807.8,839.1,,,1,0,0,1
2256580436768,1791128240.540263,5540,tx,2067.8,1913.4,1937.6,,,1,0,0,1
2256721584871,1791128240.681411,5681,tx,917.2,759.9,788.8,,,1,0,0,1
2256861541315,1791128240.821368,5821,tx,969.5,815.3,837.0,,,1,0,0,1
2257001575909,1791128240.961402,5961,tx,10475.4,773.5,799.9,,,1,0,0,1
2257140551014,1791128241.100377,6100,tx,1047.7,798.1,834.5,,,1,0,0,1
2257281575381,1791128241.241402,6241,tx,1019.5,773.2,808.6,,,1,0,0,1
2257421631836,1791128241.381458,6381,tx,922.8,699.7,741.4,,,1,0,0,1
2257579428901,1791128241.539255,6539,tx,2064.3,1916.4,1941.3,,,1,0,0,1
2257720554486,1791128241.680381,6680,tx,986.8,787.1,827.0,,,1,0,0,1
2257860571533,1791128241.820398,6820,tx,967.7,770.3,796.6,,,1,0,0,1
2258000530789,1791128241.960357,6960,tx,11404.0,798.0,840.4,,,1,0,0,1
2258139573386,1791128242.099400,7099,tx,951.4,768.1,792.0,,,1,0,0,1
2258280560595,1791128242.240387,7240,tx,1081.3,768.9,820.6,,,1,0,0,1
2258420524274,1791128242.380350,7380,tx,1058.9,803.1,843.1,,,1,0,0,1
2258580425822,1791128242.540252,7540,tx,2053.4,1908.2,1934.6,,,1,0,0,1
2258720541759,1791128242.680368,7680,tx,1049.3,801.0,819.9,,,1,0,0,1
2258860535487,1791128242.820362,7820,tx,965.8,807.1,824.0,,,1,0,0,1
2259000507036,1791128242.960333,7960,tx,11746.3,822.3,850.3,,,1,0,0,1
2259141511807,1791128243.101338,8101,tx,1010.9,823.6,844.7,,,1,0,0,1
2259280508327,1791128243.240335,8240,tx,1006.9,823.3,845.5,,,1,0,0,1
2259420573477,1791128243.380400,8380,tx,974.0,741.4,777.9,,,1,0,0,1
2259580403918,1791128243.540230,8540,tx,2105.6,1920.8,1944.5,,,1,0,0,1
2259720527008,1791128243.680353,8680,tx,961.0,785.1,823.5,,,1,0,0,1
2259860585748,1791128243.820412,8820,tx,1012.5,730.3,776.0,,,1,0,0,1
2260000483680,1791128243.960310,8960,tx,11671.8,848.8,863.6,,,1,0,0,1
2260140508302,1791128244.100335,9100,tx,1042.3,798.9,850.8,,,1,0,0,1
2260280507095,1791128244.240334,9240,tx,1027.9,807.1,845.8,,,1,0,0,1
2260420496638,1791128244.380323,9380,tx,1033.1,825.6,844.9,,,1,0,0,1
2260580390851,1791128244.540217,9540,tx,2081.0,1929.8,1953.3,,,1,0,0,1
2260720516993,1791128244.680343,9680,tx,985.0,793.4,820.1,,,1,0,0,1
2260860559225,1791128244.820385,9820,tx,960.3,756.0,784.0,,,1,0,0,1
2261000515279,1791128244.960341,9960,tx,11487.3,793.5,818.1,,,1,0,0,1
2261141523944,1791128245.101350,10101,tx,983.9,778.9,828.7,,,1,0,0,1
2261280488069,1791128245.240314,10240,tx,976.8,824.8,845.1,,,1,0,0,1
2261420545734,1791128245.380372,10380,tx,945.9,754.4,786.6,,,1,0,0,1
2261580410920,1791128245.540237,10540,tx,2146.4,1908.0,1935.3,,,1,0,0,1
2261720555724,1791128245.680382,10680,tx,934.2,741.5,772.6,,,1,0,0,1
2261860493850,1791128245.820320,10820,tx,1080.4,819.0,847.1,,,1,0,0,1
2262000483065,1791128245.960309,10960,tx,11344.7,817.6,844.9,,,1,0,0,1
2262140572841,1791128246.100399,11100,tx,1044.5,710.1,756.2,,,1,0,0,1
2262280545879,1791128246.240372,11240,tx,1007.8,748.5,779.5,,,1,0,0,1
2262420491467,1791128246.380317,11380,tx,1104.2,800.4,844.9,,,1,0,0,1
2262579411044,1791128246.539237,11539,tx,2133.0,1886.4,1913.0,,,1,0,0,1
2262720537601,1791128246.680364,11680,tx,970.8,753.1,787.3,,,1,0,0,1
2262860509989,1791128246.820336,11820,tx,969.2,782.1,811.7,,,1,0,0,1
2263000583396,1791128246.960409,11960,tx,11718.1,688.4,740.5,,,1,0,0,1
2263140563856,1791128247.100390,12100,tx,1039.4,719.9,756.6,,,1,0,0,1
2263280503836,1791128247.240330,12240,tx,1059.3,771.3,811.0,,,1,0,0,1
2263421281929,1791128247.381108,12381,tx,6768.7,861.4,4039.8,,,1,0,0,1
2263582472838,1791128247.542299,12542,tx,2645.7,1814.2,1845.2,,,1,0,0,1
2263725205553,1791128247.685031,12685,tx,1620.7,1046.1,1116.2,,,1,0,0,1
2263863627737,1791128247.823453,12823,tx,1164.1,629.5,690.8,,,1,0,0,1
2264002759905,1791128247.962586,12962,tx,10546.0,493.3,556.9,,,1,0,0,1
2264143790697,1791128248.103616,13103,tx,6942.4,280.2,3524.5,,,1,0,0,1
2264284546132,1791128248.244372,13244,tx,2361.1,711.8,768.1,,,1,0,0,1
2264427266390,1791128248.387092,13387,tx,7805.9,974.8,3045.1,,,1,0,0,1
2264581949260,1791128248.541775,13541,tx,7125.8,245.7,3356.7,,,1,0,0,1
2264724704368,1791128248.684530,13684,tx,2923.5,940.9,1603.3,,,1,0,0,1
2264862774667,1791128248.822600,13822,tx,4514.8,372.5,685.2,,,1,0,0,1
2265002472072,1791128248.962298,13962,tx,10500.7,283.1,3836.8,,,1,0,0,1
2265142019680,1791128249.101846,14101,tx,8045.1,272.0,3285.0,,,1,0,0,1
2265282654959,1791128249.242480,14242,tx,2011.9,1197.4,1259.0,,,1,0,0,1
2265421970889,1791128249.381796,14381,tx,643.4,271.7,332.9,,,1,0,0,1
2265583514740,1791128249.543340,14543,tx,13464.5,2987.0,6502.0,,,1,0,0,1
2265728144493,1791128249.687970,14687,tx,6249.8,1982.0,4870.6,,,1,0,0,1
2265865580801,1791128249.825407,14825,tx,1210.9,662.4,718.4,,,1,0,0,1
2266006233089,1791128249.966059,14966,tx,9846.3,264.7,3064.1,,,1,0,0,1
2266145657440,1791128250.105483,105,tx,1555.1,586.0,640.0,,,1,0,0,1
2266285234801,1791128250.245060,245,tx,2459.8,1004.9,1059.2,,,1,0,0,1
2266424611883,1791128250.384438,384,tx,1740.4,623.1,679.3,,,1,0,0,1
2266580400258,1791128250.540226,540,tx,2150.8,1856.5,1891.1,,,1,0,0,1
2266721837282,1791128250.681663,681,tx,7244.0,346.6,3450.3,,,1,0,0,1
2266861840019,1791128250.821666,821,tx,7106.4,692.3,2447.1,,,1,0,0,1
2267001549678,1791128250.961375,961,tx,12504.7,1026.4,1740.8,,,1,0,0,1
2267141578196,1791128251.101404,1101,tx,1640.0,651.4,712.5,,,1,0,0,1
2267281585305,1791128251.241411,1241,tx,1098.0,638.0,700.5,,,1,0,0,1
2267423370698,1791128251.383196,1383,tx,1385.8,850.5,911.5,,,1,0,0,1
2267580402185,1791128251.540228,1540,tx,3194.9,261.2,2883.0,,,1,0,0,1
2267720561302,1791128251.680387,1680,tx,1044.9,666.1,723.3,,,1,0,0,1
2267860563941,1791128251.820390,1820,tx,1053.3,651.2,713.1,,,1,0,0,1
2268001590181,1791128251.961416,1961,tx,15476.9,629.7,690.1,,,1,0,0,1
2268140781669,1791128252.100608,2100,tx,5790.0,241.1,3498.6,,,1,0,0,1
2268282458465,1791128252.242284,2242,tx,1232.6,760.8,819.5,,,1,0,0,1
2268420990609,1791128252.380817,2380,tx,7141.6,175.1,284.3,,,1,0,0,1
2268580382327,1791128252.540208,2540,tx,2190.8,1864.7,1894.1,,,1,0,0,1
2268720514507,1791128252.680341,2680,tx,1014.7,706.2,755.2,,,1,0,0,1
2268860519388,1791128252.820346,2820,tx,1028.8,709.8,749.2,,,1,0,0,1
2269000469710,1791128252.960296,2960,tx,11658.8,759.1,797.2,,,1,0,0,1
2269141452364,1791128253.101279,3101,tx,993.4,788.5,816.0,,,1,0,0,1
2269280484506,1791128253.240311,3240,tx,968.6,752.7,778.9,,,1,0,0,1
2269420443600,1791128253.380270,3380,tx,1043.7,789.1,820.4,,,1,0,0,1
2269579353455,1791128253.539180,3539,tx,2117.7,1890.4,1916.5,,,1,0,0,1
2269720453039,1791128253.680279,3680,tx,1070.1,780.8,814.1,,,1,0,0,1
2269860479542,1791128253.820306,3820,tx,969.9,746.9,786.3,,,1,0,0,1
2270000427516,1791128253.960254,3960,tx,11571.3,801.3,833.3,,,1,0,0,1
2270140485790,1791128254.100312,4100,tx,1007.6,734.8,777.8,,,1,0,0,1
2270280412397,1791128254.240239,4240,tx,982.4,815.6,841.8,,,1,0,0,1
2270420437722,1791128254.380264,4380,tx,965.4,793.8,822.6,,,1,0,0,1
2270580316451,1791128254.540143,4540,tx,2090.1,1909.6,1935.2,,,1,0,0,1
2270723213081,1791128254.683039,4683,tx,5418.8,1021.9,3043.0,,,1,0,0,1
2270862099627,1791128254.821925,4821,tx,3540.1,1095.5,1153.7,,,1,0,0,1
2271001528487,1791128254.961354,4961,tx,19600.4,956.8,3725.5,,,1,0,0,1
2271140915590,1791128255.100741,5100,tx,1877.0,277.0,335.0,,,1,0,0,1
2271282145677,1791128255.241971,5241,tx,3252.2,1038.2,1106.6,,,1,0,0,1
2271423519783,1791128255.383345,5383,tx,1559.6,666.3,732.2,,,1,0,0,1
2271581610520,1791128255.541436,5541,tx,8463.5,228.4,4640.2,,,1,0,0,1
2271723546691,1791128255.683372,5683,tx,2090.0,635.5,698.7,,,1,0,0,1
2271862575377,1791128255.822401,5822,tx,1063.5,606.2,668.5,,,1,0,0,1
2272002542536,1791128255.962368,5962,tx,13538.7,357.8,2702.8,,,1,0,0,1
2272147056485,1791128256.106882,6106,tx,5335.4,200.7,3184.6,,,1,0,0,1
2272292762605,1791128256.252589,6252,tx,8611.7,207.5,3478.4,,,1,0,0,1
2272431977592,1791128256.391804,6391,tx,1698.2,192.1,259.0,,,1,0,0,1
2272584655660,1791128256.544481,6544,tx,5921.8,220.0,3585.8,,,1,0,0,1
2272724705640,1791128256.684531,6684,tx,1360.3,465.8,532.0,,,1,0,0,1
2272865281045,1791128256.825107,6825,tx,2588.7,897.5,958.2,,,1,0,0,1
2273004643010,1791128256.964469,6964,tx,13521.1,529.9,592.6,,,1,0,0,1
2273145556724,1791128257.105382,7105,tx,3502.6,973.8,1676.3,,,1,0,0,1
2273284917942,1791128257.244743,7244,tx,6188.1,933.5,2313.2,,,1,0,0,1
2273425690958,1791128257.385517,7385,tx,6818.7,2985.8,6327.1,,,1,0,0,1
2273581251732,1791128257.541078,7541,tx,3053.5,945.0,977.1,,,1,0,0,1
2273721543922,1791128257.681370,7681,tx,6680.5,196.1,3684.3,,,1,0,0,1
2273861545335,1791128257.821371,7821,tx,1071.1,622.3,680.4,,,1,0,0,1
2274000535416,1791128257.960361,7960,tx,11073.4,635.6,687.6,,,1,0,0,1
2274141323723,1791128258.101150,8101,tx,1416.8,833.9,904.1,,,1,0,0,1
2274280534345,1791128258.240360,8240,tx,6401.8,1959.1,5473.9,,,1,0,0,1
2274422432693,1791128258.382258,8382,tx,7016.9,3393.3,6583.9,,,1,0,0,1
2274580349029,1791128258.540175,8540,tx,2295.1,1846.1,1873.1,,,1,0,0,1
2274721529273,1791128258.681355,8681,tx,7536.8,183.0,3689.2,,,1,0,0,1
2274860527336,1791128258.820353,8820,tx,4529.0,181.3,3690.4,,,1,0,0,1
2275000553941,1791128258.960380,8960,tx,15519.8,183.1,3663.3,,,1,0,0,1
2275141541439,1791128259.101367,9101,tx,4849.6,168.3,3670.2,,,1,0,0,1
2275280561044,1791128259.240387,9240,tx,4500.3,177.0,3649.3,,,1,0,0,1
2275420564251,1791128259.380390,9380,tx,2895.5,586.6,651.5,,,1,0,0,1
2275581379364,1791128259.541205,9541,tx,5671.1,190.2,3835.0,,,1,0,0,1
2275725535984,1791128259.685361,9685,tx,4084.9,181.1,3673.4,,,1,0,0,1
2275872587139,1791128259.832413,9832,tx,1018.0,557.5,623.8,,,1,0,0,1
2276012870143,1791128259.972696,9972,tx,10071.5,4828.1,7527.2,,,1,0,0,1
2276151616973,1791128260.111443,10111,tx,1108.7,530.5,594.8,,,1,0,0,1
2276292615434,1791128260.252441,10252,tx,1033.1,521.8,589.9,,,1,0,0,1
2276432653822,1791128260.392479,10392,tx,1011.4,480.2,552.8,,,1,0,0,1
2276585340630,1791128260.545166,10545,tx,2728.9,1829.9,1864.1,,,1,0,0,1
2276727524900,1791128260.687351,10687,tx,1110.9,605.1,679.5,,,1,0,0,1
2276866274240,1791128260.826100,10826,tx,1464.3,875.4,929.8,,,1,0,0,1
2277005486406,1791128260.965312,10965,tx,8198.8,165.9,3715.3,,,1,0,0,1
2277147428010,1791128261.107254,11107,tx,1174.0,709.0,770.4,,,1,0,0,1
2277286451089,1791128261.246277,11246,tx,1172.9,692.3,751.3,,,1,0,0,1
2277430233887,1791128261.390060,11390,tx,3364.0,160.1,2965.4,,,1,0,0,1
2277580319450,1791128261.540145,11540,tx,3744.1,1840.0,1872.4,,,1,0,0,1
2277720232382,1791128261.680058,11680,tx,8841.5,870.9,957.0,,,1,0,0,1
2277861494962,1791128261.821321,11821,tx,5565.7,160.9,3698.1,,,1,0,0,1
2278001513903,1791128261.961340,11961,tx,18575.8,748.5,808.3,,,1,0,0,1
2278141506256,1791128262.101332,12101,tx,9561.8,156.9,3683.3,,,1,0,0,1
2278281532200,1791128262.241358,12241,tx,6528.9,138.9,3655.7,,22488.7,1,0,0,1
2278425345490,1791128262.385171,12385,idle,4788.0,783.7,863.5,,,0,0,0,0
2278791738150,1791128262.751564,12751,idle,6526.8,,,,,0,0,0,0
2278931158818,1791128262.890985,12890,idle,8921.6,,,,,0,0,0,0
2279070293730,1791128263.030119,13030,idle,8597.6,,,,,0,0,0,0
2279208211644,1791128263.168037,13168,idle,4222.0,,,,,0,0,0,0
2279350654528,1791128263.310480,13310,idle,7862.7,,,,,0,0,0,0
2279488662011,1791128263.448488,13448,idle,2828.8,,,,,0,0,0,0
2279629231542,1791128263.589057,13589,idle,3427.3,,,,,0,0,0,0
2279768931770,1791128263.728758,13728,idle,2756.9,,,,,0,0,0,0
2279911596543,1791128263.871422,13871,idle,4234.7,,,,,0,0,0,0
2280071398356,1791128264.031224,14031,idle,4609.8,,,,,0,0,0,0
2280212485714,1791128264.172311,14172,idle,1048.6,,,,,0,0,0,0
2280352477642,1791128264.312303,14312,idle,1070.0,,,,,0,0,0,0
2280492441380,1791128264.452267,14452,idle,1071.2,,,,,0,0,0,0
2280632459308,1791128264.592285,14592,idle,997.4,,,,,0,0,0,0
2280772404296,1791128264.732230,14732,idle,996.6,,,,,0,0,0,0
2280912414644,1791128264.872241,14872,idle,960.2,,,,,0,0,0,0
2281069245545,1791128265.029072,29,idle,2065.2,,,,,0,0,0,0
2281210382505,1791128265.170208,170,idle,969.5,,,,,0,0,0,0
2281350388545,1791128265.310215,310,idle,949.2,,,,,0,0,0,0
2281490379756,1791128265.450206,450,idle,942.2,,,,,0,0,0,0
2281630397186,1791128265.590223,590,idle,961.3,,,,,0,0,0,0
2281770391376,1791128265.730217,730,idle,994.1,,,,,0,0,0,0
2281910379686,1791128265.870206,870,idle,981.1,,,,,0,0,0,0
2282069265742,1791128266.029092,1029,idle,2072.1,,,,,0,0,0,0
2282210362475,1791128266.170189,1170,idle,15505.6,,,,,0,0,0,0
2282500240863,1791128266.460067,1460,tx,44383.0,1860.4,1899.2,,,1,0,0,1
2282644251760,1791128266.604078,1604,tx,2060.5,1852.0,1887.5,,,1,0,0,1
2282785359153,1791128266.745186,1745,tx,1031.0,734.9,779.4,,,1,0,0,1
2282925356565,1791128266.885183,1885,tx,945.2,726.9,782.7,,,1,0,0,1
2283068326492,1791128267.028153,2028,tx,1041.0,788.1,815.3,,,1,0,0,1
2283209325568,1791128267.169152,2169,tx,971.3,785.2,818.9,,,1,0,0,1
2283349325343,1791128267.309152,2309,tx,975.5,773.1,809.1,,,1,0,0,1
2283489323097,1791128267.449149,2449,tx,3836.6,779.3,813.2,,,1,0,0,1
2283631377864,1791128267.591204,2591,tx,978.1,714.4,754.8,,,1,0,0,1
2283771397048,1791128267.731223,2731,tx,1095.2,692.7,732.1,,,1,0,0,1
2283911392523,1791128267.871219,2871,tx,1018.1,692.1,736.4,,,1,0,0,1
2284051366797,1791128268.011193,3011,tx,1053.5,730.0,769.3,,,1,0,0,1
2284191425824,1791128268.151252,3151,tx,875.9,667.5,707.4,,,1,0,0,1
2284331364211,1791128268.291191,3291,tx,1049.7,726.1,759.6,,,1,0,0,1
2284471424777,1791128268.431251,3431,tx,1047.1,676.9,718.9,,,1,0,0,1
