t_send_ns,t_unix,phase_ms,window,lat_status_us,lat_pin_us,lat_e2e_us,lat_rts_us,lat_unkey_us,was_tx,rts_before,decoding,transmitting
1114614496199100,1791140276.245620,11245,tx,1227.5,172.0,356.2,,,1,0,0,1
1114614637597900,1791140276.387021,11387,tx,2251.1,309.1,588.2,,,1,0,0,1
1114614827040200,1791140276.576466,11576,tx,34054.3,155.0,321.0,,,1,0,0,1
1114614975021400,1791140276.724449,11724,tx,2549.9,205.2,320.5,,,1,0,0,1
1114615126959200,1791140276.876389,11876,tx,1637.5,177.1,393.9,,,1,0,0,1
1114615303431400,1791140277.052863,12052,tx,6113.1,119.4,226.1,,,1,0,0,1
1114615442188000,1791140277.191621,12191,tx,9031.2,222.5,369.3,,,1,0,0,1
1114615583478100,1791140277.332889,12332,tx,1101.8,113.3,301.8,,,1,0,0,1
1114615724252600,1791140277.473689,12473,tx,1477.3,178.9,361.8,,,1,0,0,1
1114615865477800,1791140277.614916,12614,tx,1074.6,130.5,310.2,,,1,0,0,1
1114616009256900,1791140277.758696,12758,tx,1197.5,150.7,325.8,,,1,0,0,1
1114616150513200,1791140277.899954,12899,tx,1325.8,132.5,296.2,,,1,0,0,1
1114616312216400,1791140278.061659,13061,tx,1313.6,192.2,322.2,,,1,0,0,1
1114616450735400,1791140278.200180,13200,tx,3470.1,359.3,557.9,,,1,0,0,1
1114616592224500,1791140278.341670,13341,tx,7407.6,140.3,392.3,,,1,0,0,1
1114616732795900,1791140278.482243,13482,tx,1502.5,146.6,471.8,,,1,0,0,1
1114616874431600,1791140278.623881,13623,tx,1210.5,176.4,347.2,,,1,0,0,1
1114617016217000,1791140278.765668,13765,tx,9562.4,126.9,312.6,,,1,0,0,1
1114617157333600,1791140278.906786,13906,tx,1222.8,169.1,369.6,,,1,0,0,1
1114617314977000,1791140279.064431,14064,tx,1116.4,114.8,278.5,,,1,0,0,1
1114617458116800,1791140279.207573,14207,tx,10119.8,119.2,290.9,,,1,0,0,1
1114617598762000,1791140279.348219,14348,tx,1364.7,359.6,495.3,,,1,0,0,1
1114617741755400,1791140279.491214,14491,tx,6992.5,358.1,562.4,,,1,0,0,1
1114617883533100,1791140279.632994,14632,tx,1109.6,173.3,327.9,,,1,0,0,1
1114618027990300,1791140279.777452,14777,tx,2185.4,228.7,740.2,,,1,0,0,1
1114618169143200,1791140279.918607,14918,tx,1376.5,132.3,491.9,,,1,0,0,1
1114618310287200,1791140280.059753,59,tx,1081.9,124.2,288.6,,,1,0,0,1
1114618451972200,1791140280.201439,201,tx,6588.3,120.3,299.8,,,1,0,0,1
1114618593958100,1791140280.343427,343,tx,1454.4,120.6,314.3,,,1,0,0,1
1114618738008600,1791140280.487479,487,tx,1333.3,110.1,327.6,,,1,0,0,1
1114618881316800,1791140280.630789,630,tx,1166.4,147.7,371.3,,,1,0,0,1
1114619023461400,1791140280.772935,772,tx,1086.2,170.7,351.7,,,1,0,0,1
1114619165772200,1791140280.915247,915,tx,1509.8,232.4,456.0,,,1,0,0,1
1114619319593400,1791140281.069070,1069,tx,1648.7,380.5,658.4,,,1,0,0,1
1114619466522000,1791140281.215999,1215,tx,2164.3,197.2,1007.2,,,1,0,0,1
1114619603741500,1791140281.353221,1353,tx,1362.3,398.8,570.8,,,1,0,0,1
1114619749708900,1791140281.499187,1499,tx,1640.3,306.7,466.1,,,1,0,0,1
1114619891921800,1791140281.641405,1641,tx,1466.9,131.1,317.0,,,1,0,0,1
1114620032077100,1791140281.781562,1781,tx,1707.0,225.3,492.7,,,1,0,0,1
1114620172254700,1791140281.921741,1921,tx,1152.8,141.1,304.7,,,1,0,0,1
1114620317106200,1791140282.066595,2066,tx,23670.2,170.0,313.8,,,1,0,0,1
1114620471227800,1791140282.220717,2220,tx,19793.3,179.2,323.9,,,1,0,0,1
1114620615176800,1791140282.364668,2364,tx,1700.7,136.1,309.1,,,1,0,0,1
1114620756824100,1791140282.506317,2506,tx,59295.9,338.4,544.1,,,1,0,0,1
1114620947028200,1791140282.696523,2696,tx,1299.5,143.0,266.8,,,1,0,0,1
1114621087195400,1791140282.836692,2836,tx,4847.4,146.6,334.8,,,1,0,0,1
1114621228102500,1791140282.977601,2977,tx,1001.7,159.7,323.5,,,1,0,0,1
1114621369619700,1791140283.119119,3119,tx,11733.2,316.6,648.1,,,1,0,0,1
1114621511095900,1791140283.260597,3260,tx,1806.8,203.2,379.7,,,1,0,0,1
1114621655218800,1791140283.404722,3404,tx,1702.3,238.0,421.7,,,1,0,0,1
1114621812566700,1791140283.562072,3562,tx,1215.7,126.1,245.7,,,1,0,0,1
1114621957947600,1791140283.707454,3707,tx,10115.8,157.4,321.0,,,1,0,0,1
1114622099911100,1791140283.849419,3849,tx,1819.1,199.7,499.6,,,1,0,0,1
1114622242189400,1791140283.991699,3991,tx,1248.0,141.8,316.4,,,1,0,0,1
1114622381490400,1791140284.131001,4131,tx,1183.8,122.4,307.9,,,1,0,0,1
1114622521803900,1791140284.271317,4271,tx,1234.2,234.9,421.9,,,1,0,0,1
1114622662730600,1791140284.412245,4412,tx,1297.8,183.7,475.4,,,1,0,0,1
1114622805027800,1791140284.554544,4554,tx,1172.6,137.8,367.5,,,1,0,0,1
1114622947813600,1791140284.697331,4697,tx,9509.4,238.6,409.5,,,1,0,0,1
1114623089132400,1791140284.838651,4838,tx,1204.7,145.3,336.8,,,1,0,0,1
1114623231072000,1791140284.980593,4980,tx,1138.7,156.1,352.6,,,1,0,0,1
1114623371705600,1791140285.121228,5121,tx,1348.6,394.5,553.3,,,1,0,0,1
1114623513558000,1791140285.263082,5263,tx,1120.1,159.1,352.3,,,1,0,0,1
1114623654963100,1791140285.404489,5404,tx,950.8,129.2,276.9,,,1,0,0,1
1114623819391000,1791140285.568918,5568,tx,10406.5,149.9,271.6,,,1,0,0,1
1114623968678600,1791140285.718207,5718,tx,1638.1,307.1,547.9,,,1,0,0,1
1114624108549900,1791140285.858081,5858,tx,1149.3,194.0,380.6,,,1,0,0,1
1114624249892200,1791140285.999425,5999,tx,1213.3,212.7,378.8,,,1,0,0,1
1114624390557200,1791140286.140091,6140,tx,1288.4,109.3,302.3,,,1,0,0,1
1114624531881300,1791140286.281417,6281,tx,1098.2,150.9,341.3,,,1,0,0,1
1114624673953500,1791140286.423491,6423,tx,1570.4,124.6,377.6,,,1,0,0,1
1114624818051700,1791140286.567590,6567,tx,9019.1,194.5,401.3,,,1,0,0,1
1114624956531400,1791140286.706072,6706,tx,1161.4,141.6,313.7,,,1,0,0,1
1114625097367500,1791140286.846909,6846,tx,1128.2,146.9,361.4,,,1,0,0,1
1114625238731200,1791140286.988267,6988,tx,10596.2,215.5,494.9,,,1,0,0,1
1114625379640500,1791140287.129186,7129,tx,1175.5,113.7,255.3,,,1,0,0,1
1114625520836700,1791140287.270384,7270,tx,1262.4,221.9,428.0,,,1,0,0,1
1114625660725200,1791140287.410274,7410,tx,1322.9,216.3,532.1,,,1,0,0,1
1114625800416900,1791140287.549967,7549,tx,1423.4,186.2,376.7,,,1,0,0,1
1114625941229300,1791140287.690781,7690,tx,1079.8,164.5,318.3,,,1,0,0,1
1114626081914600,1791140287.831468,7831,tx,1272.9,125.9,305.7,,,1,0,0,1
1114626223225000,1791140287.972780,7972,tx,9556.1,123.4,287.3,,,1,0,0,1
1114626363768000,1791140288.113325,8113,tx,1194.4,289.5,445.4,,,1,0,0,1
1114626504445000,1791140288.254003,8254,tx,1513.6,268.6,469.9,,,1,0,0,1
1114626647784500,1791140288.397343,8397,tx,1158.1,149.1,503.1,,,1,0,0,1
1114626815694400,1791140288.565256,8565,tx,1350.5,350.3,471.1,,,1,0,0,1
1114626962711200,1791140288.712274,8712,tx,1193.7,319.5,502.2,,,1,0,0,1
1114627103020300,1791140288.852585,8852,tx,14992.0,125.1,352.7,,,1,0,0,1
1114627241982900,1791140288.991549,8991,tx,2790.9,210.0,327.6,,,1,0,0,1
1114627385567300,1791140289.135135,9135,tx,1088.6,172.6,363.3,,,1,0,0,1
1114627528444800,1791140289.278014,9278,tx,1214.0,195.3,444.7,,,1,0,0,1
1114627672058200,1791140289.421622,9421,tx,9050.9,365.4,1171.1,,,1,0,0,1
1114627812724800,1791140289.562298,9562,tx,1689.6,351.1,537.8,,,1,0,0,1
1114627968817900,1791140289.718393,9718,tx,17586.2,176.5,415.9,,,1,0,0,1
1114628111138300,1791140289.860715,9860,tx,1000.6,122.9,300.5,,,1,0,0,1
1114628252961900,1791140290.002540,10002,tx,65464.8,166.4,348.3,,,1,0,0,1
1114628440135700,1791140290.189715,10189,tx,2509.0,184.1,600.2,,,1,0,0,1
1114628582113000,1791140290.331695,10331,tx,1001.9,118.3,283.3,,,1,0,0,1
1114628723456000,1791140290.473039,10473,tx,1101.5,134.1,272.9,,,1,0,0,1
1114628864839400,1791140290.614424,10614,tx,1517.2,282.6,446.2,,,1,0,0,1
1114629008048200,1791140290.757633,10757,tx,1416.2,150.2,403.6,,,1,0,0,1
1114629150371900,1791140290.899960,10899,tx,1111.5,113.4,278.3,,,1,0,0,1
1114629317458400,1791140291.067048,11067,tx,1084.8,135.5,253.0,,,1,0,0,1
1114629463042000,1791140291.212633,11212,tx,1079.3,147.8,321.8,,,1,0,0,1
1114629605347300,1791140291.354940,11354,tx,1244.6,137.2,351.1,,,1,0,0,1
1114629746134900,1791140291.495729,11495,tx,1153.9,165.3,372.0,,,1,0,0,1
1114629889190800,1791140291.638787,11638,tx,1027.7,125.6,313.6,,,1,0,0,1
1114630031416900,1791140291.781015,11781,tx,1447.9,199.7,396.3,,,1,0,0,1
1114630173289200,1791140291.922889,11922,tx,5192.2,203.2,407.1,,,1,0,0,1
1114630317179000,1791140292.066780,12066,tx,1175.1,171.5,434.6,,,1,0,0,1
1114630458907300,1791140292.208510,12208,tx,1019.5,136.7,299.7,,,1,0,0,1
1114630601720800,1791140292.351325,12351,tx,6143.8,453.3,593.9,,,1,0,0,1
1114630743120200,1791140292.492726,12492,tx,2008.2,172.4,389.4,,,1,0,0,1
1114630882125300,1791140292.631732,12631,tx,1429.6,166.0,512.6,,,1,0,0,1
1114631024452300,1791140292.774061,12774,tx,1075.6,130.4,309.2,,,1,0,0,1
1114631165323700,1791140292.914935,12914,tx,2033.9,142.3,592.2,,,1,0,0,1
1114631313949800,1791140293.063562,13063,tx,1320.8,178.0,406.0,,,1,0,0,1
1114631464520400,1791140293.214135,13214,tx,1154.6,165.5,317.6,,,1,0,0,1
1114631622827600,1791140293.372444,13372,tx,1428.5,212.6,406.6,,,1,0,0,1
1114631764562900,1791140293.514180,13514,tx,17939.2,105.3,261.6,,,1,0,0,1
1114631904791200,1791140293.654410,13654,tx,1085.9,250.2,402.4,,,1,0,0,1
1114632062991800,1791140293.812613,13812,tx,1046.5,111.2,296.1,,,1,0,0,1
1114632219407600,1791140293.969030,13969,tx,1385.0,152.0,390.7,,,1,0,0,1
1114632375478700,1791140294.125102,14125,tx,1653.0,348.7,695.2,,,1,0,0,1
1114632517339000,1791140294.266960,14266,tx,2134.1,173.0,349.7,,,1,0,0,1
1114632658886800,1791140294.408514,14408,tx,1172.8,103.9,305.8,,,1,0,0,1
1114632813847700,1791140294.563477,14563,tx,16605.6,123.8,458.1,,,1,0,0,1
1114632955481300,1791140294.705112,14705,tx,1333.8,231.3,396.3,,,1,0,0,1
1114633097721600,1791140294.847354,14847,tx,1619.3,353.1,528.5,,,1,0,0,1
1114633240237300,1791140294.989871,14989,tx,1150.2,141.0,349.9,,,1,0,0,1
1114633391935700,1791140295.141572,141,tx,997.0,146.4,270.4,,,1,0,0,1
1114633531286600,1791140295.280924,280,tx,1265.4,172.1,353.2,,,1,0,0,1
1114633674594200,1791140295.424233,424,tx,9794.7,155.2,325.0,,,1,0,0,1
1114633816301500,1791140295.565936,565,tx,1235.9,160.6,378.0,,,1,0,0,1
1114633960084900,1791140295.709727,709,tx,1064.0,128.5,298.2,,,1,0,0,1
1114634102865200,1791140295.852509,852,tx,1102.2,131.3,338.6,,,1,0,0,1
1114634243663200,1791140295.993308,993,tx,2204.4,130.9,636.7,,,1,0,0,1
1114634386168500,1791140296.135815,1135,tx,1166.6,161.3,368.0,,,1,0,0,1
1114634526863400,1791140296.276512,1276,tx,18271.4,184.2,329.9,,,1,0,0,1
1114634663970400,1791140296.413621,1413,tx,7937.6,135.1,302.9,,,1,0,0,1
1114634810023900,1791140296.559676,1559,tx,1322.3,180.3,339.2,,,1,0,0,1
1114634951829600,1791140296.701483,1701,tx,1151.1,276.2,453.3,,,1,0,0,1
1114635093742900,1791140296.843397,1843,tx,4901.0,299.5,459.2,,,1,0,0,1
1114635234570700,1791140296.984228,1984,tx,1455.8,323.8,600.8,,,1,0,0,1
1114635376169800,1791140297.125828,2125,tx,1137.7,156.9,355.1,,,1,0,0,1
1114635520553100,1791140297.270213,2270,tx,1101.4,143.3,309.2,,,1,0,0,1
1114635661808800,1791140297.411470,2411,tx,1239.6,148.5,384.3,,,1,0,0,1
1114635815066600,1791140297.564730,2564,tx,1348.5,135.4,343.1,,,1,0,0,1
1114635959095300,1791140297.708760,2708,tx,1368.7,146.1,385.0,,,1,0,0,1
1114636100445600,1791140297.850112,2850,tx,1903.7,149.9,389.8,,,1,0,0,1
1114636241814300,1791140297.991483,2991,tx,1224.4,221.3,448.0,,,1,0,0,1
1114636384355600,1791140298.134025,3134,tx,1260.5,143.7,375.6,,,1,0,0,1
1114636525653300,1791140298.275324,3275,tx,1989.1,314.2,506.3,,,1,0,0,1
1114636665907700,1791140298.415581,3415,tx,1124.0,167.3,369.7,,,1,0,0,1
1114636815746700,1791140298.565421,3565,tx,1415.2,342.9,479.3,,,1,0,0,1
1114636964862400,1791140298.714539,3714,tx,1164.2,109.2,390.6,,,1,0,0,1
1114637105634700,1791140298.855313,3855,tx,1404.6,262.5,561.0,,,1,0,0,1
1114637246002800,1791140298.995681,3995,tx,2217.0,154.4,313.6,,,1,0,0,1
1114637388183700,1791140299.137865,4137,tx,1118.5,133.4,320.6,,,1,0,0,1
1114637530128000,1791140299.279810,4279,tx,1262.5,182.0,398.2,,,1,0,0,1
1114637670113400,1791140299.419798,4419,tx,1845.9,191.6,359.0,,,1,0,0,1
1114637811707300,1791140299.561393,4561,tx,1210.1,323.3,500.2,,,1,0,0,1
1114637952094600,1791140299.701781,4701,tx,1594.1,162.9,409.1,,,1,0,0,1
1114638093922900,1791140299.843612,4843,tx,1091.8,119.5,364.7,,,1,0,0,1
1114638237310700,1791140299.987002,4987,tx,1038.8,124.3,314.9,,,1,0,0,1
1114638377958700,1791140300.127651,5127,tx,10916.9,152.8,355.2,,,1,0,0,1
1114638519473400,1791140300.269166,5269,tx,1890.4,168.5,476.4,,,1,0,0,1
1114638659875200,1791140300.409570,5409,tx,1164.5,152.1,397.8,,,1,0,0,1
1114638816481300,1791140300.566178,5566,tx,7619.9,172.8,338.1,,,1,0,0,1
1114638958590400,1791140300.708290,5708,tx,1163.3,178.4,360.7,,,1,0,0,1
1114639098875500,1791140300.848576,5848,tx,1216.9,124.1,315.3,,,1,0,0,1
1114639240221100,1791140300.989923,5989,tx,1169.7,179.6,367.6,,,1,0,0,1
1114639380033600,1791140301.129737,6129,tx,3431.9,156.1,395.9,,,1,0,0,1
1114639521759800,1791140301.271465,6271,tx,1507.3,191.2,444.9,,,1,0,0,1
1114639661721600,1791140301.411428,6411,tx,2401.1,280.1,465.2,,,1,0,0,1
1114639819367600,1791140301.569076,6569,tx,1453.5,139.1,359.4,,,1,0,0,1
1114639961828600,1791140301.711537,6711,tx,1746.9,183.6,456.2,,,1,0,0,1
1114640103700800,1791140301.853413,6853,tx,1363.8,359.5,534.5,,,1,0,0,1
1114640246675400,1791140301.996389,6996,tx,64072.1,330.7,492.5,,,1,0,0,1
1114640411977700,1791140302.161693,7161,tx,1733.3,124.4,266.8,,,1,0,0,1
1114640560287400,1791140302.310004,7310,tx,22215.6,145.3,334.4,,,1,0,0,1
1114640718155900,1791140302.467874,7467,tx,1856.4,247.2,593.3,,,1,0,0,1
1114640859203300,1791140302.608924,7608,tx,1161.3,164.9,417.8,,,1,0,0,1
1114641000362900,1791140302.750085,7750,tx,13748.7,155.7,397.0,,,1,0,0,1
1114641142372400,1791140302.892097,7892,tx,1267.2,161.2,299.8,,,1,0,0,1
1114641314207200,1791140303.063933,8063,tx,1270.0,177.1,320.4,,,1,0,0,1
1114641452890000,1791140303.202616,8202,tx,1580.7,148.2,368.5,,,1,0,0,1
1114641593693100,1791140303.343422,8343,tx,1273.8,335.2,503.9,,,1,0,0,1
1114641734519700,1791140303.484249,8484,tx,1019.8,120.6,289.1,,,1,0,0,1
1114641876327400,1791140303.626059,8626,tx,1069.3,166.9,352.7,,,1,0,0,1
1114642014974800,1791140303.764708,8764,tx,1122.7,179.4,365.9,,,1,0,0,1
1114642155659700,1791140303.905393,8905,tx,1346.5,315.8,493.2,,,1,0,0,1
1114642296938600,1791140304.046675,9046,tx,1103.2,125.8,315.1,,,1,0,0,1
1114642437423000,1791140304.187161,9187,tx,10242.1,188.7,353.8,,,1,0,0,1
1114642578696900,1791140304.328437,9328,tx,1251.9,308.6,503.6,,,1,0,0,1
1114642722094200,1791140304.471836,9471,tx,1615.4,185.6,360.3,,,1,0,0,1
1114642863418600,1791140304.613162,9613,tx,1250.8,175.2,350.3,,,1,0,0,1
1114643005552700,1791140304.755297,9755,tx,1082.5,119.4,320.8,,,1,0,0,1
1114643146661600,1791140304.896408,9896,tx,1228.8,272.5,532.8,,,1,0,0,1
1114643312762300,1791140305.062510,10062,tx,19501.6,328.9,455.8,,,1,0,0,1
1114643460274900,1791140305.210025,10210,tx,1081.3,146.0,312.7,,,1,0,0,1
1114643601643700,1791140305.351395,10351,tx,1581.3,330.0,513.3,,,1,0,0,1
1114643745996900,1791140305.495749,10495,tx,1054.9,171.2,356.0,,,1,0,0,1
1114643887392000,1791140305.637147,10637,tx,1480.4,193.7,356.1,,,1,0,0,1
1114644028230600,1791140305.777987,10777,tx,1023.7,119.9,331.2,,,1,0,0,1
1114644172003200,1791140305.921761,10921,tx,1352.6,147.1,326.1,,,1,0,0,1
1114644314671300,1791140306.064425,11064,tx,1907.3,286.8,526.7,,,1,0,0,1
1114644452146800,1791140306.201908,11201,tx,1142.0,196.6,377.1,,,1,0,0,1
1114644592938600,1791140306.342701,11342,tx,1242.1,146.0,328.1,,,1,0,0,1
1114644735722300,1791140306.485487,11485,tx,8882.1,302.8,461.7,,,1,0,0,1
1114644878103900,1791140306.627870,11627,tx,1073.7,130.9,323.5,,,1,0,0,1
1114645018951900,1791140306.768719,11768,tx,1210.8,141.2,349.8,,,1,0,0,1
1114645162320500,1791140306.912089,11912,tx,1192.8,132.0,303.7,,,1,0,0,1
1114645302001900,1791140307.051772,12051,tx,7476.3,165.4,326.5,,,1,0,0,1
1114645443251300,1791140307.193023,12193,tx,926.1,138.8,270.3,,,1,0,0,1
1114645585054500,1791140307.334828,12334,tx,984.4,115.9,277.8,,,1,0,0,1
1114645727814400,1791140307.477590,12477,tx,4634.9,284.9,460.8,,,1,0,0,1
1114645865749400,1791140307.615526,12615,tx,2172.9,307.5,413.9,,,1,0,0,1
1114646010306000,1791140307.760084,12760,tx,1123.8,134.2,371.2,,,1,0,0,1
1114646152094500,1791140307.901875,12901,tx,1127.5,156.9,322.6,,,1,0,0,1
1114646320521500,1791140308.070303,13070,tx,1184.9,168.3,301.6,,,1,0,0,1
1114646465812000,1791140308.215595,13215,tx,1267.1,280.1,443.1,,,1,0,0,1
1114646609216800,1791140308.359002,13359,tx,1164.5,167.6,336.6,,,1,0,0,1
1114646751715500,1791140308.501502,13501,tx,27692.3,303.2,597.9,,,1,0,0,1
1114646893837300,1791140308.643625,13643,tx,2803.2,202.2,466.5,,,1,0,0,1
1114647036007200,1791140308.785797,13785,tx,13999.9,129.5,301.6,,,1,0,0,1
1114647177879100,1791140308.927670,13927,tx,1157.0,152.6,360.7,,,1,0,0,1
1114647323023700,1791140309.072817,14072,tx,19381.6,133.6,340.4,,,1,0,0,1
1114647461995900,1791140309.211791,14211,tx,2453.8,273.1,570.0,,,1,0,0,1
1114647602862300,1791140309.352659,14352,tx,1159.2,111.3,332.7,,,1,0,0,1
1114647745382000,1791140309.495180,14495,tx,1166.3,145.3,329.3,,,1,0,0,1
1114647888258200,1791140309.638058,14638,tx,1224.1,196.1,417.8,,,1,0,0,1
1114648029608400,1791140309.779410,14779,tx,1591.5,145.2,334.5,,,1,0,0,1
1114648173690700,1791140309.923494,14923,tx,1155.8,296.2,454.4,,,1,0,0,1
1114648317025900,1791140310.066830,66,tx,1226.0,205.9,426.5,,,1,0,0,1
1114648455428300,1791140310.205234,205,tx,9215.4,149.3,306.9,,,1,0,0,1
1114648596985000,1791140310.346793,346,tx,1058.0,192.3,384.4,,,1,0,0,1
1114648737975200,1791140310.487785,487,tx,1089.1,128.9,396.9,,,1,0,0,1
1114648887986900,1791140310.637798,637,tx,1005.0,120.3,307.3,,,1,0,0,1
1114649028139800,1791140310.777933,777,tx,1487.1,171.7,387.2,,,1,0,0,1
1114649178382100,1791140310.928196,928,tx,1209.2,161.2,358.6,,,1,0,0,1
1114649316506700,1791140311.066323,1066,tx,1231.1,148.7,269.6,,,1,0,0,1
1114649463498900,1791140311.213316,1213,tx,1010.2,156.9,330.2,,,1,0,0,1
1114649604742300,1791140311.354561,1354,tx,1188.7,296.7,472.6,,,1,0,0,1
1114649747563100,1791140311.497384,1497,tx,1038.2,127.1,293.4,,,1,0,0,1
1114649890239400,1791140311.640062,1640,tx,8314.7,212.0,395.0,,,1,0,0,1
1114650031020600,1791140311.780844,1780,tx,1282.8,120.8,385.1,,,1,0,0,1
1114650171846200,1791140311.921671,1921,tx,1705.3,190.0,405.5,,,1,0,0,1
1114650324793000,1791140312.074620,2074,tx,11181.7,397.0,505.8,,,1,0,0,1
1114650470499800,1791140312.220329,2220,tx,2622.2,146.2,368.5,,,1,0,0,1
1114650610961300,1791140312.360792,2360,tx,1171.2,151.6,357.6,,,1,0,0,1
1114650751847800,1791140312.501679,2501,tx,58638.2,1403.6,1627.0,,,1,0,0,1
1114650910988600,1791140312.660823,2660,tx,1950.1,234.6,399.5,,,1,0,0,1
1114651051007300,1791140312.800843,2800,tx,1055.1,158.6,341.0,,,1,0,0,1
1114651192903000,1791140312.942740,2942,tx,10354.4,109.6,272.5,,,1,0,0,1
1114651335199100,1791140313.085037,3085,tx,1124.1,117.4,296.5,,,1,0,0,1
1114651476548000,1791140313.226388,3226,tx,1074.8,175.4,347.8,,,1,0,0,1
1114651619231600,1791140313.369073,3369,tx,1103.9,173.1,363.8,,,1,0,0,1
1114651760506800,1791140313.510351,3510,tx,58162.2,194.5,346.3,,,1,0,0,1
1114651918975300,1791140313.668820,3668,tx,1805.0,145.6,267.0,,,1,0,0,1
1114652059079400,1791140313.808926,3808,tx,1244.3,164.4,360.6,,,1,0,0,1
1114652200315800,1791140313.950164,3950,tx,7362.4,151.0,323.8,,,1,0,0,1
1114652343182200,1791140314.093032,4093,tx,1176.4,139.8,398.6,,,1,0,0,1
1114652485508600,1791140314.235361,4235,tx,1310.1,176.7,358.5,,,1,0,0,1
1114652628890900,1791140314.378743,4378,tx,1820.9,219.5,503.0,,,1,0,0,1
1114652776268300,1791140314.526123,4526,tx,1176.0,123.7,235.2,,,1,0,0,1
1114652913540200,1791140314.663396,4663,tx,1115.7,152.3,324.4,,,1,0,0,1
1114653055894800,1791140314.805753,4805,tx,16622.2,171.6,321.9,,,1,0,0,1
1114653200286300,1791140314.950146,4950,tx,1450.6,179.1,352.5,,,1,0,0,1
1114653338340400,1791140315.088201,5088,tx,1526.0,161.5,403.5,,,1,0,0,1
1114653480793700,1791140315.230657,5230,tx,1314.7,182.2,402.2,,,1,0,0,1
1114653622091600,1791140315.371957,5371,tx,1175.5,160.4,334.2,,,1,0,0,1
1114653820176700,1791140315.570044,5570,tx,13283.8,206.0,341.7,,,1,0,0,1
1114653969665700,1791140315.719534,5719,tx,1321.0,367.7,554.2,,,1,0,0,1
1114654111994900,1791140315.861865,5861,tx,3204.3,213.1,467.0,,,1,0,0,1
1114654253388500,1791140316.003260,6003,tx,27557.1,119.9,301.5,,,1,0,0,1
1114654396816800,1791140316.146690,6146,tx,1520.1,153.3,400.9,,,1,0,0,1
1114654538516700,1791140316.288391,6288,tx,1128.4,167.8,377.3,,,1,0,0,1
1114654678265800,1791140316.428142,6428,tx,1007.6,120.3,295.6,,,1,0,0,1
1114654816818400,1791140316.566696,6566,tx,9355.6,326.8,452.2,,,1,0,0,1
1114654962172400,1791140316.712052,6712,tx,1275.6,133.6,324.0,,,1,0,0,1
1114655103975600,1791140316.853857,6853,tx,1145.5,139.2,387.6,,,1,0,0,1
1114655243460300,1791140316.993343,6993,tx,67071.0,198.0,346.4,,,1,0,0,1
1114655439477800,1791140317.189363,7189,tx,1279.9,128.2,246.3,,,1,0,0,1
1114655589378300,1791140317.339264,7339,tx,1108.3,119.5,277.0,,,1,0,0,1
1114655731710000,1791140317.481598,7481,tx,1753.9,265.8,496.6,,,1,0,0,1
1114655873125900,1791140317.623016,7623,tx,1104.6,161.2,355.4,,,1,0,0,1
1114656014972900,1791140317.764864,7764,tx,1698.0,160.0,328.4,,,1,0,0,1
1114656157703100,1791140317.907596,7907,tx,1371.9,334.6,527.4,,,1,0,0,1
1114656314640400,1791140318.064535,8064,tx,1464.9,117.4,232.6,,,1,0,0,1
1114656454787900,1791140318.204684,8204,tx,1218.7,219.2,398.8,,,1,0,0,1
1114656596476400,1791140318.346375,8346,tx,1132.6,119.0,294.4,,,1,0,0,1
1114656737724200,1791140318.487624,8487,tx,1472.9,306.9,501.3,,,1,0,0,1
1114656880632700,1791140318.630534,8630,tx,8229.0,132.7,291.6,,,1,0,0,1
1114657022902200,1791140318.772805,8772,tx,2541.6,172.1,385.3,,,1,0,0,1
1114657164248500,1791140318.914153,8914,tx,1457.5,162.7,337.7,,,1,0,0,1
1114657307546800,1791140319.057453,9057,tx,1516.1,354.9,639.6,,,1,0,0,1
1114657449429800,1791140319.199337,9199,tx,1489.2,189.9,414.3,,,1,0,0,1
1114657591078400,1791140319.340988,9340,tx,1028.2,183.0,372.6,,,1,0,0,1
1114657731763500,1791140319.481674,9481,tx,3103.6,252.4,432.8,,,1,0,0,1
1114657873054500,1791140319.622967,9622,tx,42049.5,147.5,373.6,,,1,0,0,1
1114658043544200,1791140319.793459,9793,tx,1243.3,199.4,316.8,,,1,0,0,1
1114658187526600,1791140319.937443,9937,tx,1096.8,125.1,342.0,,,1,0,0,1
1114658329760000,1791140320.079678,10079,tx,1235.6,318.2,506.8,,,1,0,0,1
1114658470039200,1791140320.219958,10219,tx,1639.6,195.8,486.0,,,1,0,0,1
1114658611692400,1791140320.361613,10361,tx,1466.0,362.2,522.1,,,1,0,0,1
1114658754363800,1791140320.504287,10504,tx,24212.4,138.2,300.8,,,1,0,0,1
1114658897624400,1791140320.647549,10647,tx,1032.4,126.5,294.5,,,1,0,0,1
1114659038992700,1791140320.788918,10788,tx,6377.0,114.4,289.2,,,1,0,0,1
1114659181390100,1791140320.931317,10931,tx,36985.9,119.3,374.4,,,1,0,0,1
1114659328983000,1791140321.078912,11078,tx,16937.5,144.8,375.2,,,1,0,0,1
1114659471939800,1791140321.221871,11221,tx,1611.2,132.9,313.5,,,1,0,0,1
1114659624182100,1791140321.374114,11374,tx,30481.7,136.2,401.2,,,1,0,0,1
1114659811301900,1791140321.561236,11561,tx,26964.2,220.0,336.2,,,1,0,0,1
1114659954636000,1791140321.704572,11704,tx,8254.2,156.6,269.5,,,1,0,0,1
1114660093483700,1791140321.843421,11843,tx,1061.3,109.4,279.3,,,1,0,0,1
1114660234291200,1791140321.984231,11984,tx,990.0,123.1,287.8,,,1,0,0,1
1114660375523000,1791140322.125463,12125,tx,9013.4,168.1,351.9,,,1,0,0,1
1114660532728200,1791140322.282671,12282,tx,1337.1,206.5,456.7,,,1,0,0,1
1114660674453200,1791140322.424398,12424,tx,998.4,116.1,277.2,,,1,0,0,1
1114660816379600,1791140322.566325,12566,tx,36574.7,205.7,320.2,,,1,0,0,1
1114660958363000,1791140322.708310,12708,tx,1206.5,218.9,381.5,,,1,0,0,1
1114661100409900,1791140322.850358,12850,tx,1328.3,201.5,393.3,,,1,0,0,1
1114661241797500,1791140322.991748,12991,tx,1318.5,292.1,457.2,,,1,0,0,1
1114661383523400,1791140323.133476,13133,tx,2946.6,325.2,626.5,,,1,0,0,1
1114661541748400,1791140323.291702,13291,tx,1220.2,278.4,427.1,,,1,0,0,1
1114661681961500,1791140323.431916,13431,tx,1393.8,148.7,407.3,,,1,0,0,1
1114661824691200,1791140323.574648,13574,tx,1264.7,359.5,519.7,,,1,0,0,1
1114661965525400,1791140323.715484,13715,tx,1222.6,118.9,283.2,,,1,0,0,1
1114662105731800,1791140323.855692,13855,tx,1521.1,295.7,521.2,,,1,0,0,1
1114662246418200,1791140323.996380,13996,tx,74778.4,149.7,300.7,,,1,0,0,1
1114662443574500,1791140324.193539,14193,tx,1138.5,165.8,285.1,,,1,0,0,1
1114662591605000,1791140324.341571,14341,tx,1355.5,400.4,650.7,,,1,0,0,1
1114662747927600,1791140324.497895,14497,tx,1097.9,217.7,377.8,,,1,0,0,1
1114662890534000,1791140324.640503,14640,tx,1113.7,201.7,364.1,,,1,0,0,1
1114663031766400,1791140324.781737,14781,tx,1400.4,192.6,552.2,,,1,0,0,1
1114663172971400,1791140324.922944,14922,tx,1127.4,109.6,284.0,,,1,0,0,1
1114663313653700,1791140325.063627,63,tx,1370.3,389.0,550.5,,,1,0,0,1
1114663456062700,1791140325.206038,206,tx,44382.7,153.3,297.3,,,1,0,0,1
1114663603558900,1791140325.353536,353,tx,1110.6,124.1,235.5,,,1,0,0,1
1114663753908400,1791140325.503888,503,tx,62853.1,180.8,334.2,,,1,0,0,1
1114663944684600,1791140325.694666,694,tx,1787.8,390.4,547.5,,,1,0,0,1
1114664093755200,1791140325.843738,843,tx,1233.7,353.0,511.2,,,1,0,0,1
1114664231908900,1791140325.981893,981,tx,1122.7,188.8,380.6,,,1,0,0,1
1114664371928900,1791140326.121915,1121,tx,1197.8,118.6,299.1,,,1,0,0,1
1114664514197700,1791140326.264186,1264,tx,1090.5,116.3,354.0,,,1,0,0,1
1114664654469300,1791140326.404459,1404,tx,1094.3,168.5,356.7,,,1,0,0,1
1114664809365600,1791140326.559356,1559,tx,3799.1,235.3,459.5,,,1,0,0,1
1114664951117500,1791140326.701110,1701,tx,1923.2,137.6,479.7,,,1,0,0,1
1114665093426100,1791140326.843421,1843,tx,6170.2,169.0,335.3,,,1,0,0,1
1114665235285200,1791140326.985281,1985,tx,996.0,117.0,291.3,,,1,0,0,1
1114665376520700,1791140327.126518,2126,tx,2456.4,320.5,625.6,,,1,0,0,1
1114665518531400,1791140327.268529,2268,tx,9607.8,390.2,618.1,,,1,0,0,1
1114665660673700,1791140327.410674,2410,tx,1201.4,316.0,508.8,,,1,0,0,1
1114665810774400,1791140327.560776,2560,tx,1239.0,217.1,382.9,,,1,0,0,1
1114665962120700,1791140327.712125,2712,tx,12405.5,215.0,368.0,,,1,0,0,1
1114666104357800,1791140327.854364,2854,tx,1220.4,144.4,257.9,,,1,0,0,1
1114666244574400,1791140327.994581,2994,tx,1431.6,345.9,563.4,,,1,0,0,1
1114666400345800,1791140328.150355,3150,tx,2139.8,157.2,309.4,,,1,0,0,1
1114666541490500,1791140328.291501,3291,tx,1450.3,147.2,299.6,,,1,0,0,1
1114666683163400,1791140328.433176,3433,tx,999.0,185.3,324.2,,,1,0,0,1
1114666823469400,1791140328.573483,3573,tx,1439.6,155.2,264.7,,,1,0,0,1
1114666966758300,1791140328.716774,3716,tx,1125.3,230.8,413.0,,,1,0,0,1
1114667109491600,1791140328.859507,3859,tx,1321.5,175.6,383.0,,,1,0,0,1
1114667251096900,1791140329.001115,4001,tx,70094.1,101.3,271.8,,,1,0,0,1
1114667417235800,1791140329.167256,4167,tx,1322.3,160.0,274.9,,,1,0,0,1
1114667563242900,1791140329.313263,4313,tx,937.8,116.7,262.0,,,1,0,0,1
1114667704351100,1791140329.454375,4454,tx,10865.5,148.8,379.7,,,1,0,0,1
1114667845247700,1791140329.595272,4595,tx,9226.8,125.8,404.2,,,1,0,0,1
1114667985920400,1791140329.735948,4735,tx,1054.4,122.6,309.5,,,1,0,0,1
1114668128142900,1791140329.878171,4878,tx,1133.6,181.6,409.0,,,1,0,0,1
1114668322824600,1791140330.072855,5072,tx,1755.7,161.4,337.1,,,1,0,0,1
1114668473258100,1791140330.223291,5223,tx,27045.3,127.0,418.5,,,1,0,0,1
1114668615015100,1791140330.365049,5365,tx,1058.1,166.1,329.2,,,1,0,0,1
1114668757172400,1791140330.507208,5507,tx,75484.4,132.4,292.8,,,1,0,0,1
1114668947636900,1791140330.697675,5697,tx,1319.2,130.2,244.5,,,1,0,0,1
1114669087748100,1791140330.837787,5837,tx,1411.0,281.5,520.2,,,1,0,0,1
1114669229033800,1791140330.979074,5979,tx,1131.8,212.1,391.6,,,1,0,0,1
1114669366914800,1791140331.116957,6116,tx,14415.7,169.0,290.3,,,1,0,0,1
1114669513747900,1791140331.263792,6263,tx,1643.8,309.2,467.8,,,1,0,0,1
1114669656771800,1791140331.406817,6406,tx,1225.8,241.4,467.1,,,1,0,0,1
1114669821631100,1791140331.571679,6571,tx,1692.6,344.9,507.2,,,1,0,0,1
1114669974290400,1791140331.724340,6724,tx,1113.8,164.9,332.1,,,1,0,0,1
1114670115036200,1791140331.865087,6865,tx,9393.4,154.1,405.4,,,1,0,0,1
1114670257411800,1791140332.007464,7007,tx,58872.3,124.4,329.3,,,1,0,0,1
1114670444552300,1791140332.194607,7194,tx,7876.9,143.3,256.6,,,1,0,0,1
1114670590054100,1791140332.340110,7340,tx,1185.3,214.7,471.2,,,1,0,0,1
1114670733843900,1791140332.483902,7483,tx,1268.9,194.9,367.5,,,1,0,0,1
1114670876006200,1791140332.626066,7626,tx,9415.4,203.3,391.2,,,1,0,0,1
1114671017291500,1791140332.767353,7767,tx,1320.9,127.8,408.4,,,1,0,0,1
1114671158282300,1791140332.908345,7908,tx,1165.5,178.9,417.1,,,1,0,0,1
1114671343984900,1791140333.094049,8094,tx,18641.5,117.6,261.5,,,1,0,0,1
1114671491652300,1791140333.241719,8241,tx,1336.9,387.3,576.5,,,1,0,0,1
1114671632927600,1791140333.382995,8382,tx,1087.9,138.5,320.5,,,1,0,0,1
1114671811445000,1791140333.561515,8561,tx,1246.9,121.0,306.7,,,1,0,0,1
1114671949029000,1791140333.699100,8699,tx,1352.0,158.1,343.9,,,1,0,0,1
1114672090910900,1791140333.840984,8840,tx,2240.2,120.2,289.3,,,1,0,0,1
1114672232138300,1791140333.982213,8982,tx,1537.8,171.3,557.6,,,1,0,0,1
1114672374443700,1791140334.124520,9124,tx,1234.5,126.1,309.4,,,1,0,0,1
1114672516796800,1791140334.266875,9266,tx,9655.8,211.3,472.2,,,1,0,0,1
1114672658556300,1791140334.408636,9408,tx,1572.9,369.3,659.6,,,1,0,0,1
1114672814638700,1791140334.564719,9564,tx,1249.5,124.6,235.4,,,1,0,0,1
1114672958565900,1791140334.708649,9708,tx,10070.1,132.2,312.3,,,1,0,0,1
1114673097487100,1791140334.847572,9847,tx,1842.5,181.4,302.0,,,1,0,0,1
1114673246858600,1791140334.996945,9996,tx,1080.8,137.1,316.8,,,1,0,0,1
1114673389169900,1791140335.139258,10139,tx,1098.2,188.8,357.5,,,1,0,0,1
1114673530946100,1791140335.281036,10281,tx,1150.0,162.9,352.4,,,1,0,0,1
1114673673901200,1791140335.423992,10423,tx,1249.2,129.9,407.7,,,1,0,0,1
1114673816353400,1791140335.566446,10566,tx,1501.3,138.4,387.9,,,1,0,0,1
1114673958217600,1791140335.708312,10708,tx,1138.1,165.1,355.8,,,1,0,0,1
1114674100557400,1791140335.850653,10850,tx,1187.9,143.9,349.0,,,1,0,0,1
1114674241703500,1791140335.991801,10991,tx,1468.4,272.2,473.5,,,1,0,0,1
1114674382060500,1791140336.132160,11132,tx,5870.9,199.0,369.7,,,1,0,0,1
1114674525493700,1791140336.275594,11275,tx,1209.5,177.1,355.7,,,1,0,0,1
1114674666819000,1791140336.416922,11416,tx,1060.4,173.8,355.3,,,1,0,0,1
1114674823201800,1791140336.573306,11573,tx,14756.7,166.1,318.0,,,1,0,0,1
1114674967858100,1791140336.717963,11717,tx,1127.3,165.1,359.2,,,1,0,0,1
1114675110129900,1791140336.860237,11860,tx,7637.7,172.9,379.1,,,1,0,0,1
1114675251963400,1791140337.002073,12002,tx,27700.5,219.5,520.6,,,1,0,0,1
1114675393747300,1791140337.143858,12143,tx,1254.4,211.3,410.9,,,1,0,0,1
1114675535721500,1791140337.285834,12285,tx,1450.3,290.6,519.9,,,1,0,0,1
1114675679060800,1791140337.429174,12429,tx,1020.0,111.4,281.0,,,1,0,0,1
1114675818097900,1791140337.568213,12568,tx,9444.9,278.6,525.2,,,1,0,0,1
1114675963317900,1791140337.713435,12713,tx,1210.0,145.9,295.7,,,1,0,0,1
1114676106226800,1791140337.856346,12856,tx,19469.0,204.6,440.1,,,1,0,0,1
1114676249056300,1791140337.999177,12999,tx,74306.0,241.0,413.4,,,1,0,0,1
1114676441132100,1791140338.191255,13191,tx,1825.7,151.7,280.7,,,1,0,0,1
1114676581675700,1791140338.331799,13331,tx,1468.6,343.2,544.7,,,1,0,0,1
1114676723864400,1791140338.473989,13473,tx,1116.2,186.5,336.6,,,1,0,0,1
1114676866108300,1791140338.616236,13616,tx,1027.9,189.0,358.4,,,1,0,0,1
1114677008007700,1791140338.758137,13758,tx,2811.6,153.6,310.0,,,1,0,0,1
1114677165932400,1791140338.916063,13916,tx,1102.2,183.7,349.5,,,1,0,0,1
1114677320542000,1791140339.070674,14070,tx,1463.6,130.9,303.0,,,1,0,0,1
1114677465990200,1791140339.216124,14216,tx,981.0,120.2,278.6,,,1,0,0,1
1114677623513400,1791140339.373649,14373,tx,1225.0,159.6,377.4,,,1,0,0,1
1114677811112500,1791140339.561250,14561,tx,1367.7,144.7,295.0,,,1,0,0,1
1114677956009800,1791140339.706149,14706,tx,1256.0,137.3,345.4,,,1,0,0,1
1114678098769800,1791140339.848911,14848,tx,44307.5,205.5,448.5,,,1,0,0,1
1114678239006700,1791140339.989150,14989,tx,1214.8,140.7,309.4,,,1,0,0,1
1114678382052700,1791140340.132197,132,tx,1149.4,119.7,321.8,,,1,0,0,1
1114678524784100,1791140340.274930,274,tx,1337.2,290.7,470.0,,,1,0,0,1
1114678668077000,1791140340.418225,418,tx,1159.0,206.5,406.5,,,1,0,0,1
1114678814370600,1791140340.564520,564,tx,1209.2,106.6,214.0,,,1,0,0,1
1114678955554400,1791140340.705705,705,tx,1545.4,344.1,656.5,,,1,0,0,1
1114679098997000,1791140340.849149,849,tx,1395.6,183.3,558.3,,,1,0,0,1
1114679242106400,1791140340.992260,992,tx,1230.1,148.8,328.7,,,1,0,0,1
1114679383874500,1791140341.134030,1134,tx,1054.3,143.9,343.8,,,1,0,0,1
1114679526614500,1791140341.276771,1276,tx,1672.5,365.7,592.8,,,1,0,0,1
1114679667808600,1791140341.417967,1417,tx,1080.6,228.0,383.1,,,1,0,0,1
1114679810233100,1791140341.560394,1560,tx,3636.3,153.5,322.1,,,1,0,0,1
1114679950885800,1791140341.701048,1701,tx,1011.1,157.3,305.6,,,1,0,0,1
1114680092010100,1791140341.842174,1842,tx,1521.9,155.9,378.5,,,1,0,0,1
1114680233194600,1791140341.983360,1983,tx,1412.8,183.0,699.1,,,1,0,0,1
1114680374824900,1791140342.124992,2124,tx,1208.6,198.0,364.7,,,1,0,0,1
1114680523992800,1791140342.274143,2274,tx,8922.7,167.7,306.5,,,1,0,0,1
1114680675184100,1791140342.425354,2425,tx,1114.2,122.4,282.5,,,1,0,0,1
1114680814755700,1791140342.564905,2564,tx,1172.6,278.4,496.8,,,1,0,0,1
1114680958844600,1791140342.709018,2709,tx,1968.6,146.4,364.8,,,1,0,0,1
1114681101727300,1791140342.851902,2851,tx,1132.8,282.5,431.1,,,1,0,0,1
1114681243117900,1791140342.993294,2993,tx,998.6,113.0,280.9,,,1,0,0,1
1114681384801500,1791140343.134979,3134,tx,10985.2,192.5,358.5,,,1,0,0,1
1114681526104000,1791140343.276283,3276,tx,1218.4,119.8,395.7,,,1,0,0,1
1114681667625600,1791140343.417807,3417,tx,1059.0,124.0,292.0,,,1,0,0,1
1114681821092900,1791140343.571276,3571,tx,7972.2,146.7,263.4,,,1,0,0,1
1114681967685300,1791140343.717870,3717,tx,1656.8,386.9,570.8,,,1,0,0,1
1114682183930100,1791140343.934117,3934,tx,32314.0,178.0,306.8,,,1,0,0,1
1114682329816100,1791140344.080005,4080,tx,1072.8,196.8,347.8,,,1,0,0,1
1114682471977500,1791140344.222168,4222,tx,10749.1,191.0,379.1,,,1,0,0,1
1114682613283900,1791140344.363476,4363,tx,1098.9,138.3,293.5,,,1,0,0,1
1114682754939600,1791140344.505133,4505,tx,27335.6,199.7,368.2,,,1,0,0,1
1114682910728000,1791140344.660923,4660,tx,7514.1,270.6,430.0,,,1,0,0,1
1114683048417400,1791140344.798614,4798,tx,1774.9,187.5,301.3,,,1,0,0,1
1114683197971200,1791140344.948169,4948,tx,1551.3,139.4,323.7,,,1,0,0,1
1114683349555300,1791140345.099756,5099,tx,42867.1,160.7,273.8,,,1,0,0,1
1114683512865600,1791140345.263068,5263,tx,4077.8,161.6,283.0,,,1,0,0,1
1114683652903000,1791140345.403106,5403,tx,1167.9,153.4,335.7,,,1,0,0,1
1114683814500000,1791140345.564706,5564,tx,1082.9,146.9,258.5,,,1,0,0,1
1114683966066600,1791140345.716273,5716,tx,1351.2,184.8,356.8,,,1,0,0,1
1114684106483600,1791140345.856693,5856,tx,1751.1,383.8,627.6,,,1,0,0,1
1114684247216400,1791140345.997427,5997,tx,1157.7,153.5,324.8,,,1,0,0,1
1114684403934700,1791140346.154147,6154,tx,1051.3,190.7,349.6,,,1,0,0,1
1114684545990800,1791140346.296205,6296,tx,1233.2,192.8,405.8,,,1,0,0,1
1114684688778100,1791140346.438993,6438,tx,1089.8,188.5,367.8,,,1,0,0,1
1114684846037400,1791140346.596255,6596,tx,13355.8,119.0,229.3,,,1,0,0,1
1114684989173100,1791140346.739392,6739,tx,15976.7,123.4,281.7,,,1,0,0,1
1114685133762200,1791140346.883983,6883,tx,2360.7,119.3,473.6,,,1,0,0,1
1114685324088700,1791140347.074311,7074,tx,13123.6,165.6,355.9,,,1,0,0,1
1114685462035800,1791140347.212260,7212,tx,1538.5,168.0,376.1,,,1,0,0,1
1114685603804100,1791140347.354030,7354,tx,1103.8,111.4,332.7,,,1,0,0,1
1114685747267900,1791140347.497495,7497,tx,1147.1,207.3,412.5,,,1,0,0,1
1114685889567900,1791140347.639797,7639,tx,1077.9,131.8,315.1,,,1,0,0,1
1114686031934700,1791140347.782165,7782,tx,1409.6,181.2,401.2,,,1,0,0,1
1114686174066900,1791140347.924299,7924,tx,1162.5,123.0,296.2,,,1,0,0,1
1114686343334100,1791140348.093569,8093,tx,19087.2,153.8,272.5,,,1,0,0,1
1114686487206600,1791140348.237442,8237,tx,1388.2,153.0,452.0,,,1,0,0,1
1114686628321900,1791140348.378560,8378,tx,9660.2,174.4,359.4,,,1,0,0,1
1114686812544500,1791140348.562783,8562,tx,1846.5,110.4,257.0,,,1,0,0,1
1114686957727000,1791140348.707968,8707,tx,34144.2,305.1,463.3,,,1,0,0,1
1114687100830000,1791140348.851073,8851,tx,1271.4,300.9,418.3,,,1,0,0,1
1114687242062300,1791140348.992307,8992,tx,3884.6,148.1,332.2,,,1,0,0,1
1114687384203800,1791140349.134448,9134,tx,1063.5,148.9,354.0,,,1,0,0,1
1114687525862800,1791140349.276110,9276,tx,13770.1,186.4,328.4,,,1,0,0,1
1114687683668000,1791140349.433917,9433,tx,1283.7,386.4,539.5,,,1,0,0,1
1114687840349800,1791140349.590601,9590,tx,5035.4,176.9,325.1,,,1,0,0,1
1114687984022100,1791140349.734275,9734,tx,47548.8,142.6,305.5,,,1,0,0,1
1114688140328000,1791140349.890583,9890,tx,1724.6,183.0,310.9,,,1,0,0,1
1114688310088900,1791140350.060346,10060,tx,1164.6,196.9,327.4,,,1,0,0,1
1114688455633300,1791140350.205891,10205,tx,1207.2,305.1,479.2,,,1,0,0,1
1114688596487100,1791140350.346747,10346,tx,9713.4,149.9,340.4,,,1,0,0,1
1114688738698100,1791140350.488960,10488,tx,1250.5,275.6,510.3,,,1,0,0,1
1114688880362100,1791140350.630625,10630,tx,992.0,125.7,286.6,,,1,0,0,1
1114689024123400,1791140350.774388,10774,tx,6748.3,118.9,340.8,,,1,0,0,1
1114689166499600,1791140350.916765,10916,tx,1262.5,155.0,342.1,,,1,0,0,1
1114689322684000,1791140351.072952,11072,tx,1283.9,328.6,450.5,,,1,0,0,1
1114689465322000,1791140351.215590,11215,tx,1442.9,152.6,464.4,,,1,0,0,1
1114689605056000,1791140351.355327,11355,tx,1369.8,193.0,461.7,,,1,0,0,1
1114689745831500,1791140351.496104,11496,tx,1199.2,188.2,351.5,,,1,0,0,1
1114689887557500,1791140351.637832,11637,tx,1051.0,166.0,323.6,,,1,0,0,1
1114690028967800,1791140351.779244,11779,tx,12449.3,128.2,297.7,,,1,0,0,1
1114690186715400,1791140351.936993,11936,tx,1524.9,291.1,525.3,,,1,0,0,1
1114690329576400,1791140352.079854,12079,tx,1091.1,116.4,285.6,,,1,0,0,1
1114690473440000,1791140352.223721,12223,tx,8820.7,114.6,325.5,,,1,0,0,1
1114690615207800,1791140352.365490,12365,tx,1057.0,150.9,331.7,,,1,0,0,1
1114690756623000,1791140352.506907,12506,tx,62317.4,387.7,554.6,,,1,0,0,1
1114690940423000,1791140352.690710,12690,tx,4505.3,166.1,281.4,,,1,0,0,1
1114691088822100,1791140352.839110,12839,tx,1455.9,224.0,467.1,,,1,0,0,1
1114691230049900,1791140352.980340,12980,tx,7371.0,195.9,377.5,,,1,0,0,1
1114691388016600,1791140353.138302,13138,tx,1974.6,127.5,392.5,,,1,0,0,1
1114691529958000,1791140353.280251,13280,tx,1083.0,147.2,325.0,,,1,0,0,1
1114691687824500,1791140353.438119,13438,tx,1416.7,251.6,429.3,,,1,0,0,1
1114691829111600,1791140353.579408,13579,tx,1078.3,135.3,331.5,,,1,0,0,1
1114691972090400,1791140353.722388,13722,tx,1411.2,189.7,447.1,,,1,0,0,1
1114692114026000,1791140353.864325,13864,tx,1157.6,151.0,374.1,,,1,0,0,1
1114692254947800,1791140354.005249,14005,tx,80630.5,245.2,415.3,,,1,0,0,1
1114692443627600,1791140354.193930,14193,tx,1569.4,143.4,256.7,,,1,0,0,1
1114692584944600,1791140354.335250,14335,tx,1363.3,238.6,479.6,,,1,0,0,1
1114692726248700,1791140354.476555,14476,tx,1167.4,170.6,346.5,,,1,0,0,1
1114692884120600,1791140354.634429,14634,tx,1310.7,141.1,358.6,,,1,0,0,1
1114693025377300,1791140354.775687,14775,tx,1161.5,221.5,402.7,,,1,0,0,1
1114693165760900,1791140354.916072,14916,tx,1071.6,240.1,390.8,,,1,0,0,1
1114693305601700,1791140355.055914,55,tx,18281.8,259.5,528.0,,,1,0,0,1
1114693443517200,1791140355.193831,193,tx,1120.0,162.5,278.0,,,1,0,0,1
1114693591214800,1791140355.341531,341,tx,1077.8,137.6,320.7,,,1,0,0,1
1114693731317600,1791140355.481635,481,tx,1178.9,174.7,366.9,,,1,0,0,1
1114693874110000,1791140355.624429,624,tx,1225.2,158.3,394.8,,,1,0,0,1
1114694017240000,1791140355.767561,767,tx,1130.5,220.9,403.8,,,1,0,0,1
1114694160497900,1791140355.910800,910,tx,1284.0,134.8,330.1,,,1,0,0,1
1114694318572600,1791140356.068897,1068,tx,43983.3,161.2,265.7,,,1,0,0,1
1114694473950800,1791140356.224277,1224,tx,1077.8,108.7,208.6,,,1,0,0,1
1114694615991300,1791140356.366319,1366,tx,9183.6,106.5,300.6,,,1,0,0,1
1114694776627800,1791140356.526958,1526,tx,1130.8,109.8,220.4,,,1,0,0,1
1114694914975200,1791140356.665306,1665,tx,1303.2,157.3,353.7,,,1,0,0,1
1114695072845400,1791140356.823178,1823,tx,1130.9,147.8,372.0,,,1,0,0,1
1114695213615500,1791140356.963950,1963,tx,1297.8,327.5,481.0,,,1,0,0,1
1114695355330800,1791140357.105667,2105,tx,1085.6,167.1,332.2,,,1,0,0,1
1114695497601800,1791140357.247940,2247,tx,941.2,111.7,276.6,,,1,0,0,1
1114695637671400,1791140357.388011,2388,tx,1636.5,313.7,529.3,,,1,0,0,1
1114695822244300,1791140357.572585,2572,tx,10140.8,161.7,305.7,,,1,0,0,1
1114695968937200,1791140357.719280,2719,tx,2139.1,235.1,527.9,,,1,0,0,1
1114696110554400,1791140357.860899,2860,tx,1435.4,385.0,658.4,,,1,0,0,1
1114696252233300,1791140358.002580,3002,tx,27819.7,192.5,359.1,,,1,0,0,1
1114696393446400,1791140358.143795,3143,tx,1015.7,111.8,281.6,,,1,0,0,1
1114696535676600,1791140358.286026,3286,tx,1415.9,351.8,544.7,,,1,0,0,1
1114696677331400,1791140358.427682,3427,tx,1051.5,150.6,320.2,,,1,0,0,1
1114696817847000,1791140358.568200,3568,tx,9973.0,219.3,334.5,,,1,0,0,1
1114696963903000,1791140358.714257,3714,tx,1123.0,177.8,392.9,,,1,0,0,1
1114697105192900,1791140358.855548,3855,tx,1184.2,154.3,312.1,,,1,0,0,1
1114697247999100,1791140358.998355,3998,tx,66329.5,172.6,417.3,,,1,0,0,1
1114697441165500,1791140359.191525,4191,tx,1268.3,156.6,333.3,,,1,0,0,1
1114697594281200,1791140359.344643,4344,tx,1055.5,120.3,329.5,,,1,0,0,1
1114697735532100,1791140359.485895,4485,tx,1811.6,379.8,640.8,,,1,0,0,1
1114697877848500,1791140359.628213,4628,tx,1233.8,179.5,370.6,,,1,0,0,1
1114698021744000,1791140359.772110,4772,tx,1306.8,332.1,498.3,,,1,0,0,1
1114698162596600,1791140359.912964,4912,tx,1028.5,115.5,283.5,,,1,0,0,1
1114698320460200,1791140360.070830,5070,tx,18416.9,364.4,747.4,,,1,0,0,1
1114698462859200,1791140360.213230,5213,tx,1138.1,198.7,380.4,,,1,0,0,1
1114698605950200,1791140360.356323,5356,idle,1081.9,165.6,331.4,,,0,0,0,0
1114698749179600,1791140360.499554,5499,idle,219770.8,228.6,366.7,,,0,0,0,0
1114699139967100,1791140360.890346,5890,tx,9475.9,149.3,260.9,,,1,0,0,1
1114699312460200,1791140361.062838,6062,tx,26575.1,130.0,255.8,,,1,0,0,1
1114699455050600,1791140361.205433,6205,tx,1516.9,196.9,359.6,,,1,0,0,1
1114699597892100,1791140361.348276,6348,tx,1039.7,164.2,331.6,,,1,0,0,1
1114699740034700,1791140361.490420,6490,tx,1614.3,190.8,373.7,,,1,0,0,1
1114699881279000,1791140361.631666,6631,tx,1254.2,121.3,298.3,,,1,0,0,1
1114700022024500,1791140361.772413,6772,tx,1051.4,156.1,321.9,,,1,0,0,1
1114700162261300,1791140361.912651,6912,tx,1633.1,173.5,429.9,,,1,0,0,1
1114700318965800,1791140362.069358,7069,tx,1042.8,146.6,258.0,,,1,0,0,1
1114700458638200,1791140362.209032,7209,tx,1282.7,378.0,573.9,,,1,0,0,1
1114700598844100,1791140362.349239,7349,tx,1095.9,120.6,411.9,,,1,0,0,1
1114700754575400,1791140362.504972,7504,tx,57900.7,119.4,275.9,,,1,0,0,1
1114701041572400,1791140362.791973,7791,tx,10680.4,206.2,620.3,,,1,0,0,1
1114701193408400,1791140362.943810,7943,tx,19124.3,173.5,363.1,,,1,0,0,1
1114701335304600,1791140363.085708,8085,tx,1102.4,189.7,376.2,,,1,0,0,1
1114701475469100,1791140363.225874,8225,tx,1401.8,172.2,368.1,,,1,0,0,1
1114701616324500,1791140363.366731,8366,tx,9200.3,144.2,291.6,,,1,0,0,1
1114701820767800,1791140363.571177,8571,tx,1419.6,200.8,424.1,,,1,0,0,1
1114701966123700,1791140363.716535,8716,tx,1164.9,211.6,402.7,,,1,0,0,1
1114702108424400,1791140363.858837,8858,tx,1069.5,183.3,351.0,,,1,0,0,1
1114702251408300,1791140364.001822,9001,tx,65932.2,181.2,452.5,,,1,0,0,1
1114702416819200,1791140364.167236,9167,tx,4490.1,220.3,355.4,,,1,0,0,1
1114702565491200,1791140364.315909,9315,tx,1135.8,142.1,335.2,,,1,0,0,1
1114702706758400,1791140364.457178,9457,tx,15790.4,329.3,485.8,,,1,0,0,1
1114702848939800,1791140364.599361,9599,tx,9073.5,153.1,412.7,,,1,0,0,1
1114702991624900,1791140364.742046,9742,tx,1326.0,329.8,533.0,,,1,0,0,1
1114703133984700,1791140364.884409,9884,tx,1243.9,199.1,478.4,,,1,0,0,1
1114703321719800,1791140365.072142,10072,tx,1557.7,228.2,445.5,,,1,0,0,1
1114703464242500,1791140365.214669,10214,tx,1344.2,156.3,464.3,,,1,0,0,1
1114703606459000,1791140365.356888,10356,tx,1050.8,125.4,295.4,,,1,0,0,1
1114703747335700,1791140365.497766,10497,tx,1584.9,176.9,380.5,,,1,0,0,1
1114703889591600,1791140365.640024,10640,tx,1588.6,386.8,551.8,,,1,0,0,1
1114704033386300,1791140365.783820,10783,tx,1976.0,164.5,413.1,,,1,0,0,1
1114704176202100,1791140365.926638,10926,tx,1002.1,145.9,299.8,,,1,0,0,1
1114704317523200,1791140366.067960,11067,tx,1294.9,307.7,579.5,,,1,0,0,1
1114704459938600,1791140366.210378,11210,tx,9080.8,125.0,361.2,,,1,0,0,1
1114704601960000,1791140366.352354,11352,tx,1043.1,154.5,303.0,,,1,0,0,1
1114704744063700,1791140366.494506,11494,tx,1052.3,123.3,294.6,,,1,0,0,1
1114704884912500,1791140366.635356,11635,tx,2702.2,136.8,477.0,,,1,0,0,1
1114705028145400,1791140366.778591,11778,tx,1048.0,134.4,294.3,,,1,0,0,1
1114705168909400,1791140366.919357,11919,tx,1406.4,171.9,314.2,,,1,0,0,1
1114705322529900,1791140367.072979,12072,tx,1254.6,193.7,295.4,,,1,0,0,1
1114705469785500,1791140367.220236,12220,tx,1172.7,174.2,437.9,,,1,0,0,1
1114705625544600,1791140367.375997,12375,tx,1406.8,420.9,627.5,,,1,0,0,1
1114705790170000,1791140367.540624,12540,tx,1200.6,173.9,285.4,,,1,0,0,1
1114705940713400,1791140367.691169,12691,tx,1269.0,222.3,406.4,,,1,0,0,1
1114706082581600,1791140367.833039,12833,tx,5115.7,341.3,514.6,,,1,0,0,1
1114706224851700,1791140367.975311,12975,tx,2109.4,168.7,447.7,,,1,0,0,1
1114706367070700,1791140368.117531,13117,tx,1250.1,224.7,407.4,,,1,0,0,1
1114706509776900,1791140368.260239,13260,tx,1781.6,201.5,403.5,,,1,0,0,1
1114706650999000,1791140368.401463,13401,tx,1124.5,189.6,416.8,,,1,0,0,1
1114706819814500,1791140368.570280,13570,tx,2126.3,240.2,376.3,,,1,0,0,1
1114706967661300,1791140368.718129,13718,tx,1359.7,330.5,507.6,,,1,0,0,1
1114707110057000,1791140368.860525,13860,tx,1432.9,207.4,481.8,,,1,0,0,1
1114707252742400,1791140369.003211,14003,tx,32477.7,145.4,377.9,,,1,0,0,1
1114707393942600,1791140369.144415,14144,tx,1074.1,206.8,359.5,,,1,0,0,1
1114707534762700,1791140369.285237,14285,tx,1193.2,255.5,447.6,,,1,0,0,1
1114707677519600,1791140369.427995,14427,tx,1368.8,395.4,565.7,,,1,0,0,1
1114707846733300,1791140369.597211,14597,tx,47065.2,287.3,413.4,,,1,0,0,1
1114708001640400,1791140369.752119,14752,tx,1578.9,417.5,541.8,,,1,0,0,1
1114708148296700,1791140369.898777,14898,tx,1683.3,171.5,347.1,,,1,0,0,1
1114708315365600,1791140370.065848,65,tx,1229.3,154.1,303.9,,,1,0,0,1
1114708462619000,1791140370.213103,213,tx,1361.8,401.9,545.6,,,1,0,0,1
1114708605435500,1791140370.355922,355,tx,1201.9,124.9,283.3,,,1,0,0,1
1114708747583400,1791140370.498071,498,tx,1295.4,309.4,506.9,,,1,0,0,1
1114708905716500,1791140370.656206,656,tx,8001.0,273.9,448.0,,,1,0,0,1
1114709047851600,1791140370.798342,798,tx,9736.8,156.8,320.7,,,1,0,0,1
1114709189600600,1791140370.940093,940,tx,1426.7,381.2,590.3,,,1,0,0,1
1114709331725300,1791140371.082219,1082,tx,1156.2,203.6,432.0,,,1,0,0,1
1114709472211400,1791140371.222707,1222,tx,1037.6,146.7,323.2,,,1,0,0,1
1114709611838300,1791140371.362333,1362,tx,1110.6,177.0,350.3,,,1,0,0,1
1114709753398700,1791140371.503898,1503,tx,58885.1,922.9,1411.2,,,1,0,0,1
1114709941699900,1791140371.692201,1692,tx,1435.7,360.4,523.9,,,1,0,0,1
1114710082983900,1791140371.833486,1833,tx,2545.7,111.8,262.3,,,1,0,0,1
1114710224506200,1791140371.975010,1975,tx,1622.0,378.9,603.3,,,1,0,0,1
1114710365527300,1791140372.116033,2116,tx,6119.1,157.8,318.1,,,1,0,0,1
1114710505424500,1791140372.255931,2255,tx,1136.1,127.0,324.9,,,1,0,0,1
1114710648931600,1791140372.399441,2399,tx,1097.2,199.8,396.4,,,1,0,0,1
1114710819477700,1791140372.569988,2569,tx,1748.1,159.7,356.2,,,1,0,0,1
1114710963350500,1791140372.713863,2713,tx,1296.1,191.3,405.4,,,1,0,0,1
1114711104457100,1791140372.854971,2854,tx,1398.0,201.2,462.1,,,1,0,0,1
1114711244932400,1791140372.995448,2995,tx,998.1,160.9,307.2,,,1,0,0,1
1114711385127600,1791140373.135645,3135,tx,1053.7,161.3,315.9,,,1,0,0,1
1114711525102900,1791140373.275621,3275,tx,2208.6,262.9,468.2,,,1,0,0,1
1114711668715200,1791140373.419235,3419,tx,1372.0,179.9,472.6,,,1,0,0,1
1114711810109000,1791140373.560630,3560,tx,1394.6,196.9,362.6,,,1,0,0,1
1114711965463600,1791140373.715988,3715,tx,1076.9,166.1,344.4,,,1,0,0,1
1114712105803400,1791140373.856329,3856,tx,1191.7,196.5,401.8,,,1,0,0,1
1114712246172700,1791140373.996700,3996,tx,1843.4,178.6,367.0,,,1,0,0,1
1114712388283000,1791140374.138811,4138,tx,1576.7,193.0,335.5,,,1,0,0,1
1114712527971700,1791140374.278502,4278,tx,1279.3,215.6,439.3,,,1,0,0,1
1114712667212000,1791140374.417744,4417,tx,3736.2,211.8,408.8,,,1,0,0,1
1114712816293400,1791140374.566826,4566,tx,1447.6,248.3,469.1,,,1,0,0,1
1114712965808000,1791140374.716342,4716,tx,1242.4,186.3,419.0,,,1,0,0,1
1114713105499000,1791140374.856036,4856,tx,9014.5,194.1,370.5,,,1,0,0,1
1114713246886900,1791140374.997425,4997,tx,1228.3,162.5,315.6,,,1,0,0,1
1114713386920100,1791140375.137460,5137,tx,5614.2,178.3,372.5,,,1,0,0,1
1114713528676600,1791140375.279218,5279,tx,1307.3,397.5,574.4,,,1,0,0,1
1114713670952200,1791140375.421495,5421,tx,1293.0,181.8,345.1,,,1,0,0,1
1114713814941400,1791140375.565487,5565,tx,1255.2,127.1,262.0,,,1,0,0,1
1114713952306800,1791140375.702853,5702,tx,1080.9,204.9,373.2,,,1,0,0,1
1114714092219900,1791140375.842767,5842,tx,1826.6,249.8,536.0,,,1,0,0,1
1114714232331800,1791140375.982882,5982,tx,1127.0,200.3,375.8,,,1,0,0,1
1114714374862500,1791140376.125413,6125,tx,1076.5,188.9,342.6,,,1,0,0,1
1114714516380600,1791140376.266933,6266,tx,10123.6,213.1,408.6,,,1,0,0,1
1114714656430500,1791140376.406985,6406,tx,10694.2,192.1,341.3,,,1,0,0,1
1114714796064800,1791140376.546621,6546,tx,1338.2,268.2,474.7,,,1,0,0,1
1114714935583800,1791140376.686141,6686,tx,1462.9,350.8,628.7,,,1,0,0,1
1114715079436500,1791140376.829996,6829,tx,7555.5,207.2,345.1,,,1,0,0,1
1114715217650300,1791140376.968210,6968,tx,1404.3,364.1,578.2,,,1,0,0,1
1114715374005100,1791140377.124568,7124,tx,1168.6,205.0,405.1,,,1,0,0,1
1114715516138300,1791140377.266703,7266,tx,1231.5,209.3,448.6,,,1,0,0,1
1114715656850600,1791140377.407416,7407,tx,1710.4,198.7,412.1,,,1,0,0,1
1114715810890200,1791140377.561458,7561,tx,1264.7,156.4,315.5,,,1,0,0,1
1114715953811400,1791140377.704381,7704,tx,1247.3,222.8,373.9,,,1,0,0,1
1114716092026700,1791140377.842597,7842,tx,3190.6,162.9,433.5,,,1,0,0,1
1114716232521300,1791140377.983093,7983,tx,937.5,130.6,276.9,,,1,0,0,1
1114716373630600,1791140378.124204,8124,tx,1305.2,373.1,519.3,,,1,0,0,1
1114716514294900,1791140378.264870,8264,tx,1006.0,116.1,287.7,,,1,0,0,1
1114716656529900,1791140378.407107,8407,tx,1255.5,310.0,551.1,,,1,0,0,1
1114716817580200,1791140378.568159,8568,tx,12676.9,124.2,250.4,,,1,0,0,1
1114716956454200,1791140378.707035,8707,tx,6091.5,164.1,352.9,,,1,0,0,1
1114717096793600,1791140378.847375,8847,tx,1572.8,194.4,728.2,,,1,0,0,1
1114717239074400,1791140378.989658,8989,tx,1157.2,170.6,334.0,,,1,0,0,1
1114717380857200,1791140379.131442,9131,tx,1258.3,159.7,377.2,,,1,0,0,1
1114717521050800,1791140379.271637,9271,tx,1289.0,196.3,387.1,,,1,0,0,1
1114717663823300,1791140379.414412,9414,tx,1096.1,153.8,331.2,,,1,0,0,1
1114717805491500,1791140379.556081,9556,tx,10319.8,194.3,349.1,,,1,0,0,1
1114717947129900,1791140379.697721,9697,tx,984.1,114.8,274.3,,,1,0,0,1
1114718088378400,1791140379.838971,9838,tx,1232.4,168.3,424.5,,,1,0,0,1
1114718230113300,1791140379.980708,9980,tx,1841.2,166.1,414.3,,,1,0,0,1
1114718375261000,1791140380.125857,10125,tx,9596.0,144.3,250.0,,,1,0,0,1
1114718513110800,1791140380.263708,10263,tx,1123.5,120.2,290.4,,,1,0,0,1
1114718653927000,1791140380.404526,10404,tx,1283.8,198.6,400.5,,,1,0,0,1
1114718816365200,1791140380.566967,10566,tx,1148.6,116.8,230.2,,,1,0,0,1
1114718969212100,1791140380.719814,10719,tx,1131.9,188.4,408.7,,,1,0,0,1
1114719110977800,1791140380.861582,10861,tx,13213.4,144.1,299.1,,,1,0,0,1
1114719276455800,1791140381.027062,11027,tx,1160.4,176.5,291.0,,,1,0,0,1
1114719423309500,1791140381.173918,11173,tx,1264.5,185.3,384.8,,,1,0,0,1
1114719564577600,1791140381.315185,11315,tx,1372.5,348.6,579.4,,,1,0,0,1
1114719707268200,1791140381.457879,11457,tx,1157.2,154.3,334.7,,,1,0,0,1
1114719848544400,1791140381.599157,11599,tx,1662.1,349.6,638.9,,,1,0,0,1
1114720005793500,1791140381.756408,11756,tx,1168.3,223.5,368.9,,,1,0,0,1
1114720146671300,1791140381.897287,11897,tx,1170.1,292.7,453.0,,,1,0,0,1
1114720323854900,1791140382.074471,12074,tx,20221.0,279.1,414.9,,,1,0,0,1
1114720470323100,1791140382.220943,12220,tx,1199.2,137.6,254.7,,,1,0,0,1
1114720616374000,1791140382.366996,12366,tx,5322.7,279.3,497.3,,,1,0,0,1
1114720758718000,1791140382.509341,12509,tx,26433.2,295.8,449.5,,,1,0,0,1
1114720917678600,1791140382.668304,12668,tx,2113.8,349.9,540.1,,,1,0,0,1
1114721059158000,1791140382.809784,12809,tx,1094.5,165.3,391.5,,,1,0,0,1
1114721216632600,1791140382.967261,12967,tx,1259.7,380.8,547.3,,,1,0,0,1
1114721360952400,1791140383.111581,13111,tx,1388.8,171.6,340.5,,,1,0,0,1
1114721502221900,1791140383.252854,13252,tx,2552.8,157.6,454.6,,,1,0,0,1
1114721642857500,1791140383.393491,13393,tx,1045.2,141.8,313.9,,,1,0,0,1
1114721813051100,1791140383.563686,13563,tx,1263.1,209.4,347.9,,,1,0,0,1
1114721958101900,1791140383.708739,13708,tx,9961.0,141.3,292.4,,,1,0,0,1
1114722100942600,1791140383.851581,13851,tx,1734.6,158.1,538.0,,,1,0,0,1
1114722242765100,1791140383.993405,13993,tx,1449.1,175.4,353.8,,,1,0,0,1
1114722386443800,1791140384.137085,14137,tx,1546.8,352.3,633.1,,,1,0,0,1
1114722527678400,1791140384.278322,14278,tx,1278.1,257.9,428.5,,,1,0,0,1
1114722667035900,1791140384.417681,14417,tx,1370.4,134.9,345.9,,,1,0,0,1
1114722821465400,1791140384.572111,14572,tx,1973.1,127.8,260.5,,,1,0,0,1
1114722967791600,1791140384.718439,14718,tx,1662.0,183.8,391.6,,,1,0,0,1
1114723109616500,1791140384.860266,14860,tx,1145.1,110.2,227.3,,,1,0,0,1
1114723250818800,1791140385.001470,1,tx,59620.5,125.2,305.8,,,1,0,0,1
1114723415638300,1791140385.166292,166,tx,1406.1,365.0,519.5,,,1,0,0,1
1114723564364100,1791140385.315019,315,tx,1418.1,188.0,364.4,,,1,0,0,1
1114723714360300,1791140385.465017,465,tx,1264.3,163.4,339.4,,,1,0,0,1
1114723852428400,1791140385.603086,603,tx,1061.0,132.7,363.2,,,1,0,0,1
1114723994775500,1791140385.745435,745,tx,1148.7,174.0,424.0,,,1,0,0,1
1114724134818000,1791140385.885479,885,tx,1217.5,204.9,365.9,,,1,0,0,1
1114724317992700,1791140386.068656,1068,tx,5692.2,186.8,328.1,,,1,0,0,1
1114724458142900,1791140386.208808,1208,tx,1304.4,158.6,341.4,,,1,0,0,1
1114724600610400,1791140386.351277,1351,tx,2059.7,340.7,608.5,,,1,0,0,1
1114724742020700,1791140386.492689,1492,tx,1224.0,203.7,365.0,,,1,0,0,1
1114724883473500,1791140386.634143,1634,tx,1128.8,144.3,342.2,,,1,0,0,1
1114725026332800,1791140386.777004,1777,tx,13707.2,124.9,276.0,,,1,0,0,1
1114725168747900,1791140386.919420,1919,tx,1505.3,187.4,438.7,,,1,0,0,1
1114725310965500,1791140387.061640,2061,tx,1324.5,121.0,338.2,,,1,0,0,1
1114725452281500,1791140387.202957,2202,tx,1065.0,145.9,318.6,,,1,0,0,1
1114725592100000,1791140387.342777,2342,tx,1018.0,111.3,290.1,,,1,0,0,1
1114725732030200,1791140387.482709,2482,tx,1038.4,136.1,301.0,,,1,0,0,1
1114725874793300,1791140387.625474,2625,tx,1322.9,213.5,359.1,,,1,0,0,1
1114726016548300,1791140387.767231,2767,tx,1427.2,355.9,526.9,,,1,0,0,1
1114726158269000,1791140387.908952,2908,tx,1026.0,112.3,266.8,,,1,0,0,1
1114726310457100,1791140388.061143,3061,tx,1455.4,241.0,359.3,,,1,0,0,1
1114726454843600,1791140388.205531,3205,tx,1124.2,138.4,309.7,,,1,0,0,1
1114726597421400,1791140388.348111,3348,tx,1145.1,124.3,310.3,,,1,0,0,1
1114726740742200,1791140388.491433,3491,tx,1308.2,241.2,459.0,,,1,0,0,1
1114726882504500,1791140388.633197,3633,tx,6227.7,205.6,361.7,,,1,0,0,1
1114727038206000,1791140388.788900,3788,tx,986.8,109.0,308.2,,,1,0,0,1
1114727181007700,1791140388.931703,3931,tx,1316.5,123.2,398.9,,,1,0,0,1
1114727336197500,1791140389.086895,4086,tx,16296.1,159.6,417.5,,,1,0,0,1
1114727473278000,1791140389.223977,4223,tx,1836.3,199.8,431.2,,,1,0,0,1
1114727622715600,1791140389.373416,4373,tx,1298.8,250.5,526.2,,,1,0,0,1
1114727819915300,1791140389.570618,4570,tx,2003.6,206.2,337.0,,,1,0,0,1
1114727960084200,1791140389.710789,4710,tx,5940.5,174.7,289.4,,,1,0,0,1
1114728110604400,1791140389.861310,4861,tx,1253.8,340.6,516.6,,,1,0,0,1
1114728253498700,1791140390.004207,5004,tx,30782.6,129.5,290.3,,,1,0,0,1
1114728396304400,1791140390.147014,5147,tx,1112.8,154.8,365.4,,,1,0,0,1
1114728538150600,1791140390.288859,5288,tx,1417.1,144.5,412.1,,,1,0,0,1
1114728680935400,1791140390.431648,5431,tx,1492.7,172.8,349.7,,,1,0,0,1
1114728819075400,1791140390.569789,5569,tx,11337.7,131.0,360.6,,,1,0,0,1
1114728963465300,1791140390.714181,5714,tx,6097.7,161.0,324.0,,,1,0,0,1
1114729105270300,1791140390.855988,5855,tx,1678.5,153.2,478.0,,,1,0,0,1
1114729247008200,1791140390.997727,5997,tx,1072.0,191.3,364.6,,,1,0,0,1
1114729388854900,1791140391.139575,6139,tx,1314.9,131.3,420.3,,,1,0,0,1
1114729530038900,1791140391.280761,6280,tx,1044.0,168.5,326.9,,,1,0,0,1
1114729672913500,1791140391.423637,6423,tx,1279.9,170.6,356.5,,,1,0,0,1
1114729813138200,1791140391.563864,6563,tx,8138.6,182.7,407.2,,,1,0,0,1
1114729955575000,1791140391.706302,6706,tx,1324.4,383.5,573.4,,,1,0,0,1
1114730098075200,1791140391.848804,6848,tx,1081.0,153.4,313.8,,,1,0,0,1
1114730239093800,1791140391.989825,6989,tx,1359.4,237.8,440.4,,,1,0,0,1
1114730380951000,1791140392.131683,7131,tx,9299.0,162.9,423.4,,,1,0,0,1
1114730523060600,1791140392.273794,7273,tx,2670.4,1353.6,1565.2,,,1,0,0,1
1114730662305300,1791140392.413040,7413,tx,1154.1,168.4,360.3,,,1,0,0,1
1114730810221800,1791140392.560959,7560,tx,1511.5,167.1,285.7,,,1,0,0,1
1114730961610600,1791140392.712348,7712,tx,1273.8,332.4,523.9,,,1,0,0,1
1114731103917200,1791140392.854656,7854,tx,1210.9,176.0,315.5,,,1,0,0,1
1114731246127300,1791140392.996869,7996,tx,1013.2,163.2,325.6,,,1,0,0,1
1114731387890300,1791140393.138633,8138,tx,1394.8,149.1,305.7,,,1,0,0,1
1114731529578100,1791140393.280323,8280,tx,5716.7,331.5,489.8,,,1,0,0,1
1114731671303100,1791140393.422049,8422,tx,1248.0,173.5,356.5,,,1,0,0,1
1114731822195200,1791140393.572943,8572,tx,1282.2,153.7,316.7,,,1,0,0,1
1114731967645100,1791140393.718395,8718,tx,1799.5,367.0,554.5,,,1,0,0,1
1114732109463600,1791140393.860215,8860,tx,2428.1,336.2,604.2,,,1,0,0,1
1114732253325900,1791140394.004079,9004,tx,59928.5,205.0,495.3,,,1,0,0,1
1114732443037300,1791140394.193793,9193,tx,1734.1,194.9,338.3,,,1,0,0,1
1114732583949800,1791140394.334707,9334,tx,1092.3,136.1,369.8,,,1,0,0,1
1114732724637700,1791140394.475396,9475,tx,7530.3,361.9,534.3,,,1,0,0,1
1114732866502900,1791140394.617263,9617,tx,1095.4,175.6,358.8,,,1,0,0,1
1114733007331800,1791140394.758093,9758,tx,4760.7,183.8,358.9,,,1,0,0,1
1114733148646400,1791140394.899409,9899,tx,1391.3,375.8,554.2,,,1,0,0,1
1114733322515700,1791140395.073280,10073,tx,1229.6,185.6,301.8,,,1,0,0,1
1114733464562100,1791140395.215327,10215,tx,1289.0,374.2,589.7,,,1,0,0,1
1114733606834400,1791140395.357603,10357,tx,1368.6,117.0,305.1,,,1,0,0,1
1114733749662600,1791140395.500432,10500,tx,1894.4,429.2,579.9,,,1,0,0,1
1114733892417600,1791140395.643189,10643,tx,1233.5,158.1,330.8,,,1,0,0,1
1114734034635300,1791140395.785408,10785,tx,1309.4,385.6,566.8,,,1,0,0,1
1114734177867200,1791140395.928642,10928,tx,15778.6,193.7,399.9,,,1,0,0,1
1114734324496000,1791140396.075273,11075,tx,12696.4,122.7,232.0,,,1,0,0,1
1114734475475200,1791140396.226253,11226,tx,1168.0,206.8,369.8,,,1,0,0,1
1114734616222400,1791140396.367002,11367,tx,1146.7,189.5,372.3,,,1,0,0,1
1114734759483500,1791140396.510265,11510,tx,58668.8,400.8,584.8,,,1,0,0,1
1114734944420100,1791140396.695128,11695,tx,1427.7,147.2,363.5,,,1,0,0,1
1114735092759600,1791140396.843544,11843,tx,1145.9,194.4,374.7,,,1,0,0,1
1114735231544900,1791140396.982331,11982,tx,5917.0,316.4,615.4,,,1,0,0,1
1114735370795600,1791140397.121584,12121,tx,1282.4,143.7,311.9,,,1,0,0,1
1114735512296400,1791140397.263086,12263,tx,1317.4,116.7,335.1,,,1,0,0,1
1114735652512600,1791140397.403304,12403,tx,1809.4,212.9,644.0,,,1,0,0,1
1114735795362300,1791140397.546154,12546,tx,1445.7,172.1,345.2,,,1,0,0,1
1114735936572100,1791140397.687366,12687,tx,1205.8,343.8,497.9,,,1,0,0,1
1114736077747900,1791140397.828544,12828,tx,1625.9,301.3,449.5,,,1,0,0,1
1114736219562100,1791140397.970360,12970,tx,1410.3,324.9,623.9,,,1,0,0,1
1114736362807600,1791140398.113607,13113,tx,1018.8,141.2,298.4,,,1,0,0,1
1114736503603200,1791140398.254404,13254,tx,11451.7,394.4,545.5,,,1,0,0,1
1114736645289600,1791140398.396092,13396,tx,1421.9,167.5,331.5,,,1,0,0,1
1114736809642700,1791140398.560447,13560,tx,1540.1,300.7,540.4,,,1,0,0,1
1114736959854700,1791140398.710661,13710,tx,5326.4,171.9,361.7,,,1,0,0,1
1114737101032000,1791140398.851840,13851,tx,1393.1,148.8,506.9,,,1,0,0,1
1114737243878400,1791140398.994688,13994,tx,1302.7,165.8,407.4,,,1,0,0,1
1114737386650800,1791140399.137461,14137,tx,10552.8,339.1,500.9,,,1,0,0,1
1114737528347800,1791140399.279160,14279,tx,1180.1,183.0,343.4,,,1,0,0,1
1114737670609800,1791140399.421424,14421,tx,1522.9,363.0,530.8,,,1,0,0,1
1114737824679800,1791140399.575495,14575,tx,8866.0,252.1,462.8,,,1,0,0,1
1114737968575700,1791140399.719393,14719,tx,1471.8,348.8,531.7,,,1,0,0,1
1114738108687800,1791140399.859508,14859,tx,1289.1,275.1,445.6,,,1,0,0,1
1114738250827800,1791140400.001649,1,tx,58781.7,141.7,313.2,,,1,0,0,1
1114738412717700,1791140400.163540,163,tx,1199.3,310.3,434.0,,,1,0,0,1
1114738556768100,1791140400.307592,307,tx,1134.5,209.0,361.9,,,1,0,0,1
1114738700699900,1791140400.451525,451,tx,1288.3,257.7,433.2,,,1,0,0,1
1114738847316000,1791140400.598144,598,tx,6310.3,153.8,381.2,,,1,0,0,1
1114738991845000,1791140400.742674,742,tx,1273.6,118.6,308.3,,,1,0,0,1
1114739134682000,1791140400.885513,885,tx,8714.3,257.8,432.3,,,1,0,0,1
1114739319799600,1791140401.070632,1070,tx,1393.7,211.7,352.6,,,1,0,0,1
1114739467594900,1791140401.218429,1218,tx,5344.9,329.0,489.9,,,1,0,0,1
1114739610876600,1791140401.361713,1361,tx,1336.1,169.1,345.4,,,1,0,0,1
1114739752394000,1791140401.503232,1503,tx,59533.3,133.1,332.5,,,1,0,0,1
1114739911382800,1791140401.662223,1662,tx,2206.9,134.7,252.3,,,1,0,0,1
1114740052645600,1791140401.803486,1803,tx,1406.7,292.6,489.3,,,1,0,0,1
1114740194997500,1791140401.945840,1945,tx,1404.5,205.6,461.9,,,1,0,0,1
1114740335830300,1791140402.086675,2086,tx,44769.4,133.4,320.5,,,1,0,0,1
1114740504211900,1791140402.255058,2255,tx,2036.4,198.3,356.8,,,1,0,0,1
1114740650946600,1791140402.401794,2401,tx,1439.6,153.4,480.7,,,1,0,0,1
1114740822868500,1791140402.573713,2573,tx,2355.2,235.1,504.0,,,1,0,0,1
1114740965240500,1791140402.716092,2716,tx,1245.1,220.6,414.8,,,1,0,0,1
1114741124112900,1791140402.874966,2874,tx,1101.5,145.9,311.0,,,1,0,0,1
1114741325237300,1791140403.076093,3076,tx,7916.6,178.0,366.5,,,1,0,0,1
1114741471855800,1791140403.222713,3222,tx,1148.8,180.2,352.7,,,1,0,0,1
1114741614566100,1791140403.365425,3365,tx,1352.0,387.4,570.8,,,1,0,0,1
1114741758294100,1791140403.509155,3509,tx,21381.5,125.7,353.4,,,1,0,0,1
1114741899522800,1791140403.650385,3650,tx,1195.3,118.2,307.6,,,1,0,0,1
1114742042972300,1791140403.793836,3793,tx,1062.4,118.3,271.7,,,1,0,0,1
1114742186304300,1791140403.937169,3937,tx,1594.1,160.7,457.2,,,1,0,0,1
1114742332289500,1791140404.083157,4083,tx,14956.4,153.9,278.0,,,1,0,0,1
1114742471443100,1791140404.222312,4222,tx,17230.5,315.6,753.3,,,1,0,0,1
1114742611359600,1791140404.362230,4362,tx,6130.5,231.4,421.2,,,1,0,0,1
1114742752710400,1791140404.503582,4503,tx,58605.4,174.7,493.3,,,1,0,0,1
1114742910415500,1791140404.661289,4661,tx,1389.6,132.1,250.2,,,1,0,0,1
1114743052216600,1791140404.803091,4803,tx,1775.7,133.3,340.1,,,1,0,0,1
1114743193287200,1791140404.944164,4944,tx,1155.7,211.8,394.9,,,1,0,0,1
1114743336137500,1791140405.087015,5087,tx,2336.6,118.9,312.5,,,1,0,0,1
1114743477860100,1791140405.228740,5228,tx,1219.6,146.7,331.9,,,1,0,0,1
1114743621774200,1791140405.372655,5372,tx,9787.8,172.8,394.3,,,1,0,0,1
1114743817148700,1791140405.568033,5568,tx,33711.9,142.0,261.6,,,1,0,0,1
1114743977216600,1791140405.728102,5728,tx,12954.4,123.3,255.8,,,1,0,0,1
1114744122910900,1791140405.873798,5873,tx,1647.0,141.8,348.7,,,1,0,0,1
1114744264252500,1791140406.015140,6015,tx,63429.3,141.8,362.3,,,1,0,0,1
1114744440371900,1791140406.191262,6191,tx,2031.0,221.0,345.5,,,1,0,0,1
1114744592093900,1791140406.342986,6342,tx,1296.9,118.5,341.7,,,1,0,0,1
1114744731989700,1791140406.482883,6482,tx,1067.5,113.9,346.4,,,1,0,0,1
1114744889374300,1791140406.640269,6640,tx,1453.1,178.1,389.2,,,1,0,0,1
1114745032244800,1791140406.783137,6783,tx,9321.8,125.8,357.8,,,1,0,0,1
1114745172982000,1791140406.923881,6923,tx,1499.5,250.1,444.9,,,1,0,0,1
1114745312783300,1791140407.063684,7063,tx,1293.1,245.2,392.5,,,1,0,0,1
1114745455125100,1791140407.206028,7206,tx,1590.2,121.6,298.5,,,1,0,0,1
1114745596357700,1791140407.347261,7347,tx,3831.7,229.0,365.4,,,1,0,0,1
1114745738079400,1791140407.488984,7488,tx,1233.0,157.5,323.9,,,1,0,0,1
1114745880442900,1791140407.631350,7631,tx,2034.5,343.1,609.0,,,1,0,0,1
1114746022388000,1791140407.773296,7773,tx,9704.7,167.3,374.9,,,1,0,0,1
1114746165286000,1791140407.916196,7916,tx,1157.9,163.3,329.0,,,1,0,0,1
1114746306440800,1791140408.057353,8057,tx,6518.7,188.2,369.2,,,1,0,0,1
1114746446727700,1791140408.197641,8197,tx,1179.3,249.9,425.3,,,1,0,0,1
1114746588537500,1791140408.339453,8339,tx,1368.0,163.4,360.0,,,1,0,0,1
1114746730920000,1791140408.481837,8481,tx,1107.7,138.1,297.4,,,1,0,0,1
1114746872773700,1791140408.623692,8623,tx,1920.3,197.0,378.9,,,1,0,0,1
1114747015686900,1791140408.766607,8766,tx,2076.5,214.1,400.9,,,1,0,0,1
1114747155911800,1791140408.906833,8906,tx,1499.8,140.3,596.3,,,1,0,0,1
1114747322476500,1791140409.073400,9073,tx,1914.9,122.7,243.2,,,1,0,0,1
1114747469668800,1791140409.220594,9220,tx,1212.1,196.9,507.0,,,1,0,0,1
1114747610844900,1791140409.361772,9361,tx,1247.5,182.0,359.0,,,1,0,0,1
1114747752044100,1791140409.502972,9502,tx,33248.3,210.8,478.6,,,1,0,0,1
1114747894821900,1791140409.645752,9645,tx,4018.4,175.1,363.7,,,1,0,0,1
1114748035754600,1791140409.786686,9786,tx,1196.4,132.6,359.6,,,1,0,0,1
1114748177597100,1791140409.928530,9928,tx,1378.1,363.3,563.8,,,1,0,0,1
1114748340530200,1791140410.091465,10091,tx,30049.9,160.6,272.6,,,1,0,0,1
1114748494122800,1791140410.245059,10245,tx,1142.8,218.6,441.0,,,1,0,0,1
1114748634388400,1791140410.385327,10385,tx,1393.0,147.8,317.5,,,1,0,0,1
1114748818326400,1791140410.569266,10569,tx,1427.9,143.3,356.9,,,1,0,0,1
1114748964068600,1791140410.715011,10715,tx,1080.5,130.1,339.8,,,1,0,0,1
1114749105790800,1791140410.856734,10856,tx,1136.9,123.1,290.5,,,1,0,0,1
1114749246582300,1791140410.997528,10997,tx,1534.7,329.8,572.1,,,1,0,0,1
1114749388776200,1791140411.139723,11139,tx,1114.6,214.2,412.2,,,1,0,0,1
1114749532059600,1791140411.283007,11283,tx,1576.8,153.1,347.0,,,1,0,0,1
1114749674195600,1791140411.425145,11425,tx,1068.5,132.5,328.1,,,1,0,0,1
1114749816463800,1791140411.567415,11567,tx,1465.4,214.3,366.1,,,1,0,0,1
1114749956439600,1791140411.707393,11707,tx,10281.4,211.3,393.6,,,1,0,0,1
1114750104519900,1791140411.855475,11855,tx,2100.6,123.4,256.7,,,1,0,0,1
1114750253659700,1791140412.004616,12004,tx,58992.7,332.5,566.4,,,1,0,0,1
1114750440307000,1791140412.191265,12191,tx,2028.9,130.8,273.2,,,1,0,0,1
1114750583957300,1791140412.334917,12334,tx,956.2,123.8,277.1,,,1,0,0,1
1114750723905400,1791140412.474867,12474,tx,14414.1,127.4,349.4,,,1,0,0,1
1114750864192100,1791140412.615155,12615,tx,1129.0,159.1,341.4,,,1,0,0,1
1114751006879800,1791140412.757845,12757,tx,1055.5,124.6,366.5,,,1,0,0,1
1114751149705900,1791140412.900673,12900,tx,1297.3,313.9,482.2,,,1,0,0,1
1114751319163800,1791140413.070132,13070,tx,1349.2,124.8,377.4,,,1,0,0,1
1114751462836800,1791140413.213807,13213,tx,1301.3,150.6,413.2,,,1,0,0,1
1114751606161000,1791140413.357132,13357,tx,5883.2,122.2,290.3,,,1,0,0,1
1114751747447800,1791140413.498421,13498,tx,1296.2,163.1,356.5,,,1,0,0,1
1114751889129800,1791140413.640105,13640,tx,1115.4,167.2,372.0,,,1,0,0,1
1114752032000100,1791140413.782976,13782,tx,10851.2,142.0,333.4,,,1,0,0,1
1114752174046600,1791140413.925024,13925,tx,1732.5,200.2,462.7,,,1,0,0,1
1114752316503400,1791140414.067483,14067,tx,1200.1,145.8,327.0,,,1,0,0,1
1114752457891300,1791140414.208873,14208,tx,1050.7,130.3,303.7,,,1,0,0,1
1114752599762600,1791140414.350745,14350,tx,1166.4,157.2,395.7,,,1,0,0,1
1114752743188200,1791140414.494173,14494,tx,1052.2,111.5,299.7,,,1,0,0,1
1114752885007300,1791140414.635994,14635,tx,1009.6,104.9,280.8,,,1,0,0,1
1114753025870000,1791140414.776858,14776,tx,1017.8,150.3,291.9,,,1,0,0,1
1114753169810000,1791140414.920799,14920,tx,1331.0,174.1,400.4,,,1,0,0,1
1114753315444400,1791140415.066435,66,tx,2616.7,117.7,288.9,,,1,0,0,1
1114753464878900,1791140415.215871,215,tx,9849.8,240.2,524.4,,,1,0,0,1
1114753607853000,1791140415.358847,358,tx,6723.9,133.7,320.1,,,1,0,0,1
1114753752827100,1791140415.503823,503,tx,42082.2,128.3,291.2,,,1,0,0,1
1114753896965500,1791140415.647963,647,tx,9802.8,116.1,263.5,,,1,0,0,1
1114754042574700,1791140415.793574,793,tx,1626.7,410.1,619.7,,,1,0,0,1
1114754185335000,1791140415.936336,936,tx,1143.3,134.6,316.9,,,1,0,0,1
1114754327753600,1791140416.078756,1078,tx,16752.2,133.9,315.8,,,1,0,0,1
1114754476445200,1791140416.227449,1227,tx,1171.6,145.8,323.7,,,1,0,0,1
1114754618775000,1791140416.369781,1369,tx,1023.2,152.0,316.4,,,1,0,0,1
1114754760940900,1791140416.511948,1511,tx,57625.6,130.8,312.3,,,1,0,0,1
1114754919803200,1791140416.670812,1670,tx,2139.4,230.4,380.9,,,1,0,0,1
1114755061578900,1791140416.812590,1812,tx,1303.3,329.6,584.8,,,1,0,0,1
1114755203407800,1791140416.954420,1954,tx,1066.8,162.1,311.2,,,1,0,0,1
1114755346152000,1791140417.097166,2097,tx,6834.9,183.8,349.3,,,1,0,0,1
1114755486897600,1791140417.237913,2237,tx,1165.9,167.1,373.2,,,1,0,0,1
1114755628852700,1791140417.379869,2379,tx,1198.1,208.9,405.6,,,1,0,0,1
1114755814750200,1791140417.565769,2565,tx,2122.5,209.6,361.4,,,1,0,0,1
1114755961982300,1791140417.713002,2713,tx,1192.8,166.5,330.1,,,1,0,0,1
1114756102299800,1791140417.853322,2853,tx,1552.3,139.8,440.0,,,1,0,0,1
1114756243246100,1791140417.994271,2994,tx,1225.2,177.1,429.2,,,1,0,0,1
1114756384513000,1791140418.135538,3135,tx,1532.8,110.3,305.9,,,1,0,0,1
1114756526268300,1791140418.277296,3277,tx,7626.8,143.4,316.8,,,1,0,0,1
1114756663687200,1791140418.414716,3414,tx,1392.1,327.0,458.0,,,1,0,0,1
1114756810695900,1791140418.561727,3561,tx,1513.6,184.7,391.4,,,1,0,0,1
1114756952477300,1791140418.703510,3703,tx,1043.7,127.5,299.4,,,1,0,0,1
1114757092546700,1791140418.843580,3843,tx,1170.7,123.7,291.2,,,1,0,0,1
1114757248384900,1791140418.999420,3999,tx,6903.9,133.5,328.2,,,1,0,0,1
1114757406225300,1791140419.157263,4157,tx,3193.9,150.8,311.7,,,1,0,0,1
1114757543671300,1791140419.294710,4294,tx,1656.2,254.4,415.7,,,1,0,0,1
1114757690424700,1791140419.441465,4441,tx,1012.6,126.8,268.7,,,1,0,0,1
1114757831176100,1791140419.582213,4582,tx,10175.8,211.7,366.4,,,1,0,0,1
1114757974054200,1791140419.725098,4725,tx,1258.2,173.6,466.6,,,1,0,0,1
1114758114718600,1791140419.865764,4865,tx,1382.9,241.6,465.0,,,1,0,0,1
1114758256395900,1791140420.007443,5007,tx,39603.3,199.0,405.7,,,1,0,0,1
1114758407944400,1791140420.158993,5158,tx,1106.5,125.3,225.5,,,1,0,0,1
1114758554600300,1791140420.305650,5305,tx,1493.3,179.5,546.8,,,1,0,0,1
1114758694543000,1791140420.445595,5445,tx,1279.5,345.2,536.6,,,1,0,0,1
1114758840869400,1791140420.591923,5591,tx,31930.3,175.2,340.5,,,1,0,0,1
1114758991742500,1791140420.742793,5742,tx,1135.7,151.0,369.1,,,1,0,0,1
1114759133521000,1791140420.884578,5884,tx,1662.0,393.0,598.4,,,1,0,0,1
1114759314612800,1791140421.065671,6065,tx,1665.3,287.9,468.4,,,1,0,0,1
1114759466930400,1791140421.217991,6217,tx,1113.7,153.8,333.0,,,1,0,0,1
1114759607187500,1791140421.358249,6358,tx,1117.5,139.9,312.8,,,1,0,0,1
1114759748986000,1791140421.500049,6500,tx,1314.3,160.3,380.3,,,1,0,0,1
1114759890846500,1791140421.641896,6641,tx,1299.2,129.8,318.3,,,1,0,0,1
1114760032542300,1791140421.783609,6783,tx,1317.8,326.3,499.8,,,1,0,0,1
1114760173137400,1791140421.924204,6924,tx,1821.5,174.9,529.8,,,1,0,0,1
1114760317013300,1791140422.068083,7068,tx,9909.1,186.1,296.6,,,1,0,0,1
1114760461061000,1791140422.212133,7212,tx,7457.6,182.6,319.6,,,1,0,0,1
1114760600969500,1791140422.352043,7352,tx,1384.8,102.4,223.4,,,1,0,0,1
1114760750646800,1791140422.501722,7501,tx,59565.7,131.4,467.7,,,1,0,0,1
1114760939765900,1791140422.690843,7690,tx,7158.3,193.9,327.1,,,1,0,0,1
1114761080862700,1791140422.831941,7831,tx,1462.4,155.9,355.9,,,1,0,0,1
1114761222785900,1791140422.973866,7973,tx,9923.2,126.5,357.4,,,1,0,0,1
1114761363051600,1791140423.114133,8114,tx,7989.1,126.1,281.6,,,1,0,0,1
1114761506149500,1791140423.257232,8257,tx,1377.2,133.4,388.6,,,1,0,0,1
1114761646466900,1791140423.397551,8397,tx,1308.9,382.0,565.7,,,1,0,0,1
1114761814973100,1791140423.566060,8566,tx,2234.1,195.4,400.2,,,1,0,0,1
1114761958215600,1791140423.709304,8709,tx,1149.3,164.5,398.3,,,1,0,0,1
1114762099973600,1791140423.851064,8851,tx,9534.2,104.2,257.8,,,1,0,0,1
1114762242853600,1791140423.993945,8993,tx,1176.1,150.6,351.6,,,1,0,0,1
1114762385504300,1791140424.136598,9136,tx,1392.9,312.2,570.3,,,1,0,0,1
1114762529405200,1791140424.280500,9280,tx,1142.4,129.1,338.8,,,1,0,0,1
1114762671953800,1791140424.423050,9423,tx,1459.9,168.0,376.3,,,1,0,0,1
1114762813039100,1791140424.564137,9564,tx,1207.2,140.2,388.6,,,1,0,0,1
1114762955332000,1791140424.706432,9706,tx,1082.8,145.9,351.0,,,1,0,0,1
1114763097657200,1791140424.848759,9848,tx,2871.3,185.8,434.3,,,1,0,0,1
1114763241925300,1791140424.993026,9993,tx,1761.6,105.1,310.0,,,1,0,0,1
1114763383944600,1791140425.135050,10135,tx,6271.5,155.6,293.4,,,1,0,0,1
1114763526855100,1791140425.277961,10277,tx,22640.1,126.1,322.2,,,1,0,0,1
1114763669570100,1791140425.420678,10420,tx,1430.0,241.2,540.7,,,1,0,0,1
1114763810498000,1791140425.561608,10561,tx,994.7,115.6,253.7,,,1,0,0,1
1114763952733000,1791140425.703844,10703,tx,1341.2,149.1,402.9,,,1,0,0,1
1114764092958800,1791140425.844071,10844,tx,1026.6,130.2,295.2,,,1,0,0,1
1114764236846400,1791140425.987961,10987,tx,8731.4,198.3,365.1,,,1,0,0,1
1114764378070000,1791140426.129185,11129,tx,1196.6,157.1,369.6,,,1,0,0,1
1114764520301600,1791140426.271419,11271,tx,7105.3,156.3,364.0,,,1,0,0,1
1114764663106400,1791140426.414226,11414,tx,1166.7,156.4,417.5,,,1,0,0,1
1114764813887000,1791140426.565008,11565,tx,1204.0,153.1,268.4,,,1,0,0,1
1114764961560700,1791140426.712683,11712,tx,1371.5,324.4,556.2,,,1,0,0,1
1114765105408700,1791140426.856533,11856,tx,1262.4,216.5,390.4,,,1,0,0,1
1114765246096900,1791140426.997222,11997,tx,1163.3,125.6,299.1,,,1,0,0,1
1114765388379800,1791140427.139506,12139,tx,5241.9,145.5,382.3,,,1,0,0,1
1114765529405000,1791140427.280534,12280,tx,1365.0,138.2,326.5,,,1,0,0,1
1114765670597800,1791140427.421728,12421,tx,1662.6,268.6,486.6,,,1,0,0,1
1114765811796700,1791140427.562929,12562,tx,1209.7,112.8,293.4,,,1,0,0,1
1114765954088000,1791140427.705222,12705,tx,1126.5,157.2,322.3,,,1,0,0,1
1114766093798600,1791140427.844934,12844,tx,1386.7,144.4,315.0,,,1,0,0,1
1114766235847100,1791140427.986984,12986,tx,1148.5,165.2,304.2,,,1,0,0,1
1114766378266000,1791140428.129404,13129,tx,1593.6,113.7,444.9,,,1,0,0,1
1114766518803800,1791140428.269944,13269,tx,1308.0,217.8,406.2,,,1,0,0,1
1114766661608700,1791140428.412750,13412,tx,6548.1,301.8,500.1,,,1,0,0,1
1114766813801000,1791140428.564945,13564,tx,1075.5,151.4,266.6,,,1,0,0,1
1114766961025500,1791140428.712171,13712,tx,1301.2,134.0,312.7,,,1,0,0,1
1114767103278100,1791140428.854425,13854,tx,1142.4,203.4,377.1,,,1,0,0,1
1114767243635300,1791140428.994784,13994,tx,7953.2,356.1,507.5,,,1,0,0,1
1114767385832800,1791140429.136982,14136,tx,1139.2,179.0,347.7,,,1,0,0,1
1114767527660000,1791140429.278812,14278,tx,1189.7,306.9,448.7,,,1,0,0,1
1114767669248400,1791140429.420402,14420,tx,1309.9,183.1,307.1,,,1,0,0,1
1114767816232800,1791140429.567388,14567,tx,1066.3,109.0,215.2,,,1,0,0,1
1114767968941700,1791140429.720098,14720,tx,1082.5,121.7,301.3,,,1,0,0,1
1114768112294400,1791140429.863452,14863,tx,10356.5,149.6,333.5,,,1,0,0,1
1114768254120900,1791140430.005281,5,tx,60039.1,133.9,356.3,,,1,0,0,1
1114768441263000,1791140430.192425,192,tx,7143.3,179.2,312.3,,,1,0,0,1
1114768581710600,1791140430.332871,332,tx,1530.4,120.4,404.8,,,1,0,0,1
1114768725584800,1791140430.476750,476,tx,1405.1,347.0,560.9,,,1,0,0,1
1114768869115600,1791140430.620282,620,tx,1207.3,127.5,342.7,,,1,0,0,1
1114769012112400,1791140430.763280,763,tx,1853.5,157.6,450.7,,,1,0,0,1
1114769156241700,1791140430.907412,907,tx,1586.5,113.4,280.9,,,1,0,0,1
1114769328758500,1791140431.079930,1079,tx,14371.4,203.9,407.0,,,1,0,0,1
1114769479617800,1791140431.230791,1230,tx,1341.8,300.7,500.9,,,1,0,0,1
1114769620664800,1791140431.371840,1371,tx,1476.8,312.4,488.2,,,1,0,0,1
1114769762146800,1791140431.513323,1513,tx,54292.4,127.6,280.8,,,1,0,0,1
1114769918273400,1791140431.669452,1669,tx,2059.6,265.9,865.9,,,1,0,0,1
1114770062696700,1791140431.813876,1813,tx,1260.9,262.5,413.9,,,1,0,0,1
1114770204311200,1791140431.955493,1955,tx,1170.6,210.5,388.0,,,1,0,0,1
1114770348675600,1791140432.099859,2099,tx,1140.6,192.8,435.8,,,1,0,0,1
1114770492040500,1791140432.243226,2243,tx,1032.8,148.5,350.5,,,1,0,0,1
1114770631735000,1791140432.382921,2382,tx,12755.5,142.7,489.7,,,1,0,0,1
1114770815011600,1791140432.566200,2566,tx,1353.5,168.6,326.4,,,1,0,0,1
1114770962506900,1791140432.713697,2713,tx,8626.7,336.5,581.5,,,1,0,0,1
1114771105268600,1791140432.856461,2856,tx,13566.9,128.5,305.9,,,1,0,0,1
1114771246658100,1791140432.997851,2997,tx,1526.0,151.5,457.3,,,1,0,0,1
1114771388474200,1791140433.139669,3139,tx,1103.3,169.6,351.7,,,1,0,0,1
1114771530698200,1791140433.281895,3281,tx,1294.1,229.4,406.0,,,1,0,0,1
1114771673028600,1791140433.424227,3424,tx,1170.1,181.7,336.0,,,1,0,0,1
1114771814312100,1791140433.565512,3565,tx,7805.7,232.6,460.3,,,1,0,0,1
1114771971210600,1791140433.722413,3722,tx,1340.5,201.7,441.9,,,1,0,0,1
1114772112563700,1791140433.863767,3863,tx,1217.5,296.6,457.2,,,1,0,0,1
1114772254343600,1791140434.005548,4005,tx,62323.5,193.3,353.4,,,1,0,0,1
1114772442602300,1791140434.193810,4193,tx,1389.1,306.1,431.3,,,1,0,0,1
1114772585042900,1791140434.336251,4336,tx,1283.0,178.1,430.1,,,1,0,0,1
1114772726630200,1791140434.477841,4477,tx,1303.8,326.0,518.8,,,1,0,0,1
1114772867453300,1791140434.618665,4618,tx,1024.4,122.2,292.9,,,1,0,0,1
1114773009490400,1791140434.760704,4760,tx,1535.8,405.4,622.3,,,1,0,0,1
1114773150913500,1791140434.902128,4902,tx,9091.2,156.5,404.2,,,1,0,0,1
1114773303808800,1791140435.055026,5055,tx,14302.5,142.2,265.5,,,1,0,0,1
1114773449048700,1791140435.200267,5200,tx,1351.0,216.9,465.8,,,1,0,0,1
1114773589742100,1791140435.340962,5340,tx,35891.1,140.9,315.1,,,1,0,0,1
1114773824307800,1791140435.575531,5575,tx,8329.7,125.5,250.8,,,1,0,0,1
1114773967716300,1791140435.718941,5718,tx,1091.3,177.6,354.0,,,1,0,0,1
1114774110338400,1791140435.861564,5861,tx,1871.4,136.6,280.1,,,1,0,0,1
1114774250896600,1791140436.002124,6002,tx,63412.7,167.0,346.6,,,1,0,0,1
1114774441494200,1791140436.192724,6192,tx,1438.9,390.4,585.1,,,1,0,0,1
1114774583740500,1791140436.334972,6334,tx,1442.4,213.7,413.3,,,1,0,0,1
1114774723496600,1791140436.474730,6474,tx,1154.9,137.8,306.7,,,1,0,0,1
1114774863075800,1791140436.614310,6614,tx,1018.1,116.3,283.0,,,1,0,0,1
1114775004483900,1791140436.755720,6755,tx,7735.5,398.4,593.7,,,1,0,0,1
1114775147843500,1791140436.899081,6899,tx,1250.2,155.3,445.3,,,1,0,0,1
1114775320022000,1791140437.071262,7071,tx,1350.7,134.3,328.3,,,1,0,0,1
1114775460851700,1791140437.212093,7212,tx,1315.8,224.0,409.3,,,1,0,0,1
1114775603735000,1791140437.354978,7354,tx,7534.4,136.4,340.3,,,1,0,0,1
1114775744518700,1791140437.495763,7495,tx,1518.2,353.1,564.8,,,1,0,0,1
1114775886862300,1791140437.638108,7638,tx,6879.2,160.4,405.7,,,1,0,0,1
1114776030638300,1791140437.781886,7781,tx,1271.6,149.4,432.6,,,1,0,0,1
1114776173109000,1791140437.924358,7924,tx,1256.9,123.7,326.9,,,1,0,0,1
1114776315386500,1791140438.066638,8066,tx,31191.5,123.4,307.1,,,1,0,0,1
1114776457804200,1791140438.209057,8209,tx,1239.4,169.8,303.0,,,1,0,0,1
1114776599491100,1791140438.350746,8350,tx,1521.3,383.6,611.3,,,1,0,0,1
1114776740890400,1791140438.492146,8492,tx,1209.0,126.5,304.7,,,1,0,0,1
1114776880691400,1791140438.631949,8631,tx,1477.3,217.8,379.4,,,1,0,0,1
1114777023081600,1791140438.774340,8774,tx,1465.9,153.6,494.4,,,1,0,0,1
1114777165404400,1791140438.916664,8916,tx,1019.2,124.2,277.6,,,1,0,0,1
1114777350176500,1791140439.101439,9101,tx,2906.5,198.7,335.1,,,1,0,0,1
1114777496995500,1791140439.248260,9248,tx,1104.5,171.9,350.1,,,1,0,0,1
1114777639232000,1791140439.390498,9390,tx,1045.8,161.5,343.4,,,1,0,0,1
1114777780655700,1791140439.531923,9531,tx,4948.5,273.7,436.0,,,1,0,0,1
1114777922542700,1791140439.673812,9673,tx,1463.3,357.2,577.1,,,1,0,0,1
1114778064389300,1791140439.815660,9815,tx,8968.2,123.7,284.8,,,1,0,0,1
1114778206357500,1791140439.957630,9957,tx,1064.6,125.0,325.3,,,1,0,0,1
1114778371032900,1791140440.122307,10122,tx,14720.5,202.8,332.1,,,1,0,0,1
1114778520642600,1791140440.271919,10271,tx,1854.6,296.0,489.0,,,1,0,0,1
1114778662577300,1791140440.413855,10413,tx,1363.0,347.8,529.4,,,1,0,0,1
1114778815673300,1791140440.566952,10566,tx,1442.8,336.1,457.8,,,1,0,0,1
1114778958956200,1791140440.710236,10710,tx,1454.5,154.6,342.5,,,1,0,0,1
1114779099616100,1791140440.850898,10850,tx,1235.5,279.2,456.7,,,1,0,0,1
1114779240989400,1791140440.992273,10992,tx,7821.8,163.6,357.6,,,1,0,0,1
1114779383219000,1791140441.134504,11134,tx,43720.2,202.2,389.5,,,1,0,0,1
1114779549685100,1791140441.300972,11300,tx,1624.4,255.7,388.1,,,1,0,0,1
1114779700938200,1791140441.452227,11452,tx,1272.5,171.0,363.7,,,1,0,0,1
1114779841877700,1791140441.593168,11593,tx,1990.2,263.3,482.0,,,1,0,0,1
1114779983494200,1791140441.734786,11734,tx,1108.5,142.4,304.9,,,1,0,0,1
1114780125745400,1791140441.877040,11877,tx,1173.4,242.1,424.3,,,1,0,0,1
1114780268025500,1791140442.019320,12019,tx,43019.9,106.1,249.5,,,1,0,0,1
1114780425415800,1791140442.176711,12176,tx,1263.5,222.6,361.9,,,1,0,0,1
1114780566252700,1791140442.317552,12317,tx,1196.6,181.3,362.3,,,1,0,0,1
1114780707287400,1791140442.458588,12458,tx,1448.1,162.7,328.6,,,1,0,0,1
1114780848494300,1791140442.599791,12599,tx,7632.5,326.4,548.9,,,1,0,0,1
1114780989321000,1791140442.740625,12740,tx,2787.7,125.2,416.7,,,1,0,0,1
1114781129759200,1791140442.881064,12881,tx,16418.1,141.2,294.5,,,1,0,0,1
1114781270617900,1791140443.021924,13021,tx,58107.3,293.9,468.5,,,1,0,0,1
1114781429960500,1791140443.181269,13181,tx,1252.2,155.9,275.4,,,1,0,0,1
1114781569725800,1791140443.321036,13321,tx,11857.4,163.4,337.4,,,1,0,0,1
1114781712590500,1791140443.463902,13463,tx,1348.4,355.5,551.1,,,1,0,0,1
1114781853763900,1791140443.605078,13605,tx,2050.0,121.0,319.0,,,1,0,0,1
1114781995669900,1791140443.746985,13746,tx,1271.7,227.7,452.2,,,1,0,0,1
1114782137498300,1791140443.888815,13888,tx,1270.0,348.2,518.8,,,1,0,0,1
1114782287913600,1791140444.039232,14039,tx,1619.8,120.8,290.9,,,1,0,0,1
1114782436568900,1791140444.187889,14187,tx,1572.8,367.9,527.2,,,1,0,0,1
1114782578295000,1791140444.329595,14329,tx,1257.9,157.2,326.2,,,1,0,0,1
1114782717867000,1791140444.469190,14469,tx,11418.0,130.6,252.0,,,1,0,0,1
1114782856699100,1791140444.608024,14608,tx,9108.9,271.4,406.5,,,1,0,0,1
1114783003458400,1791140444.754785,14754,tx,1068.2,136.8,311.3,,,1,0,0,1
1114783145329700,1791140444.896658,14896,tx,1024.0,113.9,300.1,,,1,0,0,1
1114783311421800,1791140445.062752,62,tx,1235.7,226.5,349.0,,,1,0,0,1
1114783449011200,1791140445.200343,200,tx,1071.8,167.1,356.8,,,1,0,0,1
1114783592233700,1791140445.343567,343,tx,1108.8,150.6,303.3,,,1,0,0,1
1114783736752800,1791140445.488088,488,tx,1156.3,175.7,442.4,,,1,0,0,1
1114783880889200,1791140445.632226,632,tx,1385.4,121.2,294.6,,,1,0,0,1
1114784035192200,1791140445.786530,786,tx,26193.8,158.6,274.8,,,1,0,0,1
1114784182909900,1791140445.934250,934,tx,1173.4,139.9,283.3,,,1,0,0,1
1114784329867500,1791140446.081209,1081,tx,1726.6,180.4,311.2,,,1,0,0,1
1114784473138800,1791140446.224482,1224,tx,1105.1,204.3,403.8,,,1,0,0,1
1114784615329600,1791140446.366674,1366,tx,1194.0,199.2,380.5,,,1,0,0,1
1114784757116100,1791140446.508462,1508,tx,57426.0,143.1,313.1,,,1,0,0,1
1114784929818300,1791140446.681165,1681,tx,2323.3,176.0,520.5,,,1,0,0,1
1114785070816000,1791140446.822166,1822,tx,9279.1,155.5,314.9,,,1,0,0,1
1114785213044700,1791140446.964396,1964,tx,1107.4,125.4,307.5,,,1,0,0,1
1114785353567700,1791140447.104919,2104,tx,1696.3,124.4,602.9,,,1,0,0,1
1114785494841300,1791140447.246196,2246,tx,1246.8,150.4,362.2,,,1,0,0,1
1114785634557000,1791140447.385913,2385,tx,1232.5,382.2,535.9,,,1,0,0,1
1114785775939200,1791140447.527297,2527,tx,46478.7,162.7,360.9,,,1,0,0,1
1114785933969700,1791140447.685330,2685,tx,1104.2,126.7,235.9,,,1,0,0,1
1114786076051200,1791140447.827412,2827,tx,1049.6,204.5,368.9,,,1,0,0,1
1114786217106000,1791140447.968468,2968,tx,1113.6,187.1,352.0,,,1,0,0,1
1114786359413800,1791140448.110778,3110,tx,1378.4,329.5,626.3,,,1,0,0,1
1114786499973200,1791140448.251339,3251,tx,22230.8,121.4,275.6,,,1,0,0,1
1114786639781200,1791140448.391149,3391,tx,1106.2,208.3,377.4,,,1,0,0,1
1114786789305800,1791140448.540675,3540,tx,1098.1,115.2,225.5,,,1,0,0,1
1114786937910400,1791140448.689281,3689,tx,1334.0,157.7,321.9,,,1,0,0,1
1114787081119100,1791140448.832492,3832,tx,1217.3,151.3,341.1,,,1,0,0,1
1114787223322100,1791140448.974697,3974,tx,1051.8,144.8,307.7,,,1,0,0,1
1114787365167700,1791140449.116543,4116,tx,6288.6,150.7,348.7,,,1,0,0,1
1114787506347600,1791140449.257725,4257,tx,978.4,138.0,297.6,,,1,0,0,1
1114787647431500,1791140449.398811,4398,tx,1309.8,396.9,582.0,,,1,0,0,1
1114787814648600,1791140449.566030,4566,tx,1607.6,399.9,581.2,,,1,0,0,1
1114787962008500,1791140449.713391,4713,tx,1043.0,133.9,289.7,,,1,0,0,1
1114788103262300,1791140449.854646,4854,tx,1126.1,168.0,342.2,,,1,0,0,1
1114788243802200,1791140449.995188,4995,tx,5970.6,157.3,321.0,,,1,0,0,1
1114788384516900,1791140450.135904,5135,tx,1016.5,120.0,285.7,,,1,0,0,1
1114788523449700,1791140450.274838,5274,tx,1343.5,310.3,569.8,,,1,0,0,1
1114788665763300,1791140450.417154,5417,tx,1615.5,155.0,509.7,,,1,0,0,1
1114788838076900,1791140450.589470,5589,tx,9277.0,181.1,297.4,,,1,0,0,1
1114788981930500,1791140450.733325,5733,tx,1220.5,187.2,380.1,,,1,0,0,1
1114789123646600,1791140450.875043,5875,tx,7158.4,288.1,462.3,,,1,0,0,1
1114789322639900,1791140451.074038,6074,idle,53424.8,149.7,264.1,,,0,0,0,0
1114789628487000,1791140451.379888,6379,tx,212106.1,,,,,1,0,0,1
1114789959049700,1791140451.710455,6710,tx,1248.2,176.3,332.2,,,1,0,0,1
1114790099993100,1791140451.851400,6851,tx,7050.3,135.5,318.9,,,1,0,0,1
1114790241626800,1791140451.993035,6993,tx,1407.0,252.2,468.2,,,1,0,0,1
1114790382348100,1791140452.133758,7133,tx,1018.0,163.8,320.6,,,1,0,0,1
1114790525720400,1791140452.277132,7277,tx,8541.4,147.4,328.2,,,1,0,0,1
1114790665877800,1791140452.417291,7417,tx,1351.6,131.1,288.3,,,1,0,0,1
1114790815812300,1791140452.567227,7567,tx,1190.9,122.4,267.7,,,1,0,0,1
1114790964868400,1791140452.716285,7716,tx,1132.1,227.7,438.0,,,1,0,0,1
1114791106295900,1791140452.857714,7857,tx,1308.4,160.8,399.2,,,1,0,0,1
1114791247054700,1791140452.998474,7998,tx,1176.7,204.0,414.6,,,1,0,0,1
1114791388036300,1791140453.139457,8139,tx,1590.9,180.4,362.7,,,1,0,0,1
1114791529469000,1791140453.280892,8280,tx,2174.7,382.0,552.5,,,1,0,0,1
1114791672968400,1791140453.424393,8424,tx,961.2,110.7,264.7,,,1,0,0,1
1114791813021500,1791140453.564447,8564,tx,2246.0,170.2,413.0,,,1,0,0,1
1114792048030300,1791140453.799459,8799,tx,10558.1,203.6,370.0,,,1,0,0,1
1114792192849800,1791140453.944280,8944,tx,22752.6,132.1,375.3,,,1,0,0,1
1114792335188400,1791140454.086620,9086,tx,109979.6,216.0,420.2,,,1,0,0,1
1114792556414800,1791140454.307835,9307,tx,3029.0,306.0,638.8,,,1,0,0,1
1114792696231200,1791140454.447667,9447,tx,1062.8,119.5,282.0,,,1,0,0,1
1114792836031700,1791140454.587469,9587,tx,7705.8,149.6,348.0,,,1,0,0,1
1114792976257200,1791140454.727695,9727,tx,1167.9,122.2,294.2,,,1,0,0,1
1114793118012900,1791140454.869454,9869,tx,966.8,127.8,291.2,,,1,0,0,1
1114793261798700,1791140455.013241,10013,tx,29522.7,194.9,393.9,,,1,0,0,1
1114793403619500,1791140455.155063,10155,tx,1715.9,177.2,455.8,,,1,0,0,1
1114793546245300,1791140455.297691,10297,tx,1010.2,121.2,288.4,,,1,0,0,1
1114793688934900,1791140455.440382,10440,tx,1045.9,137.3,310.8,,,1,0,0,1
1114793827334400,1791140455.578783,10578,tx,40624.6,168.4,326.2,,,1,0,0,1
1114793985584500,1791140455.737035,10737,tx,1380.7,409.9,522.9,,,1,0,0,1
1114794130257800,1791140455.881710,10881,tx,1495.6,154.2,361.9,,,1,0,0,1
1114794272808500,1791140456.024261,11024,tx,38669.2,155.8,368.4,,,1,0,0,1
1114794431195300,1791140456.182651,11182,tx,1336.7,126.1,307.4,,,1,0,0,1
1114794571750000,1791140456.323207,11323,tx,1490.4,138.2,315.1,,,1,0,0,1
1114794713117500,1791140456.464576,11464,tx,1082.0,180.7,359.5,,,1,0,0,1
1114794855486400,1791140456.606946,11606,tx,1252.7,320.8,525.4,,,1,0,0,1
1114794995841600,1791140456.747303,11747,tx,992.1,118.3,276.7,,,1,0,0,1
1114795137234100,1791140456.888698,11888,tx,5739.2,251.7,441.9,,,1,0,0,1
1114795278905500,1791140457.030371,12030,tx,39450.5,105.2,266.4,,,1,0,0,1
1114795426388400,1791140457.177855,12177,tx,1895.8,198.7,334.8,,,1,0,0,1
1114795577606000,1791140457.329074,12329,tx,24198.5,191.8,438.3,,,1,0,0,1
1114795721496600,1791140457.472967,12472,tx,1678.0,136.1,248.7,,,1,0,0,1
1114795861707000,1791140457.613179,12613,tx,1361.3,178.2,388.9,,,1,0,0,1
1114796001887300,1791140457.753361,12753,tx,9601.6,145.9,304.1,,,1,0,0,1
1114796144828600,1791140457.896303,12896,tx,1369.6,147.1,507.1,,,1,0,0,1
1114796287552800,1791140458.039030,13039,tx,1184.6,293.6,452.7,,,1,0,0,1
1114796428706000,1791140458.180184,13180,tx,1158.3,225.1,376.6,,,1,0,0,1
1114796570471800,1791140458.321951,13321,tx,1328.3,169.9,317.9,,,1,0,0,1
1114796712817600,1791140458.464298,13464,tx,1120.8,138.4,340.3,,,1,0,0,1
1114796855153400,1791140458.606636,13606,tx,1204.5,119.1,320.1,,,1,0,0,1
1114796997485700,1791140458.748970,13748,tx,5471.2,132.4,299.7,,,1,0,0,1
1114797139469900,1791140458.890950,13890,tx,1523.2,340.7,545.9,,,1,0,0,1
1114797281564800,1791140459.033053,14033,tx,32925.3,418.8,595.2,,,1,0,0,1
1114797428593400,1791140459.180083,14180,tx,10093.6,339.0,499.3,,,1,0,0,1
1114797578694300,1791140459.330186,14330,tx,1232.3,154.5,363.0,,,1,0,0,1
1114797720854700,1791140459.472348,14472,tx,1021.2,156.0,327.2,,,1,0,0,1
1114797862074300,1791140459.613569,14613,tx,8805.9,214.9,364.1,,,1,0,0,1
1114798003290700,1791140459.754787,14754,tx,1008.0,155.8,312.0,,,1,0,0,1
1114798145978000,1791140459.897475,14897,tx,1119.3,220.1,388.9,,,1,0,0,1
1114798320117800,1791140460.071617,71,tx,1321.6,118.8,228.9,,,1,0,0,1
1114798460531800,1791140460.212032,212,tx,1235.5,302.3,538.6,,,1,0,0,1
1114798600632700,1791140460.352135,352,tx,1115.0,250.1,421.0,,,1,0,0,1
1114798742010000,1791140460.493515,493,tx,8690.7,193.6,349.7,,,1,0,0,1
1114798881529800,1791140460.633036,633,tx,1309.5,402.4,573.7,,,1,0,0,1
1114799021751100,1791140460.773258,773,tx,1253.5,174.1,369.0,,,1,0,0,1
1114799161757600,1791140460.913267,913,tx,1056.9,119.2,298.7,,,1,0,0,1
1114799302814800,1791140461.054326,1054,tx,30948.0,118.5,299.9,,,1,0,0,1
1114799457728100,1791140461.209241,1209,tx,1199.7,213.8,345.4,,,1,0,0,1
1114799597213200,1791140461.348727,1348,tx,1124.6,120.5,287.2,,,1,0,0,1
1114799739897300,1791140461.491413,1491,tx,1275.5,173.7,365.1,,,1,0,0,1
1114799881607700,1791140461.633125,1633,tx,1392.7,323.1,496.1,,,1,0,0,1
1114800023379600,1791140461.774898,1774,tx,1007.1,117.4,315.8,,,1,0,0,1
1114800163747300,1791140461.915268,1915,tx,10544.7,153.7,298.8,,,1,0,0,1
1114800344151100,1791140462.095673,2095,tx,2994.9,128.4,293.6,,,1,0,0,1
1114800494308700,1791140462.245832,2245,tx,8379.4,115.1,264.2,,,1,0,0,1
1114800635231500,1791140462.386757,2386,tx,1489.1,173.1,438.6,,,1,0,0,1
1114800778059900,1791140462.529587,2529,tx,22784.2,144.2,458.3,,,1,0,0,1
1114800934775700,1791140462.686305,2686,tx,9800.7,154.2,268.3,,,1,0,0,1
1114801077977700,1791140462.829503,2829,tx,1393.3,137.6,348.6,,,1,0,0,1
1114801220099700,1791140462.971632,2971,tx,1210.1,146.4,440.4,,,1,0,0,1
1114801364047200,1791140463.115580,3115,tx,9630.0,162.5,341.3,,,1,0,0,1
1114801505839200,1791140463.257374,3257,tx,8815.3,171.3,338.9,,,1,0,0,1
1114801648137500,1791140463.399675,3399,tx,1255.0,134.8,323.8,,,1,0,0,1
1114801789837600,1791140463.541377,3541,tx,67322.0,132.5,379.1,,,1,0,0,1
1114801972841900,1791140463.724363,3724,tx,1890.9,147.6,457.7,,,1,0,0,1
1114802120249200,1791140463.871792,3871,tx,1095.7,109.3,414.8,,,1,0,0,1
1114802263545000,1791140464.015090,4015,tx,1289.6,326.3,505.7,,,1,0,0,1
1114802405813300,1791140464.157359,4157,tx,989.4,122.5,271.3,,,1,0,0,1
1114802547010500,1791140464.298558,4298,tx,1492.0,157.0,365.0,,,1,0,0,1
1114802690287900,1791140464.441837,4441,tx,1056.1,150.9,342.2,,,1,0,0,1
1114802848886700,1791140464.600438,4600,tx,1432.4,121.3,279.9,,,1,0,0,1
1114802991968100,1791140464.743520,4743,tx,1159.5,183.0,351.9,,,1,0,0,1
1114803133963700,1791140464.885518,4885,tx,7421.3,140.9,301.3,,,1,0,0,1
1114803276268800,1791140465.027824,5027,tx,1081.2,203.0,386.7,,,1,0,0,1
1114803417519100,1791140465.169076,5169,tx,1347.0,338.0,563.9,,,1,0,0,1
1114803558837100,1791140465.310396,5310,tx,6335.4,161.5,409.2,,,1,0,0,1
1114803699622700,1791140465.451183,5451,tx,1446.2,311.0,567.4,,,1,0,0,1
1114803839390400,1791140465.590952,5590,tx,1063.1,135.9,353.4,,,1,0,0,1
1114803982137200,1791140465.733700,5733,tx,1649.5,236.1,470.7,,,1,0,0,1
1114804125023800,1791140465.876590,5876,tx,1096.3,172.2,349.5,,,1,0,0,1
1114804266223600,1791140466.017790,6017,tx,1078.1,167.4,329.0,,,1,0,0,1
1114804406318500,1791140466.157887,6157,tx,1017.2,144.8,305.9,,,1,0,0,1
1114804547985200,1791140466.299555,6299,tx,1299.5,116.5,385.6,,,1,0,0,1
1114804689725400,1791140466.441297,6441,tx,1051.6,217.5,393.0,,,1,0,0,1
1114804852205200,1791140466.603779,6603,tx,2530.1,142.8,250.5,,,1,0,0,1
1114805004718500,1791140466.756282,6756,tx,1134.4,207.3,348.8,,,1,0,0,1
1114805145943700,1791140466.897521,6897,tx,9139.6,131.4,326.2,,,1,0,0,1
1114805288725400,1791140467.040304,7040,tx,45535.0,176.9,356.7,,,1,0,0,1
1114805430920300,1791140467.182500,7182,tx,1053.1,144.5,335.9,,,1,0,0,1
1114805573269300,1791140467.324850,7324,tx,1083.2,146.3,302.7,,,1,0,0,1
1114805714807600,1791140467.466391,7466,tx,2784.3,184.4,493.7,,,1,0,0,1
1114805878425200,1791140467.630010,7630,tx,12291.0,130.0,291.4,,,1,0,0,1
1114806030421400,1791140467.782008,7782,tx,1094.2,182.2,359.8,,,1,0,0,1
1114806172232600,1791140467.923821,7923,tx,9167.5,154.1,316.3,,,1,0,0,1
1114806342386900,1791140468.093977,8093,tx,1248.9,142.4,250.1,,,1,0,0,1
1114806489998000,1791140468.241589,8241,tx,1389.9,160.1,404.9,,,1,0,0,1
1114806630654500,1791140468.382244,8382,tx,1169.3,213.3,390.7,,,1,0,0,1
1114806771990200,1791140468.523586,8523,tx,2112.2,125.3,310.7,,,1,0,0,1
1114806913264700,1791140468.664861,8664,tx,1193.7,168.0,363.5,,,1,0,0,1
1114807054692400,1791140468.806291,8806,tx,8645.4,185.5,418.5,,,1,0,0,1
1114807197607800,1791140468.949208,8949,tx,1332.0,333.5,569.0,,,1,0,0,1
1114807350083400,1791140469.101684,9101,tx,1415.9,148.4,360.8,,,1,0,0,1
1114807499196000,1791140469.250799,9250,tx,1083.2,131.0,305.3,,,1,0,0,1
1114807637264000,1791140469.388869,9388,tx,1630.3,127.9,276.4,,,1,0,0,1
1114807782410000,1791140469.534017,9534,tx,64532.5,151.5,344.6,,,1,0,0,1
1114807972501400,1791140469.724110,9724,tx,1973.5,339.4,537.9,,,1,0,0,1
1114808110406500,1791140469.862017,9862,tx,1123.3,164.9,346.7,,,1,0,0,1
1114808251771400,1791140470.003383,10003,tx,26297.1,235.9,573.1,,,1,0,0,1
1114808408642200,1791140470.160256,10160,tx,1402.1,276.6,437.0,,,1,0,0,1
1114808548557300,1791140470.300172,10300,tx,1957.3,265.7,470.5,,,1,0,0,1
1114808690462100,1791140470.442079,10442,tx,9069.2,309.4,524.0,,,1,0,0,1
1114808847988900,1791140470.599607,10599,tx,10188.2,182.9,349.4,,,1,0,0,1
1114808987351700,1791140470.738971,10738,tx,1520.4,214.0,440.2,,,1,0,0,1
1114809129083700,1791140470.880705,10880,tx,8958.8,159.7,369.6,,,1,0,0,1
1114809270914800,1791140471.022538,11022,tx,1230.9,154.3,364.2,,,1,0,0,1
1114809411724200,1791140471.163345,11163,tx,1169.5,116.7,330.8,,,1,0,0,1
1114809551641000,1791140471.303267,11303,tx,1432.2,161.4,435.3,,,1,0,0,1
1114809692400300,1791140471.444029,11444,tx,1130.1,144.0,383.0,,,1,0,0,1
1114809834767700,1791140471.586397,11586,tx,1330.7,141.9,509.0,,,1,0,0,1
1114809975645600,1791140471.727277,11727,tx,1173.0,299.7,467.9,,,1,0,0,1
1114810118850500,1791140471.870484,11870,tx,8955.1,213.2,495.9,,,1,0,0,1
1114810261721900,1791140472.013356,12013,tx,1191.7,148.4,321.2,,,1,0,0,1
1114810402526400,1791140472.154163,12154,tx,1381.7,278.4,507.6,,,1,0,0,1
1114810545092100,1791140472.296730,12296,tx,1241.6,184.5,380.2,,,1,0,0,1
1114810686453600,1791140472.438093,12438,tx,1604.8,381.4,612.6,,,1,0,0,1
1114810851303700,1791140472.602944,12602,tx,1158.5,112.7,292.5,,,1,0,0,1
1114811000647400,1791140472.752290,12752,tx,1239.0,168.8,393.4,,,1,0,0,1
1114811141920400,1791140472.893565,12893,tx,1093.4,132.2,291.4,,,1,0,0,1
1114811283172500,1791140473.034819,13034,tx,27670.5,112.1,292.3,,,1,0,0,1
1114811425516100,1791140473.177164,13177,tx,9409.5,306.7,467.8,,,1,0,0,1
1114811566598000,1791140473.318248,13318,tx,1290.5,385.6,490.0,,,1,0,0,1
1114811709758900,1791140473.461410,13461,tx,1146.8,150.3,408.5,,,1,0,0,1
1114811863077300,1791140473.614730,13614,tx,11143.8,116.0,232.3,,,1,0,0,1
1114812006285800,1791140473.757940,13757,tx,1191.7,158.7,324.7,,,1,0,0,1
1114812148134500,1791140473.899790,13899,tx,9688.4,145.2,424.0,,,1,0,0,1
1114812291861800,1791140474.043519,14043,tx,59551.6,147.6,295.4,,,1,0,0,1
1114812482691000,1791140474.234351,14234,tx,9267.3,292.1,416.4,,,1,0,0,1
1114812623027400,1791140474.374689,14374,tx,1533.9,131.6,392.0,,,1,0,0,1
1114812764228100,1791140474.515891,14515,tx,1018.4,104.2,299.9,,,1,0,0,1
1114812905483700,1791140474.657148,14657,tx,992.8,115.2,288.2,,,1,0,0,1
1114813047761700,1791140474.799428,14799,tx,1028.3,141.1,301.0,,,1,0,0,1
1114813191343000,1791140474.943010,14943,tx,23047.1,195.0,326.0,,,1,0,0,1
1114813346965400,1791140475.098635,98,tx,1074.5,132.1,233.5,,,1,0,0,1
1114813489679600,1791140475.241350,241,tx,1321.5,163.4,339.4,,,1,0,0,1
1114813631181900,1791140475.382855,382,tx,1144.1,202.9,378.8,,,1,0,0,1
1114813770297800,1791140475.521972,521,tx,1045.6,128.9,306.4,,,1,0,0,1
1114813909323500,1791140475.661000,660,tx,1102.2,199.2,371.0,,,1,0,0,1
1114814057992100,1791140475.809670,809,tx,1068.8,159.3,360.5,,,1,0,0,1
1114814207588200,1791140475.959267,959,tx,1280.1,172.6,510.0,,,1,0,0,1
1114814352222800,1791140476.103903,1103,tx,1007.6,102.1,307.9,,,1,0,0,1
1114814493332700,1791140476.245014,1245,tx,7815.2,132.8,284.1,,,1,0,0,1
1114814634543900,1791140476.386228,1386,tx,36013.0,339.6,491.5,,,1,0,0,1
1114814773398500,1791140476.525084,1525,tx,1250.3,153.9,257.8,,,1,0,0,1
1114814919784800,1791140476.671472,1671,tx,1072.0,168.7,329.4,,,1,0,0,1
1114815061578900,1791140476.813268,1813,tx,1181.8,321.7,484.7,,,1,0,0,1
1114815203321900,1791140476.955012,1955,tx,1231.2,142.7,415.0,,,1,0,0,1
1114815340324800,1791140477.092017,2092,tx,1277.3,168.7,289.2,,,1,0,0,1
1114815486600900,1791140477.238294,2238,tx,1289.2,270.3,464.7,,,1,0,0,1
1114815628775300,1791140477.380471,2380,tx,1365.5,208.5,379.2,,,1,0,0,1
1114815771612600,1791140477.523310,2523,tx,1231.3,299.3,475.0,,,1,0,0,1
1114815914332800,1791140477.666031,2666,tx,9606.8,201.4,364.5,,,1,0,0,1
1114816055556700,1791140477.807257,2807,tx,9440.0,335.0,507.3,,,1,0,0,1
1114816196781800,1791140477.948483,2948,tx,1324.5,136.1,420.5,,,1,0,0,1
1114816368745000,1791140478.120449,3120,tx,2096.6,172.6,282.5,,,1,0,0,1
1114816513451800,1791140478.265157,3265,tx,1425.3,356.9,541.4,,,1,0,0,1
1114816669782500,1791140478.421489,3421,tx,1109.9,161.9,329.7,,,1,0,0,1
1114816811902900,1791140478.563612,3563,tx,40576.4,144.5,306.3,,,1,0,0,1
1114816954307700,1791140478.706018,3706,tx,1925.8,301.0,425.6,,,1,0,0,1
1114817106854400,1791140478.858566,3858,tx,2629.3,133.5,258.1,,,1,0,0,1
1114817251628500,1791140479.003342,4003,tx,1212.2,258.3,433.2,,,1,0,0,1
1114817393518400,1791140479.145233,4145,tx,1398.8,276.8,493.3,,,1,0,0,1
1114817534113600,1791140479.285830,4285,tx,1009.9,138.9,294.7,,,1,0,0,1
1114817676388300,1791140479.428106,4428,tx,1139.3,116.9,277.4,,,1,0,0,1
1114817846952000,1791140479.598672,4598,tx,1100.8,121.3,248.3,,,1,0,0,1
1114817991843400,1791140479.743565,4743,tx,10986.5,185.5,466.7,,,1,0,0,1
1114818135650700,1791140479.887374,4887,tx,1270.9,289.5,483.1,,,1,0,0,1
1114818279465500,1791140480.031191,5031,tx,1275.4,352.4,523.7,,,1,0,0,1
1114818422794300,1791140480.174521,5174,tx,9328.1,129.7,281.5,,,1,0,0,1
1114818563987200,1791140480.315716,5315,tx,1300.6,113.0,335.2,,,1,0,0,1
1114818705335800,1791140480.457066,5457,tx,1125.2,121.7,349.1,,,1,0,0,1
1114818846175200,1791140480.597906,5597,tx,1271.6,154.0,371.8,,,1,0,0,1
1114818988469400,1791140480.740202,5740,tx,1276.7,392.4,571.8,,,1,0,0,1
1114819131845200,1791140480.883580,5883,tx,1432.6,165.2,364.4,,,1,0,0,1
1114819273029300,1791140481.024766,6024,tx,1168.0,165.4,336.9,,,1,0,0,1
1114819415821000,1791140481.167559,6167,tx,6697.6,182.4,358.2,,,1,0,0,1
1114819557542200,1791140481.309281,6309,tx,1345.0,380.4,582.5,,,1,0,0,1
1114819703534200,1791140481.455276,6455,tx,8748.1,327.4,576.0,,,1,0,0,1
1114819846559300,1791140481.598303,6598,tx,54188.2,346.7,545.4,,,1,0,0,1
1114820019187300,1791140481.770932,6770,tx,1262.6,156.3,277.6,,,1,0,0,1
1114820160948100,1791140481.912695,6912,tx,1026.9,160.5,335.9,,,1,0,0,1
1114820302100000,1791140482.053848,7053,tx,26079.5,107.1,277.3,,,1,0,0,1
1114820443771900,1791140482.195521,7195,tx,1246.2,189.5,349.2,,,1,0,0,1
1114820586762800,1791140482.338514,7338,tx,1109.9,148.2,419.3,,,1,0,0,1
1114820728573700,1791140482.480326,7480,tx,10407.6,299.7,483.6,,,1,0,0,1
1114820868798800,1791140482.620553,7620,tx,19628.5,139.2,316.1,,,1,0,0,1
1114821018187000,1791140482.769943,7769,tx,1883.4,204.9,340.3,,,1,0,0,1
1114821168532600,1791140482.920290,7920,tx,5064.6,176.7,602.4,,,1,0,0,1
1114821309820600,1791140483.061580,8061,tx,43887.7,186.8,366.0,,,1,0,0,1
1114821486868100,1791140483.238629,8238,tx,24029.8,123.4,247.4,,,1,0,0,1
1114821641668000,1791140483.393431,8393,tx,1155.7,149.6,410.4,,,1,0,0,1
1114821783635600,1791140483.535400,8535,tx,1126.4,270.7,434.5,,,1,0,0,1
1114821926560100,1791140483.678326,8678,tx,18930.3,325.8,539.4,,,1,0,0,1
1114822068878400,1791140483.820646,8820,tx,1043.4,154.9,327.2,,,1,0,0,1
1114822210070800,1791140483.961840,8961,tx,941.1,119.3,258.5,,,1,0,0,1
1114822360840600,1791140484.112612,9112,tx,10188.1,163.0,367.7,,,1,0,0,1
1114822510711900,1791140484.262485,9262,tx,1056.1,226.3,366.4,,,1,0,0,1
1114822652615000,1791140484.404389,9404,tx,1137.1,253.4,452.2,,,1,0,0,1
1114822792764600,1791140484.544541,9544,tx,1121.3,204.9,382.9,,,1,0,0,1
1114822950484800,1791140484.702263,9702,tx,1722.2,393.7,578.9,,,1,0,0,1
1114823106312300,1791140484.858092,9858,tx,1089.1,142.2,317.8,,,1,0,0,1
1114823246687700,1791140484.998469,9998,tx,13380.6,246.4,392.1,,,1,0,0,1
1114823403994300,1791140485.155777,10155,tx,11625.0,167.6,329.4,,,1,0,0,1
1114823544299800,1791140485.296084,10296,tx,1017.1,111.2,272.3,,,1,0,0,1
1114823701943300,1791140485.453729,10453,tx,1456.4,144.3,415.6,,,1,0,0,1
1114823864295100,1791140485.616083,10616,tx,1093.3,157.5,274.9,,,1,0,0,1
1114824014999900,1791140485.766789,10766,tx,3783.1,119.2,275.6,,,1,0,0,1
1114824157301500,1791140485.909093,10909,tx,1140.4,156.3,330.2,,,1,0,0,1
1114824299067800,1791140486.050861,11050,tx,62193.8,145.7,311.9,,,1,0,0,1
1114824455904800,1791140486.207700,11207,tx,1101.6,159.9,282.3,,,1,0,0,1
1114824598631400,1791140486.350428,11350,tx,1158.5,220.2,393.3,,,1,0,0,1
1114824742025600,1791140486.493823,11493,tx,1644.5,172.8,433.2,,,1,0,0,1
1114824882912800,1791140486.634712,11634,tx,9195.6,132.9,283.3,,,1,0,0,1
1114825040796800,1791140486.792598,11792,tx,1017.5,133.6,308.2,,,1,0,0,1
1114825183688300,1791140486.935492,11935,tx,1216.1,169.5,334.8,,,1,0,0,1
1114825372498500,1791140487.124304,12124,tx,2344.7,125.9,248.3,,,1,0,0,1
1114825514206200,1791140487.266013,12266,tx,1691.4,173.4,336.1,,,1,0,0,1
1114825654877500,1791140487.406686,12406,tx,1043.3,150.5,321.2,,,1,0,0,1
1114825796198100,1791140487.548008,12548,tx,1152.8,147.6,381.3,,,1,0,0,1
1114825951558200,1791140487.703370,12703,tx,1268.5,332.4,503.7,,,1,0,0,1
1114826093336100,1791140487.845149,12845,tx,6794.5,117.0,327.6,,,1,0,0,1
1114826234275900,1791140487.986091,12986,tx,1699.5,156.0,448.9,,,1,0,0,1
1114826377969500,1791140488.129786,13129,tx,1143.9,164.6,413.4,,,1,0,0,1
1114826520639600,1791140488.272458,13272,tx,10077.3,184.1,385.6,,,1,0,0,1
1114826661505400,1791140488.413325,13413,tx,1327.8,372.5,553.3,,,1,0,0,1
1114826801860000,1791140488.553682,13553,tx,63246.6,333.2,520.2,,,1,0,0,1
1114826986935200,1791140488.738759,13738,tx,1912.5,184.0,319.5,,,1,0,0,1
1114827131302500,1791140488.883128,13883,tx,10211.2,151.0,335.3,,,1,0,0,1
1114827272682400,1791140489.024509,14024,tx,1222.5,191.5,386.9,,,1,0,0,1
1114827413099600,1791140489.164928,14164,tx,5618.2,128.0,289.0,,,1,0,0,1
1114827554934200,1791140489.306764,14306,tx,1395.7,126.3,410.7,,,1,0,0,1
1114827696775500,1791140489.448607,14448,tx,1007.9,128.1,294.6,,,1,0,0,1
1114827838657800,1791140489.590491,14590,tx,5438.0,193.8,454.6,,,1,0,0,1
1114827980496800,1791140489.732332,14732,tx,1234.2,304.4,483.0,,,1,0,0,1
1114828122504300,1791140489.874341,14874,tx,1208.0,355.7,511.8,,,1,0,0,1
1114828264077000,1791140490.015915,15,tx,1752.5,683.0,845.1,,,1,0,0,1
1114828406847000,1791140490.158686,158,tx,1380.0,163.2,365.3,,,1,0,0,1
1114828549974300,1791140490.301816,301,tx,1172.8,150.7,334.0,,,1,0,0,1
1114828693706900,1791140490.445550,445,tx,1014.8,185.0,340.7,,,1,0,0,1
1114828856270700,1791140490.608115,608,tx,1177.0,151.0,314.5,,,1,0,0,1
1114829005385700,1791140490.757232,757,tx,1363.5,118.4,312.1,,,1,0,0,1
1114829149126200,1791140490.900975,900,tx,12555.4,190.4,356.5,,,1,0,0,1
1114829332722500,1791140491.084572,1084,tx,27764.9,162.0,348.5,,,1,0,0,1
1114829490256200,1791140491.242108,1242,tx,1302.0,164.1,273.5,,,1,0,0,1
1114829631533100,1791140491.383387,1383,tx,10209.4,368.0,517.3,,,1,0,0,1
1114829772776600,1791140491.524628,1524,tx,1168.6,146.1,291.6,,,1,0,0,1
1114829914432700,1791140491.666289,1666,tx,3894.0,152.9,306.8,,,1,0,0,1
1114830056223200,1791140491.808081,1808,tx,1066.5,163.2,345.5,,,1,0,0,1
1114830198947800,1791140491.950808,1950,tx,1170.7,180.2,351.7,,,1,0,0,1
1114830368873800,1791140492.120735,2120,tx,24099.1,143.2,258.6,,,1,0,0,1
1114830512697300,1791140492.264546,2264,tx,1178.8,150.8,320.6,,,1,0,0,1
1114830669848400,1791140492.421713,2421,tx,1068.4,203.6,356.0,,,1,0,0,1
1114830811548200,1791140492.563415,2563,tx,20921.7,236.7,458.5,,,1,0,0,1
1114830952296000,1791140492.704164,2704,tx,1246.0,168.8,310.7,,,1,0,0,1
1114831093102100,1791140492.844972,2844,tx,1198.6,212.0,387.0,,,1,0,0,1
1114831234628100,1791140492.986500,2986,tx,1159.1,216.0,387.1,,,1,0,0,1
1114831373782900,1791140493.125656,3125,tx,9904.2,207.7,375.9,,,1,0,0,1
1114831517592600,1791140493.269467,3269,tx,1280.1,278.6,467.0,,,1,0,0,1
1114831660342900,1791140493.412219,3412,tx,8984.0,165.8,331.9,,,1,0,0,1
1114831801548600,1791140493.553427,3553,tx,59686.3,263.4,497.5,,,1,0,0,1
1114831990815900,1791140493.742697,3742,tx,13993.5,322.7,456.6,,,1,0,0,1
1114832132008400,1791140493.883890,3883,tx,1968.2,153.6,413.1,,,1,0,0,1
1114832274485000,1791140494.026369,4026,tx,1343.9,250.3,538.2,,,1,0,0,1
1114832416794100,1791140494.168679,4168,tx,1079.3,147.9,324.3,,,1,0,0,1
1114832558963100,1791140494.310850,4310,tx,1082.2,166.1,351.5,,,1,0,0,1
1114832699757200,1791140494.451645,4451,tx,1024.3,128.3,296.0,,,1,0,0,1
1114832870368600,1791140494.622259,4622,tx,8660.3,206.3,329.6,,,1,0,0,1
1114833015430400,1791140494.767321,4767,tx,1644.8,285.3,679.1,,,1,0,0,1
1114833157569900,1791140494.909462,4909,tx,2104.7,267.9,437.4,,,1,0,0,1
1114833298673300,1791140495.050568,5050,tx,59853.2,96.8,363.5,,,1,0,0,1
1114833458498100,1791140495.210395,5210,tx,1084.9,119.5,228.0,,,1,0,0,1
1114833599418300,1791140495.351317,5351,tx,1263.7,393.6,567.1,,,1,0,0,1
1114833740699100,1791140495.492599,5492,tx,9277.0,122.2,296.2,,,1,0,0,1
1114833881383200,1791140495.633285,5633,tx,1123.2,181.1,381.8,,,1,0,0,1
1114834023411800,1791140495.775315,5775,tx,1243.7,121.6,313.3,,,1,0,0,1
1114834165712700,1791140495.917617,5917,tx,1190.2,254.9,420.4,,,1,0,0,1
1114834319553000,1791140496.071459,6071,tx,50051.2,337.2,459.3,,,1,0,0,1
1114834493406900,1791140496.245315,6245,tx,9473.0,181.4,303.4,,,1,0,0,1
1114834639155600,1791140496.391066,6391,tx,1027.2,172.7,353.2,,,1,0,0,1
1114834782004400,1791140496.533916,6533,tx,1483.9,172.0,508.5,,,1,0,0,1
1114834922720300,1791140496.674633,6674,tx,945.9,110.1,270.5,,,1,0,0,1
1114835065935600,1791140496.817851,6817,tx,1057.7,123.2,298.0,,,1,0,0,1
1114835207153400,1791140496.959070,6959,tx,991.5,148.3,308.2,,,1,0,0,1
1114835348231200,1791140497.100148,7100,tx,1236.2,200.6,404.9,,,1,0,0,1
1114835490476900,1791140497.242396,7242,tx,8852.5,129.7,287.5,,,1,0,0,1
1114835632629000,1791140497.384550,7384,tx,1177.2,282.4,465.4,,,1,0,0,1
1114835775093600,1791140497.527016,7527,tx,1089.9,144.7,348.9,,,1,0,0,1
1114835914849800,1791140497.666773,7666,tx,17959.5,230.2,437.4,,,1,0,0,1
1114836053264700,1791140497.805190,7805,tx,1103.0,169.1,299.9,,,1,0,0,1
1114836200334800,1791140497.952263,7952,tx,991.6,145.7,314.9,,,1,0,0,1
1114836360260500,1791140498.112190,8112,tx,9023.3,146.5,323.8,,,1,0,0,1
1114836502498500,1791140498.254430,8254,tx,8944.0,376.6,578.5,,,1,0,0,1
1114836643170100,1791140498.395103,8395,tx,1034.3,105.8,288.0,,,1,0,0,1
1114836784452000,1791140498.536386,8536,tx,1415.3,376.8,557.1,,,1,0,0,1
1114836925780600,1791140498.677716,8677,tx,1160.7,192.6,405.3,,,1,0,0,1
1114837067597700,1791140498.819535,8819,tx,1071.1,252.9,411.8,,,1,0,0,1
1114837210290400,1791140498.962229,8962,tx,1144.1,129.6,329.9,,,1,0,0,1
1114837368648500,1791140499.120589,9120,tx,7480.7,307.5,414.5,,,1,0,0,1
1114837510479000,1791140499.262421,9262,tx,1253.8,339.3,497.9,,,1,0,0,1
1114837651591500,1791140499.403536,9403,tx,1226.8,154.5,493.9,,,1,0,0,1
1114837792882200,1791140499.544828,9544,tx,64645.6,159.2,311.5,,,1,0,0,1
1114837957372000,1791140499.709320,9709,tx,1171.0,170.6,317.8,,,1,0,0,1
1114838107707500,1791140499.859657,9859,tx,10762.5,190.7,379.3,,,1,0,0,1
1114838249561000,1791140500.001511,10001,tx,1516.5,161.1,454.9,,,1,0,0,1
1114838391617600,1791140500.143569,10143,tx,1426.7,234.0,445.8,,,1,0,0,1
1114838533465600,1791140500.285419,10285,tx,12101.2,174.2,587.5,,,1,0,0,1
1114838675882700,1791140500.427839,10427,tx,12029.6,172.3,295.3,,,1,0,0,1
1114838863766400,1791140500.615724,10615,tx,1945.9,118.9,267.2,,,1,0,0,1
1114839007432400,1791140500.759392,10759,tx,1290.7,331.4,531.0,,,1,0,0,1
1114839150110200,1791140500.902066,10902,tx,1496.7,175.5,405.8,,,1,0,0,1
1114839292804900,1791140501.044768,11044,tx,1232.7,120.9,311.6,,,1,0,0,1
1114839434601900,1791140501.186566,11186,tx,3894.3,241.9,444.0,,,1,0,0,1
1114839574931700,1791140501.326897,11326,tx,1319.5,166.8,365.6,,,1,0,0,1
1114839715682900,1791140501.467650,11467,tx,1560.2,174.6,475.1,,,1,0,0,1
1114839855878900,1791140501.607846,11607,tx,1569.8,190.6,594.2,,,1,0,0,1
1114839995974000,1791140501.747945,11747,tx,1056.7,125.1,301.8,,,1,0,0,1
1114840136759600,1791140501.888732,11888,tx,1103.3,136.1,322.6,,,1,0,0,1
1114840279270200,1791140502.031244,12031,tx,1417.0,158.8,325.1,,,1,0,0,1
1114840419608000,1791140502.171583,12171,tx,30668.6,266.6,436.1,,,1,0,0,1
1114840580913900,1791140502.332891,12332,tx,1974.4,138.6,303.9,,,1,0,0,1
1114840731074400,1791140502.483053,12483,tx,2396.9,132.3,416.0,,,1,0,0,1
1114840887868100,1791140502.639848,12639,tx,1298.8,181.6,421.5,,,1,0,0,1
1114841029068000,1791140502.781049,12781,tx,15257.5,139.6,445.7,,,1,0,0,1
1114841170780700,1791140502.922765,12922,tx,1255.6,150.0,426.9,,,1,0,0,1
1114841367096200,1791140503.119082,13119,tx,1903.9,173.8,296.1,,,1,0,0,1
1114841517512600,1791140503.269499,13269,tx,1834.4,357.7,600.3,,,1,0,0,1
1114841660284200,1791140503.412273,13412,tx,1311.0,222.9,409.9,,,1,0,0,1
1114841802025100,1791140503.554015,13554,tx,62192.9,749.7,1000.1,,,1,0,0,1
1114841989121000,1791140503.741111,13741,tx,1375.1,126.4,333.9,,,1,0,0,1
1114842130660500,1791140503.882655,13882,tx,1109.4,223.3,393.8,,,1,0,0,1
1114842272576900,1791140504.024573,14024,tx,18647.9,231.8,476.6,,,1,0,0,1
1114842420036700,1791140504.172034,14172,tx,6234.3,177.8,378.4,,,1,0,0,1
1114842571173100,1791140504.323168,14323,tx,1078.8,168.8,340.1,,,1,0,0,1
1114842715460700,1791140504.467461,14467,tx,12127.3,229.6,558.9,,,1,0,0,1
1114842856606000,1791140504.608605,14608,tx,1956.8,186.3,526.5,,,1,0,0,1
1114842996238200,1791140504.748243,14748,tx,1150.8,194.9,416.0,,,1,0,0,1
1114843137135500,1791140504.889142,14889,tx,1041.1,147.3,330.0,,,1,0,0,1
1114843291638200,1791140505.043646,43,tx,1497.2,253.6,449.0,,,1,0,0,1
1114843441860900,1791140505.193870,193,tx,1074.9,216.2,361.5,,,1,0,0,1
1114843587136900,1791140505.339148,339,tx,10373.0,238.4,469.8,,,1,0,0,1
1114843733697700,1791140505.485711,485,tx,1172.1,103.5,402.8,,,1,0,0,1
1114843879947000,1791140505.631961,631,tx,1117.8,162.5,387.8,,,1,0,0,1
1114844023520400,1791140505.775536,775,tx,10005.5,231.4,469.5,,,1,0,0,1
1114844162807500,1791140505.914825,914,tx,1678.0,228.0,538.0,,,1,0,0,1
1114844304692600,1791140506.056712,1056,tx,32889.7,173.9,411.4,,,1,0,0,1
1114844452634500,1791140506.204655,1204,tx,1583.1,197.8,383.9,,,1,0,0,1
1114844593607800,1791140506.345630,1345,tx,1222.3,304.0,473.4,,,1,0,0,1
1114844734356400,1791140506.486381,1486,tx,1942.4,388.5,650.8,,,1,0,0,1
1114844876248700,1791140506.628273,1628,tx,2427.7,165.2,386.2,,,1,0,0,1
1114845016917900,1791140506.768945,1768,tx,1124.8,126.6,300.4,,,1,0,0,1
1114845173298700,1791140506.925327,1925,tx,1349.8,158.3,410.0,,,1,0,0,1
1114845358515000,1791140507.110540,2110,tx,1215.2,357.7,519.0,,,1,0,0,1
1114845503741800,1791140507.255774,2255,tx,9663.8,138.1,350.3,,,1,0,0,1
1114845645499100,1791140507.397533,2397,tx,1953.0,205.8,533.0,,,1,0,0,1
1114845785881900,1791140507.537918,2537,tx,1293.7,163.3,349.8,,,1,0,0,1
1114845927036900,1791140507.679074,2679,tx,1420.4,210.6,457.4,,,1,0,0,1
1114846068832400,1791140507.820872,2820,tx,1819.0,155.8,371.4,,,1,0,0,1
1114846210091200,1791140507.962132,2962,tx,6159.0,213.8,376.7,,,1,0,0,1
1114846364404200,1791140508.116447,3116,tx,2105.9,403.0,574.3,,,1,0,0,1
1114846508736600,1791140508.260781,3260,tx,2091.1,234.0,393.9,,,1,0,0,1
1114846649754100,1791140508.401796,3401,tx,10493.3,127.6,298.4,,,1,0,0,1
1114846790430100,1791140508.542478,3542,tx,1596.8,373.2,578.3,,,1,0,0,1
1114846931754700,1791140508.683804,3683,tx,1509.3,139.1,318.4,,,1,0,0,1
1114847071749100,1791140508.823800,3823,tx,1074.8,151.0,302.2,,,1,0,0,1
1114847213013000,1791140508.965065,3965,tx,1010.3,135.1,300.4,,,1,0,0,1
1114847355152000,1791140509.107205,4107,tx,1740.6,154.2,332.9,,,1,0,0,1
1114847497125000,1791140509.249180,4249,tx,2700.8,217.1,490.3,,,1,0,0,1
1114847637659600,1791140509.389716,4389,tx,1755.5,181.0,369.9,,,1,0,0,1
1114847777332900,1791140509.529392,4529,tx,1916.0,156.9,343.7,,,1,0,0,1
1114847917294700,1791140509.669354,4669,tx,1547.3,460.9,743.8,,,1,0,0,1
1114848057516000,1791140509.809575,4809,tx,2375.7,298.4,524.4,,,1,0,0,1
1114848197885400,1791140509.949948,4949,tx,1905.5,191.0,621.0,,,1,0,0,1
1114848364676800,1791140510.116742,5116,tx,2309.3,231.8,552.3,,,1,0,0,1
1114848507911100,1791140510.259978,5259,tx,10482.8,216.7,378.1,,,1,0,0,1
1114848650591500,1791140510.402660,5402,tx,1302.2,339.8,457.2,,,1,0,0,1
1114848789259200,1791140510.541328,5541,tx,4576.6,139.3,472.0,,,1,0,0,1
1114848930206000,1791140510.682277,5682,tx,1501.1,165.3,401.9,,,1,0,0,1
1114849070051700,1791140510.822125,5822,tx,14268.0,947.5,1239.9,,,1,0,0,1
1114849213247600,1791140510.965322,5965,tx,1091.9,139.5,299.3,,,1,0,0,1
1114849365343300,1791140511.117419,6117,tx,2121.1,374.7,705.8,,,1,0,0,1
1114849505863000,1791140511.257941,6257,tx,1333.2,146.2,338.2,,,1,0,0,1
1114849647401500,1791140511.399481,6399,tx,1209.0,154.9,342.4,,,1,0,0,1
1114849786230900,1791140511.538312,6538,tx,1505.2,200.5,387.2,,,1,0,0,1
1114849926246200,1791140511.678329,6678,tx,10512.8,353.6,770.0,,,1,0,0,1
1114850064159900,1791140511.816244,6816,tx,1180.9,161.2,333.8,,,1,0,0,1
1114850201922500,1791140511.954009,6954,tx,1196.4,143.3,316.2,,,1,0,0,1
1114850357046500,1791140512.109134,7109,tx,1360.8,184.6,443.1,,,1,0,0,1
1114850498006100,1791140512.250096,7250,tx,1147.8,154.8,320.1,,,1,0,0,1
1114850636325500,1791140512.388416,7388,tx,2203.4,166.7,426.6,,,1,0,0,1
1114850774797600,1791140512.526890,7526,tx,1248.1,139.4,308.4,,,1,0,0,1
1114850915234200,1791140512.667328,7667,tx,3423.9,145.9,328.8,,,1,0,0,1
1114851056139900,1791140512.808235,7808,tx,1512.8,142.3,414.4,,,1,0,0,1
1114851196080400,1791140512.948177,7948,tx,1625.6,174.2,456.1,,,1,0,0,1
1114851367905300,1791140513.120005,8120,tx,2130.7,141.1,311.0,,,1,0,0,1
1114851507219500,1791140513.259320,8259,tx,1601.5,180.3,479.2,,,1,0,0,1
1114851648424300,1791140513.400527,8400,tx,1703.3,126.4,309.0,,,1,0,0,1
1114851789212600,1791140513.541317,8541,tx,33697.3,192.8,385.2,,,1,0,0,1
1114851929023300,1791140513.681129,8681,tx,1360.2,189.0,395.3,,,1,0,0,1
1114852067170600,1791140513.819278,8819,tx,1444.4,157.4,299.2,,,1,0,0,1
1114852206898800,1791140513.959008,8959,tx,1074.0,132.8,268.7,,,1,0,0,1
1114852363942200,1791140514.116053,9116,tx,1147.0,98.0,221.5,,,1,0,0,1
1114852503960000,1791140514.256072,9256,tx,1147.9,150.0,315.0,,,1,0,0,1
1114852644743200,1791140514.396857,9396,tx,10612.0,164.2,331.1,,,1,0,0,1
1114852784347800,1791140514.536463,9536,tx,2523.7,138.3,297.6,,,1,0,0,1
1114852923624000,1791140514.675740,9675,tx,1606.6,191.7,620.1,,,1,0,0,1
1114853063651600,1791140514.815770,9815,tx,1393.0,208.5,487.2,,,1,0,0,1
1114853204487000,1791140514.956606,9956,tx,12769.6,375.1,553.8,,,1,0,0,1
1114853353737200,1791140515.105858,10105,tx,11885.7,164.7,318.9,,,1,0,0,1
1114853501447600,1791140515.253571,10253,tx,1626.3,364.5,543.6,,,1,0,0,1
1114853643789900,1791140515.395915,10395,tx,10950.2,121.7,361.1,,,1,0,0,1
1114853786101100,1791140515.538227,10538,tx,1212.6,105.9,259.1,,,1,0,0,1
1114853925940400,1791140515.678068,10678,tx,1015.3,158.5,338.2,,,1,0,0,1
1114854066753900,1791140515.818883,10818,tx,1449.3,159.5,338.4,,,1,0,0,1
1114854207147000,1791140515.959278,10959,tx,1307.0,152.8,400.3,,,1,0,0,1
1114854358853500,1791140516.110986,11110,tx,1322.1,222.1,326.2,,,1,0,0,1
1114854501759400,1791140516.253894,11253,tx,1491.2,168.6,356.8,,,1,0,0,1
1114854643954900,1791140516.396091,11396,tx,1082.1,160.4,336.6,,,1,0,0,1
1114854784674500,1791140516.536808,11536,tx,1114.2,141.0,399.5,,,1,0,0,1
1114854926381600,1791140516.678521,11678,tx,1211.6,131.9,320.4,,,1,0,0,1
1114855066682500,1791140516.818822,11818,tx,12304.3,158.8,387.9,,,1,0,0,1
1114855216479100,1791140516.968622,11968,tx,12456.0,377.1,514.5,,,1,0,0,1
1114855367183800,1791140517.119328,12119,tx,1140.3,125.2,253.1,,,1,0,0,1
1114855505135500,1791140517.257281,12257,tx,7167.2,190.8,351.6,,,1,0,0,1
1114855647343200,1791140517.399491,12399,tx,1096.8,142.2,333.5,,,1,0,0,1
1114855788872200,1791140517.541021,12541,tx,1345.9,135.6,287.4,,,1,0,0,1
1114855929742000,1791140517.681892,12681,tx,1302.5,153.9,347.2,,,1,0,0,1
1114856070580200,1791140517.822731,12822,tx,1322.0,296.3,487.0,,,1,0,0,1
1114856210796600,1791140517.962951,12962,tx,10468.5,135.7,382.6,,,1,0,0,1
1114856351581900,1791140518.103737,13103,tx,1329.4,247.7,442.1,,,1,0,0,1
1114856490864200,1791140518.243021,13243,tx,17925.5,212.4,439.0,,,1,0,0,1
1114856632799400,1791140518.384958,13384,tx,1378.3,202.4,456.5,,,1,0,0,1
1114856773018000,1791140518.525178,13525,tx,1717.2,114.0,379.3,,,1,0,0,1
1114856915381100,1791140518.667543,13667,tx,1490.9,119.1,283.9,,,1,0,0,1
1114857057084400,1791140518.809247,13809,tx,1281.1,185.3,340.3,,,1,0,0,1
1114857197828600,1791140518.949993,13949,tx,1335.9,122.8,372.9,,,1,0,0,1
1114857369270100,1791140519.121410,14121,tx,8716.6,204.8,388.6,,,1,0,0,1
1114857511506600,1791140519.263675,14263,tx,1224.4,353.4,503.8,,,1,0,0,1
1114857653416200,1791140519.405586,14405,tx,1001.8,137.1,293.0,,,1,0,0,1
1114857793228200,1791140519.545400,14545,tx,1006.3,154.3,312.2,,,1,0,0,1
1114857947452400,1791140519.699626,14699,tx,1386.6,359.3,524.3,,,1,0,0,1
1114858086701400,1791140519.838876,14838,tx,1407.9,173.1,401.5,,,1,0,0,1
1114858229032400,1791140519.981209,14981,tx,1182.6,184.4,380.8,,,1,0,0,1
1114858366352300,1791140520.118530,118,tx,1767.4,134.8,260.6,,,1,0,0,1
1114858509784100,1791140520.261964,261,tx,1104.4,180.0,394.4,,,1,0,0,1
1114858653417300,1791140520.405598,405,tx,1332.6,187.4,340.6,,,1,0,0,1
1114858790617300,1791140520.542800,542,tx,66791.3,190.5,374.9,,,1,0,0,1
1114858985437600,1791140520.737623,737,tx,1445.0,394.2,526.1,,,1,0,0,1
1114859123829400,1791140520.876016,876,tx,1122.5,130.0,331.5,,,1,0,0,1
1114859268166500,1791140521.020355,1020,tx,1263.3,148.6,374.9,,,1,0,0,1
1114859409686600,1791140521.161876,1161,tx,1010.8,128.6,296.1,,,1,0,0,1
1114859553066300,1791140521.305258,1305,tx,9685.3,151.4,369.0,,,1,0,0,1
1114859694433700,1791140521.446627,1446,tx,975.0,114.9,285.1,,,1,0,0,1
1114859860017300,1791140521.612212,1612,tx,11755.7,143.0,275.1,,,1,0,0,1
1114860007681600,1791140521.759878,1759,tx,1154.1,123.9,331.8,,,1,0,0,1
1114860148649500,1791140521.900848,1900,tx,1260.2,185.2,393.5,,,1,0,0,1
1114860288344400,1791140522.040544,2040,tx,1118.3,146.1,317.7,,,1,0,0,1
1114860427670000,1791140522.179871,2179,tx,10127.3,162.6,369.1,,,1,0,0,1
1114860569500900,1791140522.321703,2321,tx,13143.9,150.1,497.4,,,1,0,0,1
1114860711045300,1791140522.463250,2463,tx,1145.7,173.0,284.6,,,1,0,0,1
1114860851743800,1791140522.603950,2603,tx,1860.6,133.4,351.8,,,1,0,0,1
1114860991500600,1791140522.743708,2743,tx,5721.8,232.0,513.6,,,1,0,0,1
1114861130890900,1791140522.883100,2883,tx,1436.9,200.5,431.3,,,1,0,0,1
1114861271817500,1791140523.024028,3024,tx,1448.6,192.3,536.0,,,1,0,0,1
1114861411525600,1791140523.163738,3163,tx,9794.9,298.1,502.2,,,1,0,0,1
1114861551838700,1791140523.304053,3304,tx,6591.3,163.5,363.1,,,1,0,0,1
1114861692097000,1791140523.444313,3444,tx,1312.8,161.1,329.1,,,1,0,0,1
1114861856295600,1791140523.608513,3608,tx,1431.8,159.5,293.4,,,1,0,0,1
1114862005568900,1791140523.757787,3757,tx,1957.3,141.3,465.9,,,1,0,0,1
1114862146428200,1791140523.898649,3898,tx,1068.4,114.6,294.8,,,1,0,0,1
1114862286471900,1791140524.038694,4038,tx,40405.2,364.8,514.4,,,1,0,0,1
1114862429541800,1791140524.181766,4181,tx,1282.6,297.2,449.5,,,1,0,0,1
1114862569814500,1791140524.322040,4322,tx,1113.2,140.2,346.2,,,1,0,0,1
1114862709718000,1791140524.461945,4461,tx,1306.0,118.0,414.3,,,1,0,0,1
1114862866978300,1791140524.619207,4619,tx,1540.8,213.7,397.9,,,1,0,0,1
1114863024515800,1791140524.776746,4776,tx,1306.0,290.3,465.5,,,1,0,0,1
1114863167059600,1791140524.919292,4919,tx,995.3,118.5,273.6,,,1,0,0,1
1114863307355500,1791140525.059590,5059,tx,50165.8,99.7,254.2,,,1,0,0,1
1114863462262700,1791140525.214498,5214,tx,11745.0,363.9,772.6,,,1,0,0,1
1114863603696800,1791140525.355928,5355,tx,17663.4,183.1,342.7,,,1,0,0,1
1114863747828200,1791140525.500067,5500,tx,1227.1,122.2,306.8,,,1,0,0,1
1114863885286800,1791140525.637527,5637,tx,1534.9,214.1,409.0,,,1,0,0,1
1114864025665100,1791140525.777907,5777,tx,1164.9,212.3,362.6,,,1,0,0,1
1114864168624600,1791140525.920868,5920,tx,1187.5,233.8,451.1,,,1,0,0,1
1114864308914500,1791140526.061159,6061,tx,64707.8,124.2,461.0,,,1,0,0,1
1114864486446100,1791140526.238694,6238,tx,7444.7,327.6,515.7,,,1,0,0,1
1114864624612100,1791140526.376861,6376,tx,1172.2,203.0,354.0,,,1,0,0,1
1114864765327500,1791140526.517578,6517,tx,1045.0,141.2,307.9,,,1,0,0,1
1114864907192000,1791140526.659424,6659,tx,13961.0,199.2,422.9,,,1,0,0,1
1114865047990200,1791140526.800244,6800,tx,1179.0,159.5,400.2,,,1,0,0,1
1114865188251400,1791140526.940506,6940,tx,1024.1,118.3,284.7,,,1,0,0,1
1114865342662100,1791140527.094918,7094,tx,1373.7,147.6,434.4,,,1,0,0,1
1114865484075000,1791140527.236333,7236,tx,1638.5,110.4,427.2,,,1,0,0,1
1114865624758500,1791140527.377018,7377,tx,1168.1,170.8,344.8,,,1,0,0,1
1114865766580700,1791140527.518842,7518,tx,1323.5,234.5,423.7,,,1,0,0,1
1114865907933000,1791140527.660196,7660,tx,1653.6,201.3,452.6,,,1,0,0,1
1114866047865400,1791140527.800130,7800,tx,1329.5,122.0,330.9,,,1,0,0,1
1114866189403600,1791140527.941670,7941,tx,1043.0,124.2,303.1,,,1,0,0,1
1114866358623800,1791140528.110892,8110,tx,3121.1,302.7,529.4,,,1,0,0,1
1114866502102500,1791140528.254373,8254,tx,1118.8,246.1,395.4,,,1,0,0,1
1114866643013300,1791140528.395285,8395,tx,1648.4,135.0,363.5,,,1,0,0,1
1114866783240800,1791140528.535514,8535,tx,1086.0,130.9,329.5,,,1,0,0,1
1114866922681100,1791140528.674956,8674,tx,1317.4,102.7,411.4,,,1,0,0,1
1114867062976200,1791140528.815253,8815,tx,11190.3,145.6,303.8,,,1,0,0,1
1114867203531100,1791140528.955809,8955,tx,4235.2,267.0,453.3,,,1,0,0,1
1114867364321400,1791140529.116601,9116,tx,1279.6,121.9,237.2,,,1,0,0,1
1114867513039800,1791140529.265321,9265,tx,1195.9,137.0,312.5,,,1,0,0,1
1114867656082000,1791140529.408365,9408,tx,8093.5,163.2,293.9,,,1,0,0,1
1114867793786500,1791140529.546071,9546,tx,1214.1,134.7,296.5,,,1,0,0,1
1114867951786700,1791140529.704073,9704,tx,979.9,112.2,275.5,,,1,0,0,1
1114868094136800,1791140529.846425,9846,tx,3961.9,220.1,399.4,,,1,0,0,1
1114868234594700,1791140529.986880,9986,tx,1211.2,257.7,422.0,,,1,0,0,1
1114868373370700,1791140530.125662,10125,tx,1241.1,108.6,219.1,,,1,0,0,1
1114868516281300,1791140530.268574,10268,tx,10156.1,145.1,331.0,,,1,0,0,1
1114868658753200,1791140530.411047,10411,tx,1051.5,136.0,379.2,,,1,0,0,1
1114868800595700,1791140530.552892,10552,tx,70680.8,222.8,432.1,,,1,0,0,1
1114868990085900,1791140530.742384,10742,tx,1082.1,144.5,255.6,,,1,0,0,1
1114869129247700,1791140530.881547,10881,tx,1095.8,143.9,332.5,,,1,0,0,1
1114869269446400,1791140531.021748,11021,tx,1228.0,317.8,491.1,,,1,0,0,1
1114869410210400,1791140531.162513,11162,tx,1254.8,151.2,321.3,,,1,0,0,1
1114869549983500,1791140531.302288,11302,tx,1377.5,120.6,297.6,,,1,0,0,1
1114869690359600,1791140531.442666,11442,tx,984.7,114.0,280.5,,,1,0,0,1
1114869846857400,1791140531.599164,11599,tx,5988.6,201.6,439.9,,,1,0,0,1
1114869988557000,1791140531.740867,11740,tx,1398.3,218.1,445.8,,,1,0,0,1
1114870128906300,1791140531.881217,11881,tx,1722.8,140.4,306.0,,,1,0,0,1
1114870270185500,1791140532.022498,12022,tx,28502.8,98.2,344.7,,,1,0,0,1
1114870426674500,1791140532.178989,12178,tx,1192.8,259.3,378.7,,,1,0,0,1
1114870567675100,1791140532.319991,12319,tx,1004.5,153.4,302.2,,,1,0,0,1
1114870706961900,1791140532.459280,12459,tx,16189.0,154.4,343.3,,,1,0,0,1
1114870864498600,1791140532.616818,12616,tx,11431.1,387.1,525.0,,,1,0,0,1
1114871003630400,1791140532.755951,12755,tx,1138.0,196.3,359.7,,,1,0,0,1
1114871144128300,1791140532.896451,12896,tx,7166.7,207.7,359.0,,,1,0,0,1
1114871284469100,1791140533.036793,13036,tx,1364.9,327.4,537.5,,,1,0,0,1
1114871425832800,1791140533.178158,13178,tx,1385.9,249.7,446.6,,,1,0,0,1
1114871568718600,1791140533.321046,13321,tx,1076.6,154.2,310.0,,,1,0,0,1
1114871707933900,1791140533.460263,13460,tx,1080.2,212.3,406.5,,,1,0,0,1
1114871862083100,1791140533.614413,13614,tx,2084.4,161.2,273.0,,,1,0,0,1
1114872006587500,1791140533.758920,13758,tx,1231.5,238.4,391.1,,,1,0,0,1
1114872145428600,1791140533.897762,13897,tx,1324.7,331.6,571.0,,,1,0,0,1
1114872287313200,1791140534.039649,14039,tx,1499.5,269.0,428.3,,,1,0,0,1
1114872428160800,1791140534.180498,14180,tx,1174.5,115.5,341.9,,,1,0,0,1
1114872569466900,1791140534.321805,14321,tx,11467.0,360.7,514.5,,,1,0,0,1
1114872710737200,1791140534.463077,14463,tx,1510.2,155.4,256.2,,,1,0,0,1
1114872851979400,1791140534.604321,14604,tx,1484.5,174.2,360.2,,,1,0,0,1
1114872993307600,1791140534.745651,14745,tx,1297.8,132.7,313.2,,,1,0,0,1
1114873135600900,1791140534.887946,14887,tx,1117.1,197.4,377.2,,,1,0,0,1
1114873275377000,1791140535.027724,27,tx,1840.9,365.6,553.1,,,1,0,0,1
1114873417955800,1791140535.170304,170,tx,1424.5,177.9,370.8,,,1,0,0,1
1114873561804600,1791140535.314154,314,tx,1222.6,155.4,318.3,,,1,0,0,1
1114873705064000,1791140535.457415,457,tx,1177.3,120.5,283.0,,,1,0,0,1
1114873859954100,1791140535.612308,612,tx,1249.0,135.2,343.3,,,1,0,0,1
1114874005535300,1791140535.757890,757,tx,4272.4,192.6,440.0,,,1,0,0,1
1114874150096100,1791140535.902452,902,tx,1512.8,201.0,398.9,,,1,0,0,1
1114874294873600,1791140536.047231,1047,tx,11103.5,185.3,343.5,,,1,0,0,1
1114874441654000,1791140536.194013,1194,tx,1463.4,144.6,339.7,,,1,0,0,1
1114874582618600,1791140536.334980,1334,tx,1257.1,164.6,350.1,,,1,0,0,1
1114874722923400,1791140536.475286,1475,tx,1395.0,119.0,331.2,,,1,0,0,1
1114874868298300,1791140536.620662,1620,tx,10033.1,364.5,715.0,,,1,0,0,1
1114875006079300,1791140536.758446,1758,tx,1158.5,143.7,384.8,,,1,0,0,1
1114875146963800,1791140536.899332,1899,tx,1232.1,118.1,292.6,,,1,0,0,1
1114875286805200,1791140537.039174,2039,tx,1495.9,160.1,381.8,,,1,0,0,1
1114875428629900,1791140537.181000,2180,tx,1431.1,187.8,437.8,,,1,0,0,1
1114875568966700,1791140537.321339,2321,tx,1553.8,244.6,484.1,,,1,0,0,1
1114875710792300,1791140537.463164,2463,tx,1257.1,148.6,359.9,,,1,0,0,1
1114875850041200,1791140537.602416,2602,tx,16953.9,203.0,410.0,,,1,0,0,1
1114875990786000,1791140537.743163,2743,tx,2008.1,195.3,329.7,,,1,0,0,1
1114876132835600,1791140537.885215,2885,tx,1066.0,160.3,307.2,,,1,0,0,1
1114876274202100,1791140538.026583,3026,tx,1079.7,121.1,347.5,,,1,0,0,1
1114876415954800,1791140538.168336,3168,tx,6439.7,144.2,422.1,,,1,0,0,1
1114876556260300,1791140538.308643,3308,tx,1165.6,141.1,357.9,,,1,0,0,1
1114876695974500,1791140538.448360,3448,tx,1050.2,142.7,321.0,,,1,0,0,1
1114876863917700,1791140538.616304,3616,tx,1115.1,118.1,269.0,,,1,0,0,1
1114877010910700,1791140538.763299,3763,tx,1519.3,143.6,313.3,,,1,0,0,1
1114877166587800,1791140538.918978,3918,tx,7656.5,244.6,393.2,,,1,0,0,1
1114877339322600,1791140539.091715,4091,tx,15913.5,126.4,275.1,,,1,0,0,1
1114877480869100,1791140539.233263,4233,tx,1164.7,113.0,286.3,,,1,0,0,1
1114877621723800,1791140539.374114,4374,tx,3180.5,208.6,566.2,,,1,0,0,1
1114877761970600,1791140539.514368,4514,tx,1406.8,119.4,286.8,,,1,0,0,1
1114877901597800,1791140539.653997,4653,tx,11646.3,282.6,450.4,,,1,0,0,1
1114878043461500,1791140539.795862,4795,tx,5626.9,312.4,491.9,,,1,0,0,1
1114878182854100,1791140539.935256,4935,tx,1667.3,264.6,442.9,,,1,0,0,1
1114878368950600,1791140540.121355,5121,tx,6834.4,270.2,383.4,,,1,0,0,1
1114878510091900,1791140540.262497,5262,tx,1067.4,140.3,325.8,,,1,0,0,1
1114878647503000,1791140540.399910,5399,tx,1168.4,312.8,466.4,,,1,0,0,1
1114878786369700,1791140540.538779,5538,tx,1106.0,120.8,313.5,,,1,0,0,1
1114878927421900,1791140540.679832,5679,tx,1753.7,299.2,568.1,,,1,0,0,1
1114879068185500,1791140540.820595,5820,tx,9572.2,117.0,276.2,,,1,0,0,1
1114879206230300,1791140540.958643,5958,tx,1281.0,174.1,312.1,,,1,0,0,1
1114879370740300,1791140541.123156,6123,tx,1301.7,146.7,302.3,,,1,0,0,1
1114879508244500,1791140541.260662,6260,tx,1162.9,123.5,292.0,,,1,0,0,1
1114879650120400,1791140541.402535,6402,tx,55928.1,177.1,435.4,,,1,0,0,1
1114879867047200,1791140541.619468,6619,idle,11659.4,126.1,247.0,,,0,0,0,0
1114880013457900,1791140541.765881,6765,idle,132113.0,,,,,0,0,0,0
1114880278198000,1791140542.030623,7030,idle,4153.3,,,,,0,0,0,0
1114880422842100,1791140542.175269,7175,idle,1954.8,,,,,0,0,0,0
1114880578964100,1791140542.331393,7331,idle,1387.9,,,,,0,0,0,0
1114880719199500,1791140542.471630,7471,idle,1425.6,,,,,0,0,0,0
1114880858390200,1791140542.610822,7610,idle,1555.5,,,,,0,0,0,0
1114881000187700,1791140542.752622,7752,idle,1051.5,,,,,0,0,0,0
1114881139784700,1791140542.892220,7892,idle,1113.1,,,,,0,0,0,0
1114881282571300,1791140543.035008,8035,idle,2548.7,,,,,0,0,0,0
1114881424409500,1791140543.176827,8176,idle,9817.7,,,,,0,0,0,0
1114881565617300,1791140543.318058,8318,idle,1174.0,,,,,0,0,0,0
1114881706653400,1791140543.459094,8459,idle,12334.1,,,,,0,0,0,0
1114881848817000,1791140543.601260,8601,idle,1793.1,,,,,0,0,0,0
1114881991510700,1791140543.743950,8743,idle,2053.3,,,,,0,0,0,0
1114882131588400,1791140543.884035,8884,idle,1568.1,,,,,0,0,0,0
1114882350544200,1791140544.102993,9102,tx,54647.4,152.8,347.0,,,1,0,0,1
1114882520999800,1791140544.273451,9273,tx,8254.9,200.5,311.8,,,1,0,0,1
1114882669435100,1791140544.421888,9421,tx,1325.4,277.0,536.9,,,1,0,0,1
1114882811343500,1791140544.563798,9563,tx,20118.9,102.6,283.0,,,1,0,0,1
1114882954714400,1791140544.707170,9707,tx,9846.3,117.9,307.4,,,1,0,0,1
1114883094983200,1791140544.847441,9847,tx,1281.7,184.0,368.0,,,1,0,0,1
1114883235860700,1791140544.988320,9988,tx,1195.3,123.3,331.4,,,1,0,0,1
1114883377071700,1791140545.129532,10129,tx,1028.5,140.3,314.1,,,1,0,0,1
1114883519316100,1791140545.271779,10271,tx,1482.0,356.4,639.2,,,1,0,0,1
1114883661717200,1791140545.414181,10414,tx,1276.6,165.2,446.5,,,1,0,0,1
1114883801971400,1791140545.554437,10554,tx,54317.8,97.3,258.1,,,1,0,0,1
1114883958450200,1791140545.710917,10710,tx,1611.9,374.2,522.6,,,1,0,0,1
1114884100040900,1791140545.852510,10852,tx,1209.5,121.8,348.5,,,1,0,0,1
1114884239896100,1791140545.992367,10992,tx,1066.7,146.7,318.6,,,1,0,0,1
1114884381287400,1791140546.133760,11133,tx,10222.9,185.5,346.4,,,1,0,0,1
1114884519259200,1791140546.271733,11271,tx,1789.2,134.4,252.9,,,1,0,0,1
1114884664078200,1791140546.416553,11416,tx,1870.9,174.2,533.9,,,1,0,0,1
1114884805279200,1791140546.557754,11557,tx,63038.0,159.0,307.6,,,1,0,0,1
1114884994771600,1791140546.747251,11747,tx,1929.4,204.9,313.8,,,1,0,0,1
1114885134836500,1791140546.887317,11887,tx,1350.6,147.9,451.4,,,1,0,0,1
1114885274975600,1791140547.027457,12027,tx,1180.2,149.2,334.3,,,1,0,0,1
1114885416225900,1791140547.168710,12168,tx,12443.5,175.2,424.1,,,1,0,0,1
1114885556940800,1791140547.309427,12309,tx,1114.9,121.1,295.4,,,1,0,0,1
1114885698294800,1791140547.450781,12450,tx,5932.3,183.5,391.4,,,1,0,0,1
1114885840480300,1791140547.592969,12592,tx,1883.0,295.5,539.8,,,1,0,0,1
1114885981810000,1791140547.734300,12734,tx,1213.4,154.4,351.5,,,1,0,0,1
1114886121053300,1791140547.873545,12873,tx,1103.9,111.3,278.6,,,1,0,0,1
1114886260965200,1791140548.013458,13013,tx,1700.9,173.3,353.9,,,1,0,0,1
1114886402828100,1791140548.155322,13155,tx,1295.9,119.2,448.2,,,1,0,0,1
1114886543549800,1791140548.296046,13296,tx,1126.3,251.8,429.7,,,1,0,0,1
1114886683887100,1791140548.436384,13436,tx,3760.9,201.1,387.5,,,1,0,0,1
1114886858880100,1791140548.611375,13611,tx,1373.1,139.5,282.5,,,1,0,0,1
1114886996183600,1791140548.748681,13748,tx,1525.8,148.7,360.1,,,1,0,0,1
1114887136458000,1791140548.888961,13888,tx,1305.7,345.2,512.6,,,1,0,0,1
1114887275271500,1791140549.027776,14027,tx,1170.6,118.7,331.4,,,1,0,0,1
1114887415514700,1791140549.168020,14168,tx,1316.5,269.3,453.8,,,1,0,0,1
1114887555849400,1791140549.308331,14308,tx,11025.2,159.3,377.2,,,1,0,0,1
1114887696642700,1791140549.449132,14449,tx,2056.3,196.6,413.0,,,1,0,0,1
1114887861915300,1791140549.614427,14614,tx,1846.4,130.1,236.7,,,1,0,0,1
1114888010713600,1791140549.763227,14763,tx,1023.9,121.2,293.6,,,1,0,0,1
1114888150345900,1791140549.902861,14902,tx,1907.8,147.9,273.2,,,1,0,0,1
1114888294481300,1791140550.046998,46,tx,1398.9,331.0,479.1,,,1,0,0,1
1114888441037300,1791140550.193555,193,tx,6889.5,135.5,251.3,,,1,0,0,1
1114888580769800,1791140550.333289,333,tx,1134.7,167.0,389.3,,,1,0,0,1
1114888724315100,1791140550.476836,476,tx,1300.7,194.7,379.7,,,1,0,0,1
1114888868065200,1791140550.620588,620,tx,1650.0,138.6,327.3,,,1,0,0,1
1114889011585400,1791140550.764110,764,tx,11750.2,265.1,411.5,,,1,0,0,1
1114889152984600,1791140550.905511,905,tx,1285.7,141.9,404.1,,,1,0,0,1
1114889296787000,1791140551.049314,1049,tx,1099.7,144.4,334.0,,,1,0,0,1
1114889438715000,1791140551.191244,1191,tx,2036.4,122.2,387.4,,,1,0,0,1
1114889580368100,1791140551.332899,1332,tx,1052.4,127.9,299.5,,,1,0,0,1
1114889721678000,1791140551.474207,1474,tx,2222.6,162.8,341.5,,,1,0,0,1
1114889859316200,1791140551.611850,1611,tx,1061.2,132.5,238.9,,,1,0,0,1
1114890002744900,1791140551.755280,1755,tx,1224.9,125.5,332.3,,,1,0,0,1
1114890142526900,1791140551.895064,1895,tx,1250.9,226.1,434.4,,,1,0,0,1
1114890285772300,1791140552.038311,2038,tx,1242.6,142.0,325.1,,,1,0,0,1
1114890427215700,1791140552.179756,2179,tx,1504.8,143.2,389.3,,,1,0,0,1
1114890568031000,1791140552.320573,2320,tx,1612.9,135.7,358.4,,,1,0,0,1
1114890710500200,1791140552.463044,2463,tx,1357.6,349.0,510.8,,,1,0,0,1
1114890860874900,1791140552.613420,2613,tx,1081.1,105.7,238.0,,,1,0,0,1
1114891005219400,1791140552.757766,2757,tx,1164.5,139.6,341.0,,,1,0,0,1
1114891162524000,1791140552.915072,2915,tx,1318.5,206.5,422.1,,,1,0,0,1
1114891319479500,1791140553.072030,3072,tx,38760.3,305.4,465.9,,,1,0,0,1
1114891471591800,1791140553.224144,3224,tx,1557.0,317.4,447.6,,,1,0,0,1
1114891616876900,1791140553.369430,3369,tx,6471.2,179.5,369.7,,,1,0,0,1
1114891757249900,1791140553.509806,3509,tx,1122.8,170.0,350.0,,,1,0,0,1
1114891898152200,1791140553.650709,3650,tx,1089.9,131.7,356.1,,,1,0,0,1
1114892039547600,1791140553.792102,3792,tx,1184.5,223.2,384.5,,,1,0,0,1
1114892181272600,1791140553.933833,3933,tx,1339.2,153.9,340.5,,,1,0,0,1
1114892321742800,1791140554.074304,4074,tx,43329.9,147.3,314.6,,,1,0,0,1
1114892477679400,1791140554.230243,4230,tx,1189.4,151.8,270.9,,,1,0,0,1
1114892615955600,1791140554.368520,4368,tx,42704.0,172.6,402.9,,,1,0,0,1
1114892757314100,1791140554.509881,4509,tx,1247.5,165.8,349.8,,,1,0,0,1
1114892898579100,1791140554.651148,4651,tx,1228.1,190.0,385.5,,,1,0,0,1
1114893040529100,1791140554.793099,4793,tx,9105.0,283.8,431.7,,,1,0,0,1
1114893181218400,1791140554.933787,4933,tx,1072.3,153.5,350.3,,,1,0,0,1
1114893321543600,1791140555.074117,5074,tx,6648.0,140.7,429.0,,,1,0,0,1
1114893460874600,1791140555.213449,5213,tx,1059.6,159.0,335.2,,,1,0,0,1
1114893600995000,1791140555.353571,5353,tx,1080.0,128.8,287.4,,,1,0,0,1
1114893743324000,1791140555.495902,5495,tx,1152.7,109.7,288.6,,,1,0,0,1
1114893884050000,1791140555.636630,5636,tx,1282.2,115.7,277.0,,,1,0,0,1
1114894024010900,1791140555.776592,5776,tx,16415.0,137.3,313.3,,,1,0,0,1
1114894181866900,1791140555.934449,5934,tx,1222.4,150.1,316.1,,,1,0,0,1
1114894321796200,1791140556.074381,6074,tx,43154.7,135.1,304.2,,,1,0,0,1
1114894477681200,1791140556.230267,6230,tx,1216.6,122.4,296.1,,,1,0,0,1
1114894619031800,1791140556.371620,6371,tx,1064.1,126.0,319.4,,,1,0,0,1
1114894760412700,1791140556.513002,6513,tx,1307.6,321.6,502.2,,,1,0,0,1
1114894902772200,1791140556.655363,6655,tx,2232.1,147.6,326.2,,,1,0,0,1
1114895058615200,1791140556.811208,6811,tx,1149.6,170.9,343.0,,,1,0,0,1
1114895198151100,1791140556.950743,6950,tx,1204.5,148.1,306.3,,,1,0,0,1
1114895366265500,1791140557.118862,7118,tx,1174.4,119.5,233.3,,,1,0,0,1
1114895510392000,1791140557.262988,7262,tx,1542.1,170.0,549.6,,,1,0,0,1
1114895649721200,1791140557.402320,7402,tx,1418.7,250.8,432.4,,,1,0,0,1
1114895789977300,1791140557.542579,7542,tx,1112.5,116.0,288.4,,,1,0,0,1
1114895931877100,1791140557.684479,7684,tx,1443.8,130.8,290.9,,,1,0,0,1
1114896070713000,1791140557.823317,7823,tx,1204.7,119.4,302.6,,,1,0,0,1
1114896212537400,1791140557.965143,7965,tx,12713.9,287.6,450.3,,,1,0,0,1
1114896353343000,1791140558.105950,8105,tx,1223.5,131.7,326.1,,,1,0,0,1
1114896495710600,1791140558.248319,8248,tx,1091.7,116.8,319.3,,,1,0,0,1
1114896636129900,1791140558.388741,8388,tx,1318.8,182.9,409.7,,,1,0,0,1
1114896775471400,1791140558.528084,8528,tx,1319.2,280.2,482.2,,,1,0,0,1
1114896917370500,1791140558.669984,8669,tx,9555.5,121.5,282.9,,,1,0,0,1
1114897055680600,1791140558.808296,8808,tx,1036.8,119.7,281.8,,,1,0,0,1
1114897197073800,1791140558.949691,8949,tx,9961.4,165.2,353.0,,,1,0,0,1
1114897366518700,1791140559.119137,9119,tx,1340.2,271.4,422.4,,,1,0,0,1
1114897508959800,1791140559.261580,9261,tx,1083.4,108.4,295.1,,,1,0,0,1
1114897648321600,1791140559.400944,9400,tx,1778.6,201.5,373.7,,,1,0,0,1
1114897789504000,1791140559.542128,9542,tx,1331.8,198.0,451.4,,,1,0,0,1
1114897929360800,1791140559.681986,9681,tx,1315.8,348.2,546.1,,,1,0,0,1
1114898069895100,1791140559.822522,9822,tx,9904.3,129.2,270.8,,,1,0,0,1
1114898211259800,1791140559.963888,9963,tx,1617.6,379.5,663.4,,,1,0,0,1
1114898368615500,1791140560.121246,10121,tx,9959.1,164.7,354.9,,,1,0,0,1
1114898511623000,1791140560.264255,10264,tx,7323.4,231.2,336.8,,,1,0,0,1
1114898650214300,1791140560.402848,10402,tx,1502.8,138.4,405.5,,,1,0,0,1
1114898792497600,1791140560.545132,10545,tx,1476.5,314.5,577.2,,,1,0,0,1
1114898933807700,1791140560.686444,10686,tx,986.9,113.9,281.3,,,1,0,0,1
1114899077795000,1791140560.830433,10830,tx,1096.5,129.1,308.6,,,1,0,0,1
1114899216067700,1791140560.968707,10968,tx,1088.1,145.1,314.0,,,1,0,0,1
1114899358435600,1791140561.111077,11111,tx,1494.5,280.1,579.2,,,1,0,0,1
1114899500220700,1791140561.252863,11252,tx,1508.2,156.0,337.0,,,1,0,0,1
1114899641214900,1791140561.393860,11393,tx,1292.4,209.5,379.7,,,1,0,0,1
1114899781557500,1791140561.534204,11534,tx,13560.5,128.9,389.1,,,1,0,0,1
1114899921710800,1791140561.674358,11674,tx,1114.1,142.1,307.9,,,1,0,0,1
1114900062633600,1791140561.815283,11815,tx,2182.0,171.9,369.2,,,1,0,0,1
1114900204126700,1791140561.956778,11956,tx,1123.1,112.3,302.3,,,1,0,0,1
1114900356240400,1791140562.108892,12108,tx,1234.1,117.6,256.7,,,1,0,0,1
1114900502525300,1791140562.255174,12255,tx,1371.4,274.2,477.0,,,1,0,0,1
1114900646877500,1791140562.399534,12399,tx,1137.0,109.3,304.1,,,1,0,0,1
1114900789780000,1791140562.542437,12542,tx,1047.9,114.8,291.8,,,1,0,0,1
1114900930005900,1791140562.682665,12682,tx,1251.7,156.9,330.6,,,1,0,0,1
1114901071846800,1791140562.824507,12824,tx,990.1,117.7,268.5,,,1,0,0,1
1114901212634200,1791140562.965296,12965,tx,1569.9,192.1,433.2,,,1,0,0,1
1114901374205400,1791140563.126869,13126,tx,8744.9,230.7,374.0,,,1,0,0,1
1114901525809900,1791140563.278475,13278,tx,987.9,115.8,258.6,,,1,0,0,1
1114901664765800,1791140563.417432,13417,tx,1006.9,120.8,283.8,,,1,0,0,1
1114901806048700,1791140563.558718,13558,tx,59371.5,128.8,290.1,,,1,0,0,1
1114901974366300,1791140563.727037,13727,tx,1177.5,120.3,239.0,,,1,0,0,1
1114902119779400,1791140563.872452,13872,tx,2000.8,114.4,272.7,,,1,0,0,1
1114902261593000,1791140564.014267,14014,tx,1195.2,271.3,417.3,,,1,0,0,1
1114902400966400,1791140564.153641,14153,tx,1440.5,142.0,404.4,,,1,0,0,1
1114902542705800,1791140564.295383,14295,tx,2215.1,154.5,383.0,,,1,0,0,1
1114902684008100,1791140564.436687,14436,tx,1097.3,131.4,272.5,,,1,0,0,1
1114902873253800,1791140564.625935,14625,tx,1394.2,186.8,354.1,,,1,0,0,1
1114903030720300,1791140564.783402,14783,tx,1667.4,128.8,453.9,,,1,0,0,1
1114903171734600,1791140564.924419,14924,tx,1691.7,164.1,358.1,,,1,0,0,1
1114903312478800,1791140565.065165,65,tx,57230.6,291.3,468.1,,,1,0,0,1
1114903470482800,1791140565.223171,223,tx,14086.6,345.7,488.7,,,1,0,0,1
1114903612892100,1791140565.365575,365,tx,1961.5,158.6,344.9,,,1,0,0,1
1114903755588400,1791140565.508279,508,tx,8843.0,243.8,478.1,,,1,0,0,1
1114903896046000,1791140565.648727,648,tx,1050.6,124.7,293.9,,,1,0,0,1
1114904038170900,1791140565.790865,790,tx,1088.8,113.6,300.5,,,1,0,0,1
1114904180497900,1791140565.933193,933,tx,1662.2,221.1,526.8,,,1,0,0,1
1114904324163800,1791140566.076861,1076,tx,45848.1,106.6,328.1,,,1,0,0,1
1114904481054800,1791140566.233753,1233,tx,1523.0,145.3,337.9,,,1,0,0,1
1114904624809000,1791140566.377509,1377,tx,1273.7,104.3,366.6,,,1,0,0,1
1114904779747700,1791140566.532450,1532,tx,1291.4,117.2,309.2,,,1,0,0,1
1114904920952400,1791140566.673656,1673,tx,1158.3,138.3,367.9,,,1,0,0,1
1114905061815900,1791140566.814522,1814,tx,1255.0,123.6,363.4,,,1,0,0,1
1114905204207000,1791140566.956914,1956,tx,1658.9,113.9,287.3,,,1,0,0,1
1114905343749400,1791140567.096458,2096,tx,1296.2,208.1,373.6,,,1,0,0,1
1114905483659500,1791140567.236369,2236,tx,1138.3,132.9,384.6,,,1,0,0,1
1114905623205300,1791140567.375879,2375,tx,1741.2,107.6,432.4,,,1,0,0,1
1114905764808100,1791140567.517522,2517,tx,2036.9,128.3,323.8,,,1,0,0,1
1114905904099300,1791140567.656814,2656,tx,1261.7,255.5,438.0,,,1,0,0,1
1114906048634700,1791140567.801351,2801,tx,9262.3,158.7,412.9,,,1,0,0,1
1114906189433800,1791140567.942153,2942,tx,1300.0,198.8,527.0,,,1,0,0,1
1114906374253500,1791140568.126974,3126,tx,3801.4,111.8,231.3,,,1,0,0,1
1114906517470400,1791140568.270192,3270,tx,1445.0,284.4,478.3,,,1,0,0,1
1114906658289600,1791140568.411013,3411,tx,1142.4,118.1,325.5,,,1,0,0,1
1114906799427400,1791140568.552153,3552,tx,1897.9,337.2,514.0,,,1,0,0,1
1114906941258200,1791140568.693985,3693,tx,1293.3,154.2,360.0,,,1,0,0,1
1114907081579600,1791140568.834308,3834,tx,15247.1,199.9,362.8,,,1,0,0,1
1114907222825800,1791140568.975556,3975,tx,1027.3,114.7,262.1,,,1,0,0,1
1114907377788500,1791140569.130521,4130,tx,1382.7,99.5,259.1,,,1,0,0,1
1114907518907300,1791140569.271640,4271,tx,10323.0,152.1,386.0,,,1,0,0,1
1114907658579900,1791140569.411315,4411,tx,1287.6,211.7,389.9,,,1,0,0,1
1114907799363400,1791140569.552100,4552,tx,9579.3,298.3,538.5,,,1,0,0,1
1114907940084500,1791140569.692823,4692,tx,1015.4,159.0,329.0,,,1,0,0,1
1114908082767500,1791140569.835507,4835,tx,1450.4,107.3,323.9,,,1,0,0,1
1114908224543400,1791140569.977285,4977,tx,1117.6,265.2,415.6,,,1,0,0,1
1114908365858100,1791140570.118601,5118,tx,2502.4,139.0,309.6,,,1,0,0,1
1114908506707800,1791140570.259452,5259,tx,1278.5,227.9,378.2,,,1,0,0,1
1114908648090300,1791140570.400836,5400,tx,1588.7,122.8,324.7,,,1,0,0,1
1114908788294700,1791140570.541037,5541,tx,9321.9,375.5,643.1,,,1,0,0,1
1114908932490100,1791140570.685239,5685,tx,2185.5,258.9,438.5,,,1,0,0,1
1114909074334000,1791140570.827079,5827,tx,965.6,109.9,257.6,,,1,0,0,1
1114909215148200,1791140570.967901,5967,tx,1075.3,145.4,309.8,,,1,0,0,1
1114909375301700,1791140571.128041,6128,tx,1180.6,126.4,237.4,,,1,0,0,1
1114909514439100,1791140571.267195,6267,tx,1444.4,324.3,558.3,,,1,0,0,1
1114909659495900,1791140571.412254,6412,tx,8151.4,267.1,423.8,,,1,0,0,1
1114909799320400,1791140571.552080,6552,tx,1160.7,179.4,345.9,,,1,0,0,1
1114909940080200,1791140571.692836,6692,tx,1140.9,122.0,283.2,,,1,0,0,1
1114910081193600,1791140571.833956,6833,tx,1006.6,121.9,292.6,,,1,0,0,1
1114910222532700,1791140571.975297,6975,tx,1430.2,157.0,488.1,,,1,0,0,1
1114910380320700,1791140572.133087,7133,tx,1604.8,325.1,643.7,,,1,0,0,1
1114910520941500,1791140572.273709,7273,tx,1412.0,159.6,480.8,,,1,0,0,1
1114910661740900,1791140572.414507,7414,tx,13778.5,123.3,363.2,,,1,0,0,1
1114910802459700,1791140572.555231,7555,tx,1325.4,281.5,468.0,,,1,0,0,1
1114910943677500,1791140572.696450,7696,tx,1043.6,142.8,312.6,,,1,0,0,1
1114911085330800,1791140572.838104,7838,tx,10422.3,216.1,380.9,,,1,0,0,1
1114911242629200,1791140572.995404,7995,tx,1360.5,219.9,399.3,,,1,0,0,1
1114911383421600,1791140573.136199,8136,tx,1489.3,286.3,508.2,,,1,0,0,1
1114911525678900,1791140573.278458,8278,tx,8347.2,114.6,263.1,,,1,0,0,1
1114911666504100,1791140573.419283,8419,tx,1168.7,151.7,424.9,,,1,0,0,1
1114911808350600,1791140573.561133,8561,tx,1523.3,105.8,317.7,,,1,0,0,1
1114911949498500,1791140573.702282,8702,tx,1199.9,255.6,425.0,,,1,0,0,1
1114912091607900,1791140573.844393,8844,tx,1077.9,124.1,313.9,,,1,0,0,1
1114912231799900,1791140573.984587,8984,tx,1079.5,129.7,298.8,,,1,0,0,1
1114912383221800,1791140574.136010,9136,tx,1264.6,130.1,258.8,,,1,0,0,1
1114912528740000,1791140574.281530,9281,tx,1299.6,175.1,419.0,,,1,0,0,1
1114912668520500,1791140574.421312,9421,tx,1516.3,251.1,474.3,,,1,0,0,1
1114912810215900,1791140574.563009,9563,tx,1148.8,121.5,287.2,,,1,0,0,1
1114912952931100,1791140574.705726,9705,tx,4920.8,188.7,358.8,,,1,0,0,1
1114913094321500,1791140574.847118,9847,tx,1217.7,155.1,323.1,,,1,0,0,1
1114913238731100,1791140574.991529,9991,tx,1114.2,159.8,334.2,,,1,0,0,1
1114913382254700,1791140575.135054,10135,tx,6826.9,214.7,335.9,,,1,0,0,1
1114913520256000,1791140575.273057,10273,tx,1218.7,124.1,348.9,,,1,0,0,1
1114913661560000,1791140575.414363,10414,tx,1249.7,222.7,437.5,,,1,0,0,1
1114913803818700,1791140575.556623,10556,tx,1086.0,113.1,280.4,,,1,0,0,1
1114913946109400,1791140575.698916,10698,tx,1324.2,240.1,574.2,,,1,0,0,1
1114914085878000,1791140575.838686,10838,tx,1240.9,216.8,377.5,,,1,0,0,1
1114914227247100,1791140575.980055,10980,tx,13791.9,129.4,349.1,,,1,0,0,1
1114914367947600,1791140576.120758,11120,tx,10090.4,134.9,314.2,,,1,0,0,1
