t_send_ns,t_unix,phase_ms,window,lat_status_us,lat_pin_us,lat_e2e_us,lat_rts_us,lat_unkey_us,was_tx,rts_before,decoding,transmitting
1114239453246400,1791139901.198467,11198,idle,1702.9,270.0,616.2,,,0,0,0,0
1114239594361100,1791139901.339582,11339,idle,14976.5,216.6,476.3,,,0,0,0,0
1114239733764200,1791139901.478989,11478,idle,1265.7,227.3,409.3,,,0,0,0,0
1114239889389000,1791139901.634614,11634,idle,2060.6,295.1,721.0,,,0,0,0,0
1114240031053800,1791139901.776280,11776,idle,1497.8,420.0,619.8,,,0,0,0,0
1114240171609000,1791139901.916836,11916,idle,1470.8,183.9,409.8,,,0,0,0,0
1114240327087600,1791139902.072316,12072,idle,1348.2,204.1,523.7,,,0,0,0,0
1114240467918100,1791139902.213147,12213,idle,17825.3,171.9,726.8,,,0,0,0,0
1114240609960500,1791139902.355190,12355,idle,2222.5,210.8,403.9,,,0,0,0,0
1114240752566000,1791139902.497779,12497,idle,1451.5,303.5,556.2,,,0,0,0,0
1114240892817500,1791139902.638049,12638,idle,1401.8,232.6,505.2,,,0,0,0,0
1114241048567800,1791139902.793800,12793,idle,1378.7,311.2,553.2,,,0,0,0,0
1114241205839200,1791139902.951072,12951,idle,8526.8,439.4,887.0,,,0,0,0,0
1114241347402000,1791139903.092629,13092,idle,20713.0,186.1,376.6,,,0,0,0,0
1114241488370800,1791139903.233605,13233,idle,1703.3,160.9,410.8,,,0,0,0,0
1114241628878400,1791139903.374112,13374,idle,1551.5,177.7,420.7,,,0,0,0,0
1114241771620600,1791139903.516854,13516,idle,2432.2,234.6,636.5,,,0,0,0,0
1114241914116500,1791139903.659353,13659,idle,1252.0,333.2,525.9,,,0,0,0,0
1114242055759700,1791139903.800996,13800,idle,1356.1,230.9,448.4,,,0,0,0,0
1114242209844800,1791139903.955083,13955,idle,1660.0,157.4,299.2,,,0,0,0,0
1114242348471600,1791139904.093711,14093,idle,11399.7,119.0,326.4,,,0,0,0,0
1114242498544000,1791139904.243784,14243,idle,1507.6,268.5,742.5,,,0,0,0,0
1114242639268800,1791139904.384506,14384,idle,2876.4,228.4,838.1,,,0,0,0,0
1114242795708600,1791139904.540950,14540,idle,1205.8,273.5,449.9,,,0,0,0,0
1114242952972200,1791139904.698214,14698,idle,1759.8,206.0,386.8,,,0,0,0,0
1114243094012000,1791139904.839251,14839,idle,11608.0,296.1,751.1,,,0,0,0,0
1114243235253800,1791139904.980497,14980,idle,1315.2,229.5,514.2,,,0,0,0,0
1114243378858400,1791139905.124103,124,idle,1117.1,182.3,387.5,,,0,0,0,0
1114243522437600,1791139905.267680,267,idle,3640.3,238.6,749.9,,,0,0,0,0
1114243715539100,1791139905.460786,460,idle,1159.0,138.2,299.0,,,0,0,0,0
1114243858957100,1791139905.604203,604,idle,9757.8,305.8,1018.3,,,0,0,0,0
1114244002377600,1791139905.747625,747,idle,1192.1,229.5,388.5,,,0,0,0,0
1114244147447800,1791139905.892696,892,idle,58572.8,210.7,400.9,,,0,0,0,0
1114244330035500,1791139906.075284,1075,idle,2455.7,256.8,792.8,,,0,0,0,0
1114244479606800,1791139906.224857,1224,idle,1356.2,314.9,485.7,,,0,0,0,0
1114244619502600,1791139906.364753,1364,idle,1495.0,375.0,564.8,,,0,0,0,0
1114244759105100,1791139906.504357,1504,idle,1567.6,416.9,677.7,,,0,0,0,0
1114244901297600,1791139906.646549,1646,idle,1393.3,352.0,562.0,,,0,0,0,0
1114245042453900,1791139906.787707,1787,idle,1130.9,212.0,363.9,,,0,0,0,0
1114245223548900,1791139906.968802,1968,idle,2234.1,261.9,661.2,,,0,0,0,0
1114245373205800,1791139907.118459,2118,idle,1832.6,687.0,870.0,,,0,0,0,0
1114245514306500,1791139907.259560,2259,idle,11404.9,246.5,680.2,,,0,0,0,0
1114245653640000,1791139907.398895,2398,idle,1856.8,276.9,506.3,,,0,0,0,0
1114245796578700,1791139907.541835,2541,idle,1971.6,238.2,497.6,,,0,0,0,0
1114245938418000,1791139907.683675,2683,idle,8642.8,236.4,635.6,,,0,0,0,0
1114246079631200,1791139907.824890,2824,idle,1280.2,270.1,453.6,,,0,0,0,0
1114246223251200,1791139907.968512,2968,idle,1579.4,285.5,436.8,,,0,0,0,0
1114246365822000,1791139908.111084,3111,idle,1450.0,182.1,413.6,,,0,0,0,0
1114246506217000,1791139908.251479,3251,idle,1337.6,240.4,588.1,,,0,0,0,0
1114246646608700,1791139908.391872,3391,idle,1318.8,242.4,451.2,,,0,0,0,0
1114246785749400,1791139908.531017,3531,idle,1487.2,342.9,496.6,,,0,0,0,0
1114246927170500,1791139908.672439,3672,idle,8384.1,285.1,529.8,,,0,0,0,0
1114247064334500,1791139908.809605,3809,idle,1403.6,202.2,372.8,,,0,0,0,0
1114247218485300,1791139908.963757,3963,idle,1472.5,235.0,401.4,,,0,0,0,0
1114247369654900,1791139909.114928,4114,idle,8913.1,228.1,417.4,,,0,0,0,0
1114247513362000,1791139909.258637,4258,idle,1174.7,210.0,396.6,,,0,0,0,0
1114247655220000,1791139909.400495,4400,idle,2918.5,225.5,529.5,,,0,0,0,0
1114247794753700,1791139909.540032,4540,idle,1649.4,366.1,893.1,,,0,0,0,0
1114247934929300,1791139909.680209,4680,idle,2655.1,340.8,720.1,,,0,0,0,0
1114248076312800,1791139909.821594,4821,idle,1962.6,713.5,931.7,,,0,0,0,0
1114248225968300,1791139909.971252,4971,idle,10054.0,156.7,369.8,,,0,0,0,0
1114248373175400,1791139910.118456,5118,idle,1329.2,235.8,549.1,,,0,0,0,0
1114248528437900,1791139910.273722,5273,idle,2057.4,271.9,607.7,,,0,0,0,0
1114248722113900,1791139910.467403,5467,idle,1770.6,298.7,549.5,,,0,0,0,0
1114248871197800,1791139910.616488,5616,idle,2117.6,274.8,511.7,,,0,0,0,0
1114249011977200,1791139910.757268,5757,idle,14488.2,250.9,657.4,,,0,0,0,0
1114249151731100,1791139910.897022,5897,idle,2194.5,205.8,464.8,,,0,0,0,0
1114249291893700,1791139911.037189,6037,idle,1437.1,182.2,387.1,,,0,0,0,0
1114249433301300,1791139911.178596,6178,idle,1563.9,297.0,549.7,,,0,0,0,0
1114249575261800,1791139911.320561,6320,idle,1298.9,201.8,521.0,,,0,0,0,0
1114249724819200,1791139911.470120,6470,idle,1848.1,146.0,346.4,,,0,0,0,0
1114249871966400,1791139911.617267,6617,idle,2395.7,458.8,739.4,,,0,0,0,0
1114250011582300,1791139911.756885,6756,idle,1422.7,201.9,531.7,,,0,0,0,0
1114250151492800,1791139911.896797,6896,idle,2009.3,286.3,567.4,,,0,0,0,0
1114250291178600,1791139912.036484,7036,idle,1782.1,214.8,477.4,,,0,0,0,0
1114250431552500,1791139912.176859,7176,idle,7870.9,253.4,562.4,,,0,0,0,0
1114250586819100,1791139912.332128,7332,idle,1313.2,176.0,414.3,,,0,0,0,0
1114250727766500,1791139912.473078,7473,idle,1440.5,223.4,418.6,,,0,0,0,0
1114250868362200,1791139912.613676,7613,idle,9269.4,202.3,521.0,,,0,0,0,0
1114251010066800,1791139912.755381,7755,idle,1693.5,755.4,917.3,,,0,0,0,0
1114251151529200,1791139912.896845,7896,idle,1184.7,135.9,345.2,,,0,0,0,0
1114251292540000,1791139913.037857,8037,idle,1453.3,160.9,383.3,,,0,0,0,0
1114251434204400,1791139913.179524,8179,idle,1853.1,238.5,729.6,,,0,0,0,0
1114251574590400,1791139913.319909,8319,idle,1488.6,211.1,446.4,,,0,0,0,0
1114251724843600,1791139913.470167,8470,idle,1004.8,219.7,330.5,,,0,0,0,0
1114251869493200,1791139913.614817,8614,idle,1583.4,320.2,792.1,,,0,0,0,0
1114252010369700,1791139913.755694,8755,idle,1611.5,634.1,820.7,,,0,0,0,0
1114252151219300,1791139913.896547,8896,idle,1747.2,637.8,845.1,,,0,0,0,0
1114252290880800,1791139914.036208,9036,idle,33982.4,311.3,779.3,,,0,0,0,0
1114252441598100,1791139914.186928,9186,idle,2989.1,237.8,653.0,,,0,0,0,0
1114252587305200,1791139914.332638,9332,idle,1475.5,177.8,401.5,,,0,0,0,0
1114252726016700,1791139914.471352,9471,idle,10247.0,351.8,610.3,,,0,0,0,0
1114252867975300,1791139914.613307,9613,idle,1986.5,360.2,700.6,,,0,0,0,0
1114253010006200,1791139914.755342,9755,idle,1777.6,269.6,634.0,,,0,0,0,0
1114253152417600,1791139914.897756,9897,idle,1482.7,212.1,411.5,,,0,0,0,0
1114253292360900,1791139915.037700,10037,idle,1465.5,197.4,573.2,,,0,0,0,0
1114253434007500,1791139915.179349,10179,idle,1418.6,388.7,591.2,,,0,0,0,0
1114253576384700,1791139915.321729,10321,idle,2100.2,123.1,266.7,,,0,0,0,0
1114253717085900,1791139915.462432,10462,idle,1365.8,291.3,545.3,,,0,0,0,0
1114253859192500,1791139915.604539,10604,idle,1497.1,297.6,600.4,,,0,0,0,0
1114253998491700,1791139915.743840,10743,idle,1747.6,248.2,462.2,,,0,0,0,0
1114254136263100,1791139915.881613,10881,idle,1790.4,265.6,434.6,,,0,0,0,0
1114254297427500,1791139916.042756,11042,idle,1708.0,184.1,435.3,,,0,0,0,0
1114254438405100,1791139916.183758,11183,idle,1286.0,233.2,434.8,,,0,0,0,0
1114254580759100,1791139916.326115,11326,idle,7817.7,236.9,411.5,,,0,0,0,0
1114254724499100,1791139916.469856,11469,idle,1958.1,205.3,464.1,,,0,0,0,0
1114254864792900,1791139916.610130,11610,idle,1679.8,234.6,455.1,,,0,0,0,0
1114255006971200,1791139916.752331,11752,idle,1546.8,348.2,590.9,,,0,0,0,0
1114255145478400,1791139916.890839,11890,idle,1361.4,235.5,409.6,,,0,0,0,0
1114255285246000,1791139917.030608,12030,idle,1689.7,668.9,814.2,,,0,0,0,0
1114255426286400,1791139917.171649,12171,idle,1379.8,289.8,488.3,,,0,0,0,0
1114255568040100,1791139917.313406,12313,idle,9275.8,249.4,628.2,,,0,0,0,0
1114255725519700,1791139917.470888,12470,idle,1151.8,189.0,281.7,,,0,0,0,0
1114255868166800,1791139917.613537,12613,idle,1323.1,252.6,514.5,,,0,0,0,0
1114256010911000,1791139917.756266,12756,idle,4808.6,173.2,348.0,,,0,0,0,0
1114256151500700,1791139917.896873,12896,idle,2450.7,301.8,814.6,,,0,0,0,0
1114256290611000,1791139918.035984,13035,idle,2530.0,291.1,729.2,,,0,0,0,0
1114256430192700,1791139918.175569,13175,idle,1297.9,283.3,492.1,,,0,0,0,0
1114256570547000,1791139918.315924,13315,idle,1241.1,291.8,528.0,,,0,0,0,0
1114256710561100,1791139918.455940,13455,idle,1152.3,270.9,443.0,,,0,0,0,0
1114256852115100,1791139918.597494,13597,idle,2308.3,707.5,948.1,,,0,0,0,0
1114256991927600,1791139918.737310,13737,idle,6355.9,214.7,386.9,,,0,0,0,0
1114257148602500,1791139918.893986,13893,idle,1292.2,233.9,466.9,,,0,0,0,0
1114257287308400,1791139919.032691,14032,idle,2365.5,245.7,704.3,,,0,0,0,0
1114257427264000,1791139919.172652,14172,idle,10513.8,265.9,503.0,,,0,0,0,0
1114257567460500,1791139919.312847,14312,idle,1686.2,188.0,507.2,,,0,0,0,0
1114257719913600,1791139919.465305,14465,idle,1393.8,159.8,262.2,,,0,0,0,0
1114257863922700,1791139919.609315,14609,idle,16461.3,196.2,388.0,,,0,0,0,0
1114258008668700,1791139919.754063,14754,idle,1697.6,185.5,394.1,,,0,0,0,0
1114258148290900,1791139919.893686,14893,idle,1553.8,175.0,754.3,,,0,0,0,0
1114258288477800,1791139920.033874,33,idle,1223.2,293.1,553.6,,,0,0,0,0
1114258430121500,1791139920.175520,175,idle,1693.1,671.3,829.5,,,0,0,0,0
1114258574889500,1791139920.320270,320,idle,1477.4,485.1,789.1,,,0,0,0,0
1114258719506700,1791139920.464909,464,idle,1328.0,153.9,315.4,,,0,0,0,0
1114258861392600,1791139920.606796,606,idle,1153.6,180.9,329.5,,,0,0,0,0
1114259002902700,1791139920.748308,748,idle,1661.7,399.8,740.8,,,0,0,0,0
1114259147463600,1791139920.892870,892,idle,1469.8,256.1,561.3,,,0,0,0,0
1114259291060800,1791139921.036470,1036,idle,20948.1,367.5,520.4,,,0,0,0,0
1114259439736900,1791139921.185147,1185,idle,1152.9,249.6,436.7,,,0,0,0,0
1114259588878700,1791139921.334289,1334,idle,1293.6,293.7,504.7,,,0,0,0,0
1114259730284500,1791139921.475698,1475,idle,6797.4,242.5,393.2,,,0,0,0,0
1114259873272900,1791139921.618688,1618,idle,1374.8,287.1,528.1,,,0,0,0,0
1114260015751100,1791139921.761167,1761,idle,1376.5,232.6,440.7,,,0,0,0,0
1114260157069000,1791139921.902486,1902,idle,64666.1,270.1,568.6,,,0,0,0,0
1114260344907900,1791139922.090329,2090,idle,1875.3,221.0,790.7,,,0,0,0,0
1114260485986900,1791139922.231408,2231,idle,9251.9,203.2,391.5,,,0,0,0,0
1114260628161800,1791139922.373585,2373,idle,1445.0,228.3,499.1,,,0,0,0,0
1114260767219400,1791139922.512645,2512,idle,1703.8,225.4,574.8,,,0,0,0,0
1114260908514500,1791139922.653941,2653,idle,1253.0,186.9,418.1,,,0,0,0,0
1114261048077800,1791139922.793506,2793,idle,2248.2,192.9,560.2,,,0,0,0,0
1114261205049800,1791139922.950479,2950,idle,2338.5,240.8,558.4,,,0,0,0,0
1114261346233100,1791139923.091663,3091,idle,2193.0,276.6,580.6,,,0,0,0,0
1114261487308600,1791139923.232741,3232,idle,1228.6,312.0,520.6,,,0,0,0,0
1114261629973800,1791139923.375408,3375,idle,1525.7,455.0,618.2,,,0,0,0,0
1114261767612600,1791139923.513049,3513,idle,1224.8,191.1,371.5,,,0,0,0,0
1114261906861500,1791139923.652298,3652,idle,12936.7,380.8,754.1,,,0,0,0,0
1114262049289200,1791139923.794728,3794,idle,1385.9,210.8,408.6,,,0,0,0,0
1114262216615600,1791139923.962057,3962,idle,1713.7,203.5,500.9,,,0,0,0,0
1114262358678000,1791139924.104119,4104,idle,17729.6,195.5,520.5,,,0,0,0,0
1114262499357500,1791139924.244801,4244,idle,1614.4,268.0,474.4,,,0,0,0,0
1114262640980700,1791139924.386426,4386,idle,3282.1,314.6,636.6,,,0,0,0,0
1114262781173500,1791139924.526620,4526,idle,1496.6,188.5,443.6,,,0,0,0,0
1114262921390900,1791139924.666840,4666,idle,1296.1,190.6,446.9,,,0,0,0,0
1114263063740600,1791139924.809192,4809,idle,1244.1,191.8,442.9,,,0,0,0,0
1114263225145800,1791139924.970598,4970,idle,5053.2,277.0,471.1,,,0,0,0,0
1114263362827700,1791139925.108282,5108,idle,1260.3,197.1,385.9,,,0,0,0,0
1114263501266700,1791139925.246722,5246,idle,1621.2,297.7,692.7,,,0,0,0,0
1114263642444000,1791139925.387902,5387,idle,1781.3,264.0,555.5,,,0,0,0,0
1114263783219500,1791139925.528677,5528,idle,1264.5,207.2,477.7,,,0,0,0,0
1114263924606300,1791139925.670066,5670,idle,1495.2,259.2,518.2,,,0,0,0,0
1114264066509400,1791139925.811970,5811,idle,1289.7,241.4,453.3,,,0,0,0,0
1114264207922000,1791139925.953387,5953,idle,8504.6,388.5,699.3,,,0,0,0,0
1114264347233700,1791139926.092699,6092,idle,1155.4,216.9,388.6,,,0,0,0,0
1114264487007300,1791139926.232472,6232,idle,2404.3,294.5,820.1,,,0,0,0,0
1114264627951300,1791139926.373420,6373,idle,2148.9,335.1,610.6,,,0,0,0,0
1114264768152000,1791139926.513622,6513,idle,1290.4,328.7,545.3,,,0,0,0,0
1114264910296200,1791139926.655759,6655,idle,1813.7,183.4,425.2,,,0,0,0,0
1114265051193400,1791139926.796664,6796,idle,3125.6,203.4,481.9,,,0,0,0,0
1114265218918400,1791139926.964394,6964,idle,1484.6,134.1,255.7,,,0,0,0,0
1114265364596900,1791139927.110074,7110,idle,1397.0,212.6,441.7,,,0,0,0,0
1114265505497400,1791139927.250975,7250,idle,1636.8,298.3,509.8,,,0,0,0,0
1114265645320100,1791139927.390799,7390,idle,1406.1,257.1,515.8,,,0,0,0,0
1114265786907000,1791139927.532389,7532,idle,1227.4,209.3,388.1,,,0,0,0,0
1114265928249000,1791139927.673733,7673,idle,1512.9,172.3,426.9,,,0,0,0,0
1114266067380400,1791139927.812865,7812,idle,10741.4,1148.2,1341.0,,,0,0,0,0
1114266221654000,1791139927.967141,7967,idle,1389.7,153.5,438.0,,,0,0,0,0
1114266362870400,1791139928.108358,8108,idle,1385.3,415.1,711.0,,,0,0,0,0
1114266503769100,1791139928.249257,8249,idle,17585.5,242.5,828.4,,,0,0,0,0
1114266644435100,1791139928.389926,8389,idle,1285.7,169.9,415.3,,,0,0,0,0
1114266786426000,1791139928.531917,8531,idle,1289.4,250.7,509.6,,,0,0,0,0
1114266929744700,1791139928.675238,8675,idle,2036.2,237.5,544.7,,,0,0,0,0
1114267072965900,1791139928.818462,8818,idle,1336.2,199.5,367.0,,,0,0,0,0
1114267214436800,1791139928.959935,8959,idle,2162.6,238.3,676.5,,,0,0,0,0
1114267353161300,1791139929.098661,9098,idle,1474.8,348.1,528.4,,,0,0,0,0
1114267493704100,1791139929.239204,9239,idle,3539.6,225.9,595.6,,,0,0,0,0
1114267634483300,1791139929.379986,9379,idle,2293.4,167.8,1513.6,,,0,0,0,0
1114267774106200,1791139929.519608,9519,idle,1579.6,243.2,710.7,,,0,0,0,0
1114267915893700,1791139929.661398,9661,idle,1931.6,182.7,457.6,,,0,0,0,0
1114268056520900,1791139929.802028,9802,idle,1331.9,228.9,405.1,,,0,0,0,0
1114268218543900,1791139929.964054,9964,idle,3081.8,191.2,401.4,,,0,0,0,0
1114268368666700,1791139930.114177,10114,idle,12826.5,219.2,455.8,,,0,0,0,0
1114268509313000,1791139930.254825,10254,idle,1647.2,262.7,598.4,,,0,0,0,0
1114268650216600,1791139930.395729,10395,idle,1605.4,188.8,544.1,,,0,0,0,0
1114268791041000,1791139930.536556,10536,idle,2098.5,702.0,891.2,,,0,0,0,0
1114268931308600,1791139930.676825,10676,idle,1186.5,165.2,376.6,,,0,0,0,0
1114269070887700,1791139930.816407,10816,idle,1544.0,340.0,486.1,,,0,0,0,0
1114269224900900,1791139930.970422,10970,idle,1019.6,145.4,268.2,,,0,0,0,0
1114269380273400,1791139931.125794,11125,idle,8322.3,359.5,546.8,,,0,0,0,0
1114269521693900,1791139931.267218,11267,idle,1228.8,259.5,547.0,,,0,0,0,0
1114269662798900,1791139931.408323,11408,idle,58700.8,196.8,498.4,,,0,0,0,0
1114269855920500,1791139931.601449,11601,idle,2818.8,403.9,778.1,,,0,0,0,0
1114270005577200,1791139931.751104,11751,idle,16783.9,256.5,781.2,,,0,0,0,0
1114270143749500,1791139931.889280,11889,idle,1995.7,639.8,848.3,,,0,0,0,0
1114270284729500,1791139932.030260,12030,idle,2008.6,409.8,962.2,,,0,0,0,0
1114270424383900,1791139932.169919,12169,idle,1032.9,207.1,389.6,,,0,0,0,0
1114270565024100,1791139932.310559,12310,idle,1426.4,405.0,616.8,,,0,0,0,0
1114270722594600,1791139932.468133,12468,idle,1296.3,263.0,393.4,,,0,0,0,0
1114270874247900,1791139932.619787,12619,idle,1665.9,190.1,390.9,,,0,0,0,0
1114271015297100,1791139932.760837,12760,idle,2220.3,204.6,439.8,,,0,0,0,0
1114271154462900,1791139932.899987,12899,idle,1437.2,178.0,619.2,,,0,0,0,0
1114271295574900,1791139933.041118,13041,idle,1199.2,217.1,394.2,,,0,0,0,0
1114271435975800,1791139933.181522,13181,idle,1510.4,456.6,652.4,,,0,0,0,0
1114271592239500,1791139933.337787,13337,idle,1502.0,175.4,461.5,,,0,0,0,0
1114271731299700,1791139933.476844,13476,idle,1210.1,146.0,409.7,,,0,0,0,0
1114271872364800,1791139933.617912,13617,idle,20962.1,227.8,594.0,,,0,0,0,0
1114272014408900,1791139933.759959,13759,idle,2766.4,174.4,512.5,,,0,0,0,0
1114272155891500,1791139933.901444,13901,idle,1949.0,410.5,670.8,,,0,0,0,0
1114272310478800,1791139934.056034,14056,idle,9875.0,163.9,480.9,,,0,0,0,0
1114272447909400,1791139934.193467,14193,idle,2920.9,125.9,249.6,,,0,0,0,0
1114272588180600,1791139934.333739,14333,idle,1411.6,205.1,445.2,,,0,0,0,0
1114272726381700,1791139934.471942,14471,idle,1442.0,208.3,425.5,,,0,0,0,0
1114272870738600,1791139934.616301,14616,idle,1196.2,130.4,414.9,,,0,0,0,0
1114273011502100,1791139934.757065,14757,idle,1324.9,191.2,367.7,,,0,0,0,0
1114273152343700,1791139934.897907,14897,idle,1507.3,149.4,388.7,,,0,0,0,0
1114273292599600,1791139935.038167,38,idle,17391.0,140.4,391.0,,,0,0,0,0
1114273454095900,1791139935.199664,199,idle,1466.3,215.8,541.3,,,0,0,0,0
1114273595130100,1791139935.340699,340,idle,1378.9,181.9,546.1,,,0,0,0,0
1114273737947300,1791139935.483519,483,idle,1103.7,177.0,343.7,,,0,0,0,0
1114273881316700,1791139935.626889,626,idle,1735.4,243.9,530.0,,,0,0,0,0
1114274025318600,1791139935.770891,770,idle,2476.1,286.9,625.0,,,0,0,0,0
1114274167261100,1791139935.912832,912,idle,60702.6,243.0,765.3,,,0,0,0,0
1114274349293500,1791139936.094871,1094,idle,1672.1,223.9,446.2,,,0,0,0,0
1114274496387400,1791139936.241966,1241,idle,1212.8,204.3,387.0,,,0,0,0,0
1114274637274200,1791139936.382856,1382,idle,2213.8,192.7,399.0,,,0,0,0,0
1114274777990000,1791139936.523573,1523,idle,1347.8,403.0,654.6,,,0,0,0,0
1114274916950300,1791139936.662533,1662,idle,2785.2,203.9,416.9,,,0,0,0,0
1114275056919100,1791139936.802505,1802,idle,1476.6,410.0,706.0,,,0,0,0,0
1114275228656900,1791139936.974245,1974,idle,1797.0,155.0,321.6,,,0,0,0,0
1114275368715300,1791139937.114305,2114,idle,8373.5,227.7,388.4,,,0,0,0,0
1114275508943100,1791139937.254532,2254,idle,3797.2,373.1,743.8,,,0,0,0,0
1114275648920400,1791139937.394514,2394,idle,1634.9,295.3,682.1,,,0,0,0,0
1114275791042200,1791139937.536636,2536,idle,1664.4,394.2,596.9,,,0,0,0,0
1114275932055900,1791139937.677652,2677,idle,1286.0,400.7,603.7,,,0,0,0,0
1114276073039200,1791139937.818636,2818,idle,1456.3,436.5,649.7,,,0,0,0,0
1114276215715500,1791139937.961315,2961,idle,1139.3,183.1,370.1,,,0,0,0,0
1114276363126300,1791139938.108727,3108,idle,9604.7,227.6,493.2,,,0,0,0,0
1114276514780400,1791139938.260384,3260,idle,1073.9,161.8,330.8,,,0,0,0,0
1114276656388100,1791139938.401993,3401,idle,64288.2,323.0,674.4,,,0,0,0,0
1114276824767500,1791139938.570374,3570,idle,1679.1,268.3,514.8,,,0,0,0,0
1114276970831300,1791139938.716437,3716,idle,3695.1,247.0,811.1,,,0,0,0,0
1114277112383300,1791139938.857993,3857,idle,6809.5,236.6,448.9,,,0,0,0,0
1114277252458500,1791139938.998070,3998,idle,1639.6,229.2,542.1,,,0,0,0,0
1114277408376600,1791139939.153988,4153,idle,1650.0,226.5,603.0,,,0,0,0,0
1114277550481500,1791139939.296096,4296,idle,6768.8,166.5,334.3,,,0,0,0,0
1114277706663200,1791139939.452280,4452,idle,1845.1,632.2,804.4,,,0,0,0,0
1114277847721800,1791139939.593338,4593,idle,2308.5,337.4,937.7,,,0,0,0,0
1114277988237600,1791139939.733856,4733,idle,12050.3,173.8,729.2,,,0,0,0,0
1114278129413300,1791139939.875035,4875,idle,1283.6,149.8,357.1,,,0,0,0,0
1114278268787100,1791139940.014409,5014,idle,1064.4,219.4,388.6,,,0,0,0,0
1114278410864700,1791139940.156489,5156,idle,1574.3,307.0,508.9,,,0,0,0,0
1114278552772200,1791139940.298399,5298,idle,2094.9,151.9,1431.4,,,0,0,0,0
1114278722027200,1791139940.467650,5467,idle,1853.1,166.2,309.8,,,0,0,0,0
1114278866680800,1791139940.612310,5612,idle,7661.8,186.7,357.1,,,0,0,0,0
1114279008490300,1791139940.754120,5754,idle,1047.7,154.7,393.0,,,0,0,0,0
1114279150154600,1791139940.895787,5895,idle,2278.2,355.7,553.2,,,0,0,0,0
1114279291112800,1791139941.036744,6036,idle,2288.5,194.1,669.2,,,0,0,0,0
1114279432616200,1791139941.178252,6178,idle,1555.4,183.3,404.6,,,0,0,0,0
1114279574731100,1791139941.320366,6320,idle,1379.6,217.5,463.0,,,0,0,0,0
1114279731419000,1791139941.477059,6477,idle,1355.8,233.3,420.8,,,0,0,0,0
1114279872466200,1791139941.618107,6618,idle,1469.8,320.3,484.9,,,0,0,0,0
1114280013895000,1791139941.759537,6759,idle,1499.1,313.0,491.0,,,0,0,0,0
1114280154044900,1791139941.899688,6899,idle,1878.1,269.8,665.7,,,0,0,0,0
1114280293229400,1791139942.038875,7038,idle,21166.6,262.0,648.5,,,0,0,0,0
1114280440620000,1791139942.186268,7186,idle,1418.9,191.8,394.4,,,0,0,0,0
1114280590047800,1791139942.335695,7335,idle,1987.0,270.8,592.2,,,0,0,0,0
1114280728035400,1791139942.473686,7473,idle,8975.8,296.8,600.9,,,0,0,0,0
1114280867663300,1791139942.613316,7613,idle,1491.7,202.0,437.6,,,0,0,0,0
1114281008263200,1791139942.753915,7753,idle,1652.4,311.1,566.1,,,0,0,0,0
1114281148566400,1791139942.894221,7894,idle,1935.0,163.0,507.8,,,0,0,0,0
1114281290103500,1791139943.035761,8035,idle,2131.0,702.1,869.7,,,0,0,0,0
1114281429873600,1791139943.175532,8175,idle,2079.0,362.3,791.5,,,0,0,0,0
1114281569682400,1791139943.315341,8315,idle,1843.4,236.2,672.5,,,0,0,0,0
1114281720464600,1791139943.466127,8466,idle,1198.6,192.6,310.3,,,0,0,0,0
1114281865658100,1791139943.611321,8611,idle,1991.1,225.5,443.0,,,0,0,0,0
1114282007635400,1791139943.753300,8753,idle,1717.4,181.1,539.4,,,0,0,0,0
1114282148676600,1791139943.894341,8894,idle,8962.5,171.2,491.7,,,0,0,0,0
1114282290320700,1791139944.035989,9035,idle,1564.3,212.0,510.1,,,0,0,0,0
1114282430388000,1791139944.176054,9176,idle,3324.8,249.5,740.6,,,0,0,0,0
1114282571126900,1791139944.316797,9316,idle,2110.4,260.8,557.1,,,0,0,0,0
1114282727221500,1791139944.472895,9472,idle,3858.6,222.2,412.1,,,0,0,0,0
1114282871169700,1791139944.616843,9616,idle,1396.7,168.9,442.2,,,0,0,0,0
1114283026295700,1791139944.771971,9771,idle,5525.6,166.9,401.2,,,0,0,0,0
1114283218313700,1791139944.963993,9963,idle,1303.3,203.7,363.9,,,0,0,0,0
1114283369402100,1791139945.115083,10115,idle,1555.3,232.1,471.7,,,0,0,0,0
1114283508675900,1791139945.254358,10254,idle,1652.9,222.6,525.7,,,0,0,0,0
1114283648545300,1791139945.394227,10394,idle,1685.4,244.3,630.1,,,0,0,0,0
1114283788109900,1791139945.533795,10533,idle,7148.2,192.2,477.3,,,0,0,0,0
1114283928522500,1791139945.674209,10674,idle,2262.8,235.1,531.4,,,0,0,0,0
1114284070354800,1791139945.816041,10816,idle,1751.1,246.3,507.4,,,0,0,0,0
1114284226931800,1791139945.972620,10972,idle,9611.4,204.0,379.4,,,0,0,0,0
1114284368308800,1791139946.113983,11113,idle,1552.4,293.4,567.6,,,0,0,0,0
1114284511203200,1791139946.256897,11256,idle,1612.1,662.2,832.7,,,0,0,0,0
1114284652232900,1791139946.397926,11397,idle,1174.6,181.2,430.3,,,0,0,0,0
1114284794068900,1791139946.539766,11539,idle,1816.1,274.1,544.9,,,0,0,0,0
1114284937117800,1791139946.682816,11682,idle,1273.2,382.7,558.1,,,0,0,0,0
1114285079501900,1791139946.825199,11825,idle,2944.5,385.5,1147.8,,,0,0,0,0
1114285219834000,1791139946.965535,11965,idle,1506.8,277.7,575.6,,,0,0,0,0
1114285361797400,1791139947.107500,12107,idle,1575.7,244.9,463.0,,,0,0,0,0
1114285504935200,1791139947.250639,12250,idle,2253.3,611.3,933.3,,,0,0,0,0
1114285647974500,1791139947.393678,12393,idle,76366.6,334.7,615.1,,,0,0,0,0
1114285848256800,1791139947.593964,12593,idle,1364.5,154.6,500.4,,,0,0,0,0
1114285994733100,1791139947.740443,12740,idle,2012.5,266.3,475.8,,,0,0,0,0
1114286135123200,1791139947.880834,12880,idle,1348.9,325.1,554.0,,,0,0,0,0
1114286273246700,1791139948.018960,13018,idle,1407.5,340.3,506.5,,,0,0,0,0
1114286415048100,1791139948.160762,13160,idle,7022.5,340.5,632.8,,,0,0,0,0
1114286558991300,1791139948.304708,13304,idle,1946.8,669.8,839.1,,,0,0,0,0
1114286700487400,1791139948.446204,13446,idle,2890.2,193.4,467.9,,,0,0,0,0
1114286842134500,1791139948.587854,13587,idle,1146.6,180.4,484.0,,,0,0,0,0
1114286998510700,1791139948.744232,13744,idle,3089.5,248.0,532.7,,,0,0,0,0
1114287141136900,1791139948.886860,13886,idle,1929.4,229.9,484.6,,,0,0,0,0
1114287281275400,1791139949.026999,14026,idle,1276.3,160.5,502.3,,,0,0,0,0
1114287422782000,1791139949.168506,14168,idle,1497.3,203.8,418.3,,,0,0,0,0
1114287563528800,1791139949.309255,14309,idle,2265.8,245.1,620.5,,,0,0,0,0
1114287717194000,1791139949.462924,14462,idle,1231.9,356.0,469.4,,,0,0,0,0
1114287861831600,1791139949.607562,14607,idle,2083.1,704.7,1076.9,,,0,0,0,0
1114288003987700,1791139949.749721,14749,idle,1331.1,464.9,615.3,,,0,0,0,0
1114288144325200,1791139949.890059,14890,idle,975.3,153.9,287.4,,,0,0,0,0
1114288283802800,1791139950.029539,29,idle,1988.9,190.0,406.3,,,0,0,0,0
1114288429120300,1791139950.174856,174,idle,1948.3,681.3,882.5,,,0,0,0,0
1114288573495300,1791139950.319235,319,idle,1342.7,220.0,441.6,,,0,0,0,0
1114288731806200,1791139950.477547,477,idle,2133.0,155.2,287.0,,,0,0,0,0
1114288874781100,1791139950.620524,620,idle,1070.7,185.0,412.7,,,0,0,0,0
1114289018909700,1791139950.764655,764,idle,1022.0,204.1,351.8,,,0,0,0,0
1114289161703300,1791139950.907449,907,idle,59757.0,139.0,433.0,,,0,0,0,0
1114289349107500,1791139951.094855,1094,idle,1411.1,372.7,604.0,,,0,0,0,0
1114289492608600,1791139951.238357,1238,idle,4553.5,184.4,611.6,,,0,0,0,0
1114289631280800,1791139951.377031,1377,idle,1396.7,261.4,435.7,,,0,0,0,0
1114289771262000,1791139951.517014,1517,idle,1145.7,241.8,497.1,,,0,0,0,0
1114289914571900,1791139951.660326,1660,idle,2424.5,247.5,406.5,,,0,0,0,0
1114290054781200,1791139951.800538,1800,idle,3054.3,257.6,455.6,,,0,0,0,0
1114290227654100,1791139951.973413,1973,idle,1670.7,281.8,542.5,,,0,0,0,0
1114290384679900,1791139952.130440,2130,idle,1115.1,198.5,363.5,,,0,0,0,0
1114290526929100,1791139952.272691,2272,idle,1072.0,184.1,318.0,,,0,0,0,0
1114290667353400,1791139952.413116,2413,idle,57505.8,141.4,363.4,,,0,0,0,0
1114290825291800,1791139952.571055,2571,idle,1434.0,156.1,448.6,,,0,0,0,0
1114290965771900,1791139952.711538,2711,idle,2364.6,157.7,497.4,,,0,0,0,0
1114291123311200,1791139952.869065,2869,idle,1145.6,231.9,400.1,,,0,0,0,0
1114291263552400,1791139953.009322,3009,idle,1337.2,288.6,510.1,,,0,0,0,0
1114291405767500,1791139953.151539,3151,idle,1234.3,193.7,409.1,,,0,0,0,0
1114291545852200,1791139953.291625,3291,idle,2117.2,394.7,835.7,,,0,0,0,0
1114291721313600,1791139953.467089,3467,idle,1781.9,292.8,471.3,,,0,0,0,0
1114291860824100,1791139953.606598,3606,idle,2062.0,409.2,735.2,,,0,0,0,0
1114292001228500,1791139953.747006,3747,idle,1807.4,299.7,563.1,,,0,0,0,0
1114292157532100,1791139953.903312,3903,idle,61192.0,151.7,374.9,,,0,0,0,0
1114292345861600,1791139954.091642,4091,idle,2013.5,360.6,834.6,,,0,0,0,0
1114292488466600,1791139954.234249,4234,idle,1227.3,260.2,456.1,,,0,0,0,0
1114292631701600,1791139954.377486,4377,idle,1962.7,273.6,542.9,,,0,0,0,0
1114292772416200,1791139954.518202,4518,idle,1698.3,202.7,541.4,,,0,0,0,0
1114292914920300,1791139954.660709,4660,idle,1197.9,250.6,431.2,,,0,0,0,0
1114293057801900,1791139954.803591,4803,idle,1728.9,641.5,863.8,,,0,0,0,0
1114293223862300,1791139954.969655,4969,idle,1424.7,382.2,746.0,,,0,0,0,0
1114293371096400,1791139955.116890,5116,idle,1718.3,282.9,453.5,,,0,0,0,0
1114293510974600,1791139955.256768,5256,idle,2400.5,417.8,712.5,,,0,0,0,0
1114293653004600,1791139955.398801,5398,idle,1478.9,398.1,584.0,,,0,0,0,0
1114293794872100,1791139955.540666,5540,idle,5877.0,378.8,792.1,,,0,0,0,0
1114293936652400,1791139955.682450,5682,idle,1346.1,190.7,445.9,,,0,0,0,0
1114294077327200,1791139955.823128,5823,idle,5084.3,200.5,413.2,,,0,0,0,0
1114294219719400,1791139955.965521,5965,idle,2451.4,422.6,916.7,,,0,0,0,0
1114294360882700,1791139956.106684,6106,idle,3483.1,344.9,871.3,,,0,0,0,0
1114294501195500,1791139956.246995,6246,idle,24799.4,247.9,1007.3,,,0,0,0,0
1114294641265100,1791139956.387073,6387,idle,1240.8,197.8,405.3,,,0,0,0,0
1114294781075200,1791139956.526884,6526,idle,7354.7,270.2,509.9,,,0,0,0,0
1114294920712100,1791139956.666520,6666,idle,5515.2,523.9,996.6,,,0,0,0,0
1114295060561300,1791139956.806374,6806,idle,1014.3,205.7,432.2,,,0,0,0,0
1114295220926600,1791139956.966742,6966,idle,1342.1,164.2,270.8,,,0,0,0,0
1114295359724400,1791139957.105541,7105,idle,1165.2,192.3,393.2,,,0,0,0,0
1114295498817300,1791139957.244635,7244,idle,1228.3,214.6,383.3,,,0,0,0,0
1114295637834800,1791139957.383652,7383,idle,1852.8,390.8,751.2,,,0,0,0,0
1114295780776900,1791139957.526591,7526,idle,4160.2,403.8,860.1,,,0,0,0,0
1114295920046000,1791139957.665867,7665,idle,1993.7,686.3,907.8,,,0,0,0,0
1114296060259000,1791139957.806083,7806,idle,1143.5,246.8,415.1,,,0,0,0,0
1114296221005900,1791139957.966832,7966,idle,2263.8,304.2,550.4,,,0,0,0,0
1114296371526500,1791139958.117353,8117,idle,2453.1,247.3,462.8,,,0,0,0,0
1114296513799300,1791139958.259626,8259,idle,2371.0,326.6,829.5,,,0,0,0,0
1114296655230100,1791139958.401060,8401,idle,1301.1,241.4,445.5,,,0,0,0,0
1114296796968000,1791139958.542799,8542,idle,10215.4,368.8,569.8,,,0,0,0,0
1114296938715000,1791139958.684547,8684,idle,1622.2,228.7,479.0,,,0,0,0,0
1114297079089000,1791139958.824924,8824,idle,1507.9,282.7,526.3,,,0,0,0,0
1114297219764300,1791139958.965600,8965,idle,1221.7,208.6,422.7,,,0,0,0,0
1114297361591000,1791139959.107427,9107,idle,17715.5,270.8,710.1,,,0,0,0,0
1114297504787100,1791139959.250624,9250,idle,4181.0,240.7,1102.1,,,0,0,0,0
1114297644048200,1791139959.389890,9389,idle,1860.1,208.6,589.6,,,0,0,0,0
1114297783885400,1791139959.529722,9529,idle,11341.9,437.4,759.3,,,0,0,0,0
1114297923808600,1791139959.669653,9669,idle,1343.2,231.4,418.3,,,0,0,0,0
1114298064834300,1791139959.810679,9810,idle,2012.1,425.8,779.5,,,0,0,0,0
1114298218291000,1791139959.964140,9964,idle,1210.3,204.9,501.4,,,0,0,0,0
1114298361097300,1791139960.106947,10106,idle,1808.3,656.0,883.5,,,0,0,0,0
1114298503728200,1791139960.249578,10249,idle,1949.5,192.1,559.0,,,0,0,0,0
1114298645538100,1791139960.391392,10391,idle,1613.0,263.6,433.0,,,0,0,0,0
1114298787467400,1791139960.533319,10533,idle,1806.0,227.4,465.5,,,0,0,0,0
1114298930910800,1791139960.676768,10676,idle,1844.9,750.1,1003.0,,,0,0,0,0
1114299073876200,1791139960.819735,10819,idle,1184.5,189.1,353.6,,,0,0,0,0
1114299223934700,1791139960.969795,10969,idle,1140.0,320.9,435.4,,,0,0,0,0
1114299374077800,1791139961.119938,11119,idle,1263.4,249.9,583.4,,,0,0,0,0
1114299516729000,1791139961.262591,11262,idle,1560.9,175.8,465.4,,,0,0,0,0
1114299658433400,1791139961.404298,11404,idle,57484.8,167.9,348.6,,,0,0,0,0
1114299851430900,1791139961.597297,11597,idle,1907.1,247.5,562.7,,,0,0,0,0
1114300000019200,1791139961.745887,11745,idle,1780.9,409.9,615.7,,,0,0,0,0
1114300141862800,1791139961.887708,11887,idle,9145.0,320.3,1395.1,,,0,0,0,0
1114300283593600,1791139962.029464,12029,idle,1607.6,216.2,424.5,,,0,0,0,0
1114300423618500,1791139962.169491,12169,idle,2613.8,248.8,573.7,,,0,0,0,0
1114300563738600,1791139962.309613,12309,idle,5784.0,260.8,565.9,,,0,0,0,0
1114300720792600,1791139962.466670,12466,idle,1322.0,164.4,271.2,,,0,0,0,0
1114300861372600,1791139962.607250,12607,idle,1493.8,320.5,618.8,,,0,0,0,0
1114301003102800,1791139962.748983,12748,idle,3336.8,314.3,527.0,,,0,0,0,0
1114301144761400,1791139962.890643,12890,idle,1358.5,216.3,428.1,,,0,0,0,0
1114301285498100,1791139963.031381,13031,idle,16347.5,240.4,720.3,,,0,0,0,0
1114301425840200,1791139963.171724,13171,idle,1445.3,287.7,460.3,,,0,0,0,0
1114301568940700,1791139963.314827,13314,idle,1389.8,248.4,682.1,,,0,0,0,0
1114301708590300,1791139963.454477,13454,idle,1122.3,280.0,451.4,,,0,0,0,0
1114301848939600,1791139963.594829,13594,idle,1745.9,406.8,676.9,,,0,0,0,0
1114301991501600,1791139963.737391,13737,idle,1348.0,139.4,372.0,,,0,0,0,0
1114302132775100,1791139963.878666,13878,idle,1324.5,208.0,414.6,,,0,0,0,0
1114302274862600,1791139964.020757,14020,idle,10825.9,209.7,361.8,,,0,0,0,0
1114302431092900,1791139964.176986,14176,idle,2471.8,293.0,567.5,,,0,0,0,0
1114302571657700,1791139964.317555,14317,idle,1422.6,182.6,394.4,,,0,0,0,0
1114302722844300,1791139964.468744,14468,idle,1008.5,113.9,237.0,,,0,0,0,0
1114302869110000,1791139964.615009,14615,idle,2139.5,267.0,546.2,,,0,0,0,0
1114303010264100,1791139964.756166,14756,idle,1171.0,237.8,459.4,,,0,0,0,0
1114303151150700,1791139964.897055,14897,idle,41359.5,266.1,561.4,,,0,0,0,0
1114303316039700,1791139965.061944,61,idle,5580.2,198.7,513.8,,,0,0,0,0
1114303462258700,1791139965.208166,208,idle,1090.6,189.1,367.4,,,0,0,0,0
1114303604949100,1791139965.350858,350,idle,1721.4,531.1,750.8,,,0,0,0,0
1114303748555300,1791139965.494466,494,idle,2214.0,182.8,498.9,,,0,0,0,0
1114303920988000,1791139965.666900,666,idle,6530.7,448.4,640.4,,,0,0,0,0
1114304063410500,1791139965.809324,809,idle,1403.6,273.4,659.2,,,0,0,0,0
1114304217103800,1791139965.963020,963,idle,1320.3,334.0,500.2,,,0,0,0,0
1114304376902800,1791139966.122821,1122,idle,1099.8,200.2,378.5,,,0,0,0,0
1114304517604200,1791139966.263521,1263,idle,2013.5,263.2,536.1,,,0,0,0,0
1114304657133400,1791139966.403054,1403,idle,29951.2,175.3,454.4,,,0,0,0,0
1114304800135600,1791139966.546058,1546,idle,1430.2,217.3,476.7,,,0,0,0,0
1114304941077900,1791139966.686997,1686,idle,3193.2,201.6,736.6,,,0,0,0,0
1114305082861400,1791139966.828787,1828,idle,2037.4,362.8,626.6,,,0,0,0,0
1114305229072000,1791139966.975000,1974,idle,15806.5,146.4,489.3,,,0,0,0,0
1114305380077100,1791139967.126005,2126,idle,1779.8,199.1,583.9,,,0,0,0,0
1114305521683000,1791139967.267614,2267,idle,1805.0,481.3,946.6,,,0,0,0,0
1114305664143400,1791139967.410074,2410,idle,57553.6,252.9,533.5,,,0,0,0,0
1114305846535600,1791139967.592470,2592,idle,1689.0,200.6,317.9,,,0,0,0,0
1114305995879700,1791139967.741816,2741,idle,4238.4,157.9,351.0,,,0,0,0,0
1114306136186200,1791139967.882123,2882,idle,1123.2,285.5,445.9,,,0,0,0,0
1114306276908400,1791139968.022848,3022,idle,1268.6,184.1,376.1,,,0,0,0,0
1114306419191000,1791139968.165131,3165,idle,1449.9,294.2,619.4,,,0,0,0,0
1114306559610200,1791139968.305552,3305,idle,1793.2,285.7,575.9,,,0,0,0,0
1114306727662400,1791139968.473607,3473,idle,1369.7,155.4,386.3,,,0,0,0,0
1114306874225800,1791139968.620168,3620,idle,16558.3,296.3,709.6,,,0,0,0,0
1114307016095000,1791139968.762035,3762,idle,4866.8,555.6,1477.3,,,0,0,0,0
1114307158557700,1791139968.904507,3904,idle,60558.2,172.3,407.1,,,0,0,0,0
1114307349540100,1791139969.095473,4095,idle,2885.4,375.6,998.9,,,0,0,0,0
1114307487518100,1791139969.233471,4233,idle,1624.6,193.4,398.4,,,0,0,0,0
1114307629555200,1791139969.375510,4375,idle,8874.3,187.2,353.2,,,0,0,0,0
1114307770966600,1791139969.516923,4516,idle,1564.9,392.0,595.4,,,0,0,0,0
1114307910550200,1791139969.656507,4656,idle,1918.0,266.9,530.3,,,0,0,0,0
1114308053062000,1791139969.799021,4799,idle,1655.9,284.7,704.0,,,0,0,0,0
1114308227817900,1791139969.973780,4973,idle,1322.3,251.9,369.0,,,0,0,0,0
1114308365337500,1791139970.111298,5111,idle,4824.5,263.0,528.7,,,0,0,0,0
1114308504869800,1791139970.250834,5250,idle,6874.7,133.7,293.4,,,0,0,0,0
1114308646902000,1791139970.392868,5392,idle,1654.1,235.5,416.7,,,0,0,0,0
1114308786301000,1791139970.532269,5532,idle,1143.2,205.8,396.7,,,0,0,0,0
1114308927759600,1791139970.673728,5673,idle,1759.0,453.1,847.7,,,0,0,0,0
1114309069490100,1791139970.815461,5815,idle,1292.9,319.1,490.6,,,0,0,0,0
1114309210165200,1791139970.956134,5956,idle,58528.9,175.9,490.1,,,0,0,0,0
1114309389287700,1791139971.135260,6135,idle,8283.7,269.8,768.0,,,0,0,0,0
1114309541371200,1791139971.287331,6287,idle,1355.1,300.0,575.4,,,0,0,0,0
1114309730312500,1791139971.476292,6476,idle,1925.5,192.1,694.0,,,0,0,0,0
1114309870935100,1791139971.616915,6616,idle,1781.7,523.3,734.2,,,0,0,0,0
1114310013768300,1791139971.759750,6759,idle,1319.0,304.8,469.8,,,0,0,0,0
1114310153617300,1791139971.899600,6899,idle,64365.1,210.1,382.8,,,0,0,0,0
1114310326486500,1791139972.072472,7072,idle,1755.4,186.2,556.3,,,0,0,0,0
1114310465634800,1791139972.211621,7211,idle,1757.3,181.8,609.8,,,0,0,0,0
1114310606327800,1791139972.352316,7352,idle,1300.1,276.0,480.8,,,0,0,0,0
1114310747555600,1791139972.493546,7493,idle,1876.9,686.9,854.9,,,0,0,0,0
1114310887847200,1791139972.633839,7633,idle,1734.1,140.9,324.5,,,0,0,0,0
1114311028653200,1791139972.774644,7774,idle,21918.9,247.7,967.6,,,0,0,0,0
1114311224467400,1791139972.970446,7970,idle,8661.3,216.1,625.3,,,0,0,0,0
1114311371818900,1791139973.117816,8117,idle,1206.7,265.6,433.9,,,0,0,0,0
1114311528259800,1791139973.274258,8274,idle,1906.1,262.5,570.7,,,0,0,0,0
1114311729242800,1791139973.475244,8475,idle,7791.3,209.3,594.5,,,0,0,0,0
1114311870275300,1791139973.616278,8616,idle,2412.5,219.6,543.2,,,0,0,0,0
1114312011008000,1791139973.757012,8757,idle,9376.4,354.7,588.0,,,0,0,0,0
1114312151184300,1791139973.897187,8897,idle,6968.6,294.7,861.0,,,0,0,0,0
1114312293282300,1791139974.039288,9039,idle,1445.0,263.5,570.9,,,0,0,0,0
1114312436888800,1791139974.182896,9182,idle,7233.3,242.8,848.3,,,0,0,0,0
1114312577888100,1791139974.323898,9323,idle,2290.0,801.1,1046.3,,,0,0,0,0
1114312727282200,1791139974.473294,9473,idle,1772.2,207.2,678.9,,,0,0,0,0
1114312876081400,1791139974.622096,9622,idle,8103.0,201.5,563.3,,,0,0,0,0
1114313017243700,1791139974.763260,9763,idle,1251.5,218.5,395.4,,,0,0,0,0
1114313156360100,1791139974.902376,9902,idle,1444.1,188.0,385.0,,,0,0,0,0
1114313297480800,1791139975.043499,10043,idle,2143.6,244.1,573.5,,,0,0,0,0
1114313438545700,1791139975.184565,10184,idle,2195.9,259.9,475.1,,,0,0,0,0
1114313576009800,1791139975.322030,10322,idle,1486.3,481.3,703.5,,,0,0,0,0
1114313722120900,1791139975.468143,10468,idle,1840.9,243.2,534.8,,,0,0,0,0
1114313864889800,1791139975.610915,10610,idle,8064.5,429.4,765.0,,,0,0,0,0
1114314003560800,1791139975.749586,10749,idle,1224.8,197.1,431.1,,,0,0,0,0
1114314148475800,1791139975.894504,10894,idle,1329.1,230.8,507.0,,,0,0,0,0
1114314290276200,1791139976.036306,11036,idle,1932.7,177.8,562.6,,,0,0,0,0
1114314447528000,1791139976.193558,11193,idle,1518.3,224.2,419.9,,,0,0,0,0
1114314589406700,1791139976.335440,11335,idle,5231.6,191.4,382.7,,,0,0,0,0
1114314744912100,1791139976.490946,11490,idle,14291.0,264.7,731.0,,,0,0,0,0
1114314886964700,1791139976.632988,11632,idle,4183.5,213.8,878.2,,,0,0,0,0
1114315024858000,1791139976.770893,11770,idle,1755.6,164.0,402.2,,,0,0,0,0
1114315167069500,1791139976.913110,11913,idle,18745.0,289.3,553.2,,,0,0,0,0
1114315308252500,1791139977.054294,12054,idle,1109.0,205.3,379.6,,,0,0,0,0
1114315449993900,1791139977.196037,12196,idle,2063.0,824.0,1022.8,,,0,0,0,0
1114315591125300,1791139977.337170,12337,idle,2129.9,313.4,497.9,,,0,0,0,0
1114315735454700,1791139977.481501,12481,idle,10355.7,255.5,1167.9,,,0,0,0,0
1114315885904800,1791139977.631952,12631,idle,2280.5,678.9,938.3,,,0,0,0,0
1114316027348000,1791139977.773397,12773,idle,1578.5,192.0,391.8,,,0,0,0,0
1114316168272300,1791139977.914323,12914,idle,55172.6,202.7,679.9,,,0,0,0,0
1114316326216800,1791139978.072267,13072,idle,3752.5,344.5,880.1,,,0,0,0,0
1114316477993500,1791139978.224045,13224,idle,2756.7,719.0,1018.9,,,0,0,0,0
1114316621067000,1791139978.367123,13367,idle,1762.7,760.2,929.8,,,0,0,0,0
1114316761611700,1791139978.507668,13507,idle,1961.9,122.0,396.4,,,0,0,0,0
1114316901457600,1791139978.647515,13647,idle,1850.2,250.4,619.4,,,0,0,0,0
1114317043570100,1791139978.789631,13789,idle,9071.7,235.7,711.0,,,0,0,0,0
1114317221197800,1791139978.967261,13967,idle,1642.2,238.8,706.7,,,0,0,0,0
1114317373631600,1791139979.119693,14119,idle,15105.1,307.6,1186.0,,,0,0,0,0
1114317530261000,1791139979.276327,14276,idle,1306.6,180.7,396.7,,,0,0,0,0
1114317726835600,1791139979.472905,14472,idle,1737.7,136.2,321.5,,,0,0,0,0
1114317876009600,1791139979.622077,14622,idle,3948.0,333.0,702.4,,,0,0,0,0
1114318017196900,1791139979.763266,14763,idle,19299.6,231.5,564.6,,,0,0,0,0
1114318186432000,1791139979.932506,14932,idle,8338.1,151.3,492.0,,,0,0,0,0
1114318332831200,1791139980.078907,78,idle,1211.7,267.6,472.6,,,0,0,0,0
1114318483219200,1791139980.229296,229,idle,1405.9,234.0,412.6,,,0,0,0,0
1114318627673500,1791139980.373750,373,idle,2074.1,185.4,449.1,,,0,0,0,0
1114318771206700,1791139980.517286,517,idle,1269.0,190.3,385.3,,,0,0,0,0
1114318915957900,1791139980.662039,662,idle,1557.5,334.6,625.5,,,0,0,0,0
1114319060171000,1791139980.806254,806,idle,1531.8,282.7,568.9,,,0,0,0,0
1114319257061900,1791139981.003148,1003,idle,13590.8,171.1,407.1,,,0,0,0,0
1114319408895700,1791139981.154979,1154,idle,3932.7,404.4,730.1,,,0,0,0,0
1114319562507100,1791139981.308593,1308,tx,170401.9,,,,,1,0,0,1
1114319845832200,1791139981.591922,1591,tx,2366.0,,,,,1,0,0,1
1114319986106300,1791139981.732200,1732,tx,8116.1,,,,,1,0,0,1
1114320125283500,1791139981.871380,1871,tx,1676.6,,,,,1,0,0,1
1114320268027600,1791139982.014126,2014,tx,1402.1,,,,,1,0,0,1
1114320408341300,1791139982.154441,2154,tx,1234.7,,,,,1,0,0,1
1114320551281200,1791139982.297382,2297,tx,892.3,,,,,1,0,0,1
1114320691232200,1791139982.437332,2437,tx,1578.4,,,,,1,0,0,1
1114320834386600,1791139982.580491,2580,tx,1217.6,,,,,1,0,0,1
1114320976550800,1791139982.722655,2722,tx,10486.1,,,,,1,0,0,1
1114321115745200,1791139982.861851,2861,tx,1930.0,,,,,1,0,0,1
1114321257693600,1791139983.003799,3003,tx,2916.7,,,,,1,0,0,1
1114321398654400,1791139983.144761,3144,tx,4279.1,,,,,1,0,0,1
1114321541661100,1791139983.287772,3287,tx,1466.0,,,,,1,0,0,1
1114321685286700,1791139983.431400,3431,tx,1496.1,,,,,1,0,0,1
1114321825736800,1791139983.571850,3571,tx,1736.9,,,,,1,0,0,1
1114321967159700,1791139983.713277,3713,tx,1194.6,,,,,1,0,0,1
1114322123251900,1791139983.869369,3869,tx,2212.8,,,,,1,0,0,1
1114322264891700,1791139984.011009,4011,tx,2617.7,,,,,1,0,0,1
1114322406694000,1791139984.152814,4152,tx,11535.4,,,,,1,0,0,1
1114322548416500,1791139984.294538,4294,tx,1455.3,,,,,1,0,0,1
1114322735270100,1791139984.481395,4481,tx,3632.7,,,,,1,0,0,1
1114322874066100,1791139984.620193,4620,tx,1387.4,,,,,1,0,0,1
1114323013019800,1791139984.759144,4759,tx,2985.2,,,,,1,0,0,1
1114323153370800,1791139984.899501,4899,tx,3767.4,,,,,1,0,0,1
1114323299586500,1791139985.045717,5045,tx,18859.5,,,,,1,0,0,1
1114323441549300,1791139985.187683,5187,tx,13501.4,,,,,1,0,0,1
1114323591099500,1791139985.337235,5337,tx,7637.1,,,,,1,0,0,1
1114323746363800,1791139985.492487,5492,tx,10846.2,,,,,1,0,0,1
1114323901870500,1791139985.648008,5648,tx,7681.2,,,,,1,0,0,1
1114324046228800,1791139985.792347,5792,tx,10117.7,,,,,1,0,0,1
1114324232143000,1791139985.978286,5978,tx,1367.4,,,,,1,0,0,1
1114324374373700,1791139986.120513,6120,tx,22712.3,,,,,1,0,0,1
1114324515140800,1791139986.261285,6261,tx,1479.9,,,,,1,0,0,1
1114324655683600,1791139986.401831,6401,tx,1453.8,,,,,1,0,0,1
1114324797051500,1791139986.543197,6543,tx,7321.4,,,,,1,0,0,1
1114324938656900,1791139986.684807,6684,tx,2026.0,,,,,1,0,0,1
1114325080180600,1791139986.826331,6826,tx,2111.6,,,,,1,0,0,1
1114325222708000,1791139986.968859,6968,tx,2244.4,,,,,1,0,0,1
1114325364634800,1791139987.110789,7110,tx,2118.4,,,,,1,0,0,1
1114325505283000,1791139987.251438,7251,tx,2358.8,,,,,1,0,0,1
1114325647662900,1791139987.393821,7393,tx,1229.2,,,,,1,0,0,1
1114325789629500,1791139987.535790,7535,tx,5019.1,,,,,1,0,0,1
1114325931326200,1791139987.677488,7677,tx,1157.5,,,,,1,0,0,1
1114326072200600,1791139987.818363,7818,tx,1584.7,,,,,1,0,0,1
1114326215674200,1791139987.961837,7961,tx,1424.5,,,,,1,0,0,1
1114326353370400,1791139988.099537,8099,tx,6905.1,,,,,1,0,0,1
1114326498111700,1791139988.244277,8244,tx,2190.6,,,,,1,0,0,1
1114326639580400,1791139988.385747,8385,tx,2756.1,,,,,1,0,0,1
1114326780774200,1791139988.526944,8526,tx,4763.0,,,,,1,0,0,1
1114326921841900,1791139988.668014,8668,tx,4733.0,,,,,1,0,0,1
1114327063967700,1791139988.810141,8810,tx,2532.9,,,,,1,0,0,1
1114327230733000,1791139988.976910,8976,tx,1006.7,,,,,1,0,0,1
1114327377172000,1791139989.123347,9123,tx,3546.2,,,,,1,0,0,1
1114327521546900,1791139989.267724,9267,tx,2244.4,,,,,1,0,0,1
1114327663362300,1791139989.409543,9409,tx,1477.8,,,,,1,0,0,1
1114327805176100,1791139989.551354,9551,tx,1716.5,,,,,1,0,0,1
1114327946288500,1791139989.692471,9692,tx,2535.6,,,,,1,0,0,1
1114328085516000,1791139989.831697,9831,tx,11306.8,,,,,1,0,0,1
1114328229160100,1791139989.975347,9975,tx,1590.2,,,,,1,0,0,1
1114328371581800,1791139990.117770,10117,tx,55179.4,,,,,1,0,0,1
1114328533711600,1791139990.279903,10279,tx,2875.5,,,,,1,0,0,1
1114328732211900,1791139990.478405,10478,tx,1380.7,,,,,1,0,0,1
1114328877698700,1791139990.623890,10623,tx,1901.6,,,,,1,0,0,1
1114329018004300,1791139990.764198,10764,tx,2514.2,,,,,1,0,0,1
1114329158491600,1791139990.904689,10904,tx,1549.9,,,,,1,0,0,1
1114329315262800,1791139991.061462,11061,tx,1312.0,,,,,1,0,0,1
1114329456778100,1791139991.202979,11202,tx,1551.4,,,,,1,0,0,1
1114329597559800,1791139991.343762,11343,tx,2018.6,,,,,1,0,0,1
1114329739287600,1791139991.485492,11485,tx,2385.5,,,,,1,0,0,1
1114329878082400,1791139991.624288,11624,tx,2544.5,,,,,1,0,0,1
1114330019851500,1791139991.766058,11766,tx,2075.5,,,,,1,0,0,1
1114330159673100,1791139991.905882,11905,tx,73800.1,,,,,1,0,0,1
1114330348474400,1791139992.094686,12094,tx,1425.6,,,,,1,0,0,1
1114330487495600,1791139992.233709,12233,tx,6072.0,,,,,1,0,0,1
1114330631061100,1791139992.377276,12377,tx,4467.0,,,,,1,0,0,1
1114330771276700,1791139992.517493,12517,tx,1121.7,,,,,1,0,0,1
1114330912259400,1791139992.658475,12658,tx,1426.7,,,,,1,0,0,1
1114331052483600,1791139992.798702,12798,tx,1227.0,,,,,1,0,0,1
1114331193872600,1791139992.940094,12940,tx,1348.3,,,,,1,0,0,1
1114331332891800,1791139993.079113,13079,tx,3239.8,,,,,1,0,0,1
1114331473176500,1791139993.219401,13219,tx,10368.8,,,,,1,0,0,1
1114331613372000,1791139993.359598,13359,tx,1409.1,,,,,1,0,0,1
1114331753298800,1791139993.499524,13499,tx,1337.8,,,,,1,0,0,1
1114331894246800,1791139993.640475,13640,tx,1974.3,,,,,1,0,0,1
1114332035024900,1791139993.781254,13781,tx,1295.5,,,,,1,0,0,1
1114332175532200,1791139993.921764,13921,tx,1531.2,,,,,1,0,0,1
1114332314398800,1791139994.060632,14060,tx,2079.3,,,,,1,0,0,1
1114332456226900,1791139994.202462,14202,tx,8679.8,,,,,1,0,0,1
1114332599953000,1791139994.346190,14346,tx,1834.8,,,,,1,0,0,1
1114332740482400,1791139994.486721,14486,tx,1133.6,,,,,1,0,0,1
1114332880662200,1791139994.626901,14626,tx,1834.0,,,,,1,0,0,1
1114333021568700,1791139994.767808,14767,tx,2570.2,,,,,1,0,0,1
1114333162362200,1791139994.908606,14908,tx,69487.2,,,,,1,0,0,1
1114333351041200,1791139995.097287,97,tx,1372.8,,,,,1,0,0,1
1114333494608600,1791139995.240853,240,tx,1499.0,,,,,1,0,0,1
1114333639512900,1791139995.385761,385,tx,1288.5,,,,,1,0,0,1
1114333784311900,1791139995.530560,530,tx,1792.5,,,,,1,0,0,1
1114333927691300,1791139995.673943,673,tx,1405.0,,,,,1,0,0,1
1114334071408400,1791139995.817662,817,tx,5093.0,,,,,1,0,0,1
1114334213254200,1791139995.959508,959,tx,10024.8,,,,,1,0,0,1
1114334354454700,1791139996.100710,1100,tx,1777.3,,,,,1,0,0,1
1114334493667500,1791139996.239926,1239,tx,2320.0,,,,,1,0,0,1
1114334630824300,1791139996.377083,1377,tx,1148.7,,,,,1,0,0,1
1114334769763600,1791139996.516025,1516,tx,2104.7,,,,,1,0,0,1
1114334907878900,1791139996.654142,1654,tx,1320.8,,,,,1,0,0,1
1114335047345900,1791139996.793606,1793,tx,5525.6,,,,,1,0,0,1
1114335189229000,1791139996.935491,1935,tx,28829.3,,,,,1,0,0,1
1114335331145600,1791139997.077413,2077,tx,1343.3,,,,,1,0,0,1
1114335484311300,1791139997.230576,2230,tx,6554.5,,,,,1,0,0,1
1114335639930700,1791139997.386202,2386,tx,1463.9,,,,,1,0,0,1
1114335779508400,1791139997.525780,2525,tx,2191.1,,,,,1,0,0,1
1114335919523800,1791139997.665798,2665,tx,1187.5,,,,,1,0,0,1
1114336076464700,1791139997.822741,2822,tx,1736.1,,,,,1,0,0,1
1114336250784000,1791139997.997062,2997,tx,1517.0,,,,,1,0,0,1
1114336389097100,1791139998.135377,3135,tx,2089.1,,,,,1,0,0,1
1114336531914800,1791139998.278195,3278,tx,1361.1,,,,,1,0,0,1
1114336672397400,1791139998.418680,3418,tx,1449.2,,,,,1,0,0,1
1114336813420800,1791139998.559704,3559,tx,1956.7,,,,,1,0,0,1
1114336954723900,1791139998.701008,3701,tx,1218.6,,,,,1,0,0,1
1114337095342400,1791139998.841627,3841,tx,8562.0,,,,,1,0,0,1
1114337238040500,1791139998.984329,3984,tx,2278.9,,,,,1,0,0,1
1114337378955300,1791139999.125245,4125,tx,14541.7,,,,,1,0,0,1
1114337521057900,1791139999.267349,4267,tx,1263.3,,,,,1,0,0,1
1114337660545700,1791139999.406840,4406,tx,2825.3,,,,,1,0,0,1
1114337800794000,1791139999.547090,4547,tx,4711.7,,,,,1,0,0,1
1114337941832400,1791139999.688130,4688,tx,1131.4,,,,,1,0,0,1
1114338084142900,1791139999.830442,4830,tx,1080.7,,,,,1,0,0,1
1114338225187000,1791139999.971487,4971,tx,1802.3,,,,,1,0,0,1
1114338365771300,1791140000.112071,5112,tx,14184.4,,,,,1,0,0,1
1114338508569500,1791140000.254872,5254,tx,1803.4,,,,,1,0,0,1
1114338648687000,1791140000.394992,5394,tx,1819.8,,,,,1,0,0,1
1114338789687400,1791140000.535979,5535,tx,2906.4,,,,,1,0,0,1
1114338930620500,1791140000.676927,5676,tx,1202.2,,,,,1,0,0,1
1114339070635600,1791140000.816946,5816,tx,933.5,,,,,1,0,0,1
1114339255394300,1791140001.001707,6001,tx,1129.1,,,,,1,0,0,1
1114339398920000,1791140001.145234,6145,tx,1407.9,,,,,1,0,0,1
1114339539591000,1791140001.285905,6285,tx,1488.2,,,,,1,0,0,1
1114339681906400,1791140001.428219,6428,tx,13377.7,,,,,1,0,0,1
1114339823596400,1791140001.569915,6569,tx,1836.7,,,,,1,0,0,1
1114339978941100,1791140001.725261,6725,tx,1184.7,,,,,1,0,0,1
1114340118584800,1791140001.864906,6864,tx,4466.0,,,,,1,0,0,1
1114340258940600,1791140002.005262,7005,tx,1562.0,,,,,1,0,0,1
1114340400791300,1791140002.147115,7147,tx,2694.6,,,,,1,0,0,1
1114340543686500,1791140002.290012,7290,tx,1620.0,,,,,1,0,0,1
1114340748270700,1791140002.494600,7494,tx,2559.6,,,,,1,0,0,1
1114340888499000,1791140002.634830,7634,tx,4898.7,,,,,1,0,0,1
1114341026651800,1791140002.772983,7772,tx,1626.5,,,,,1,0,0,1
1114341171093700,1791140002.917426,7917,tx,1629.2,,,,,1,0,0,1
1114341312986100,1791140003.059320,8059,tx,20462.3,,,,,1,0,0,1
1114341458914900,1791140003.205252,8205,tx,4688.8,,,,,1,0,0,1
1114341611512200,1791140003.357848,8357,tx,2231.7,,,,,1,0,0,1
1114341766696100,1791140003.513036,8513,tx,7005.3,,,,,1,0,0,1
1114341909036500,1791140003.655375,8655,tx,2898.8,,,,,1,0,0,1
1114342051483800,1791140003.797823,8797,tx,4799.8,,,,,1,0,0,1
1114342250959400,1791140003.997305,8997,tx,1858.9,,,,,1,0,0,1
1114342396676000,1791140004.143022,9143,tx,1498.5,,,,,1,0,0,1
1114342538591600,1791140004.284940,9284,tx,2174.1,,,,,1,0,0,1
1114342679804700,1791140004.426155,9426,tx,1265.6,,,,,1,0,0,1
1114342819912500,1791140004.566265,9566,tx,1956.3,,,,,1,0,0,1
1114342962758100,1791140004.709111,9709,tx,18250.5,,,,,1,0,0,1
1114343105848000,1791140004.852203,9852,tx,1269.8,,,,,1,0,0,1
1114343246891800,1791140004.993249,9993,tx,6427.6,,,,,1,0,0,1
1114343388305000,1791140005.134663,10134,tx,1618.5,,,,,1,0,0,1
1114343531423100,1791140005.277783,10277,tx,1372.6,,,,,1,0,0,1
1114343672378300,1791140005.418741,10418,tx,74548.5,,,,,1,0,0,1
1114343867527900,1791140005.613892,10613,tx,1302.4,,,,,1,0,0,1
1114344016572100,1791140005.762933,10762,tx,8506.8,,,,,1,0,0,1
1114344156537300,1791140005.902904,10902,tx,2247.4,,,,,1,0,0,1
1114344298830500,1791140006.045199,11045,tx,2049.6,,,,,1,0,0,1
1114344440842400,1791140006.187210,11187,tx,2097.2,,,,,1,0,0,1
1114344580737600,1791140006.327108,11327,tx,3175.0,,,,,1,0,0,1
1114344737428900,1791140006.483803,11483,tx,1156.7,,,,,1,0,0,1
1114344878581700,1791140006.624957,11624,tx,1353.9,,,,,1,0,0,1
1114345019809900,1791140006.766186,11766,tx,1378.0,,,,,1,0,0,1
1114345162999400,1791140006.909377,11909,tx,5797.1,,,,,1,0,0,1
1114345305201500,1791140007.051582,12051,tx,1551.5,,,,,1,0,0,1
1114345446168300,1791140007.192549,12192,tx,1584.3,,,,,1,0,0,1
1114345587505000,1791140007.333888,12333,tx,12414.5,,,,,1,0,0,1
1114345729910600,1791140007.476295,12476,tx,1583.0,,,,,1,0,0,1
1114345871056900,1791140007.617440,12617,tx,3234.7,,,,,1,0,0,1
1114346011546300,1791140007.757934,12757,tx,1302.4,,,,,1,0,0,1
1114346152397100,1791140007.898786,12898,tx,1774.2,,,,,1,0,0,1
1114346292783700,1791140008.039176,13039,tx,1374.1,,,,,1,0,0,1
1114346433953800,1791140008.180347,13180,tx,1268.5,,,,,1,0,0,1
1114346574453900,1791140008.320844,13320,tx,12623.5,,,,,1,0,0,1
1114346747729500,1791140008.494127,13494,tx,1274.3,,,,,1,0,0,1
1114346886512600,1791140008.632909,13632,tx,1243.8,,,,,1,0,0,1
1114347044236400,1791140008.790634,13790,tx,1516.4,,,,,1,0,0,1
1114347187107000,1791140008.933509,13933,tx,1530.0,,,,,1,0,0,1
1114347327690700,1791140009.074093,14074,tx,15493.6,,,,,1,0,0,1
1114347485533600,1791140009.231938,14231,tx,1234.5,,,,,1,0,0,1
1114347628710700,1791140009.375118,14375,tx,5336.2,,,,,1,0,0,1
1114347771384500,1791140009.517791,14517,tx,22270.1,,,,,1,0,0,1
1114347913645000,1791140009.660054,14660,tx,1695.2,,,,,1,0,0,1
1114348054060500,1791140009.800471,14800,tx,1431.3,,,,,1,0,0,1
1114348254711300,1791140010.001126,1,tx,974.3,,,,,1,0,0,1
1114348401118200,1791140010.147532,147,tx,1642.0,,,,,1,0,0,1
1114348543108800,1791140010.289523,289,tx,11841.5,,,,,1,0,0,1
1114348684589300,1791140010.431008,431,tx,1191.7,,,,,1,0,0,1
1114348824690100,1791140010.571109,571,tx,7675.5,,,,,1,0,0,1
1114348967534400,1791140010.713950,713,tx,3866.9,,,,,1,0,0,1
1114349108851300,1791140010.855274,855,tx,1113.0,,,,,1,0,0,1
1114349250777000,1791140010.997202,997,tx,1340.4,,,,,1,0,0,1
1114349393522700,1791140011.139948,1139,tx,2378.7,,,,,1,0,0,1
1114349535890400,1791140011.282319,1282,tx,8201.8,,,,,1,0,0,1
1114349675139500,1791140011.421569,1421,tx,70019.2,,,,,1,0,0,1
1114349869074500,1791140011.615506,1615,tx,7755.5,,,,,1,0,0,1
1114350019748400,1791140011.766182,1766,tx,1290.5,,,,,1,0,0,1
1114350162795700,1791140011.909230,1909,tx,1385.8,,,,,1,0,0,1
1114350305226500,1791140012.051663,2051,tx,14831.8,,,,,1,0,0,1
1114350448540700,1791140012.194978,2194,tx,1356.7,,,,,1,0,0,1
1114350589471000,1791140012.335909,2335,tx,1347.8,,,,,1,0,0,1
1114350730740500,1791140012.477183,2477,tx,1159.2,,,,,1,0,0,1
1114350871038600,1791140012.617482,2617,tx,1531.6,,,,,1,0,0,1
1114351008584100,1791140012.755028,2755,tx,2410.4,,,,,1,0,0,1
1114351148854700,1791140012.895298,2895,tx,5603.1,,,,,1,0,0,1
1114351285973000,1791140013.032421,3032,tx,19011.9,,,,,1,0,0,1
1114351425390900,1791140013.171840,3171,tx,2227.6,,,,,1,0,0,1
1114351565592800,1791140013.312035,3312,tx,2306.5,,,,,1,0,0,1
1114351704535100,1791140013.450988,3450,tx,2972.2,,,,,1,0,0,1
1114351859316600,1791140013.605771,3605,tx,1741.0,,,,,1,0,0,1
1114351999140900,1791140013.745596,3745,tx,11548.9,,,,,1,0,0,1
1114352141336500,1791140013.887794,3887,tx,1651.7,,,,,1,0,0,1
1114352296062700,1791140014.042521,4042,tx,1847.4,,,,,1,0,0,1
1114352450176100,1791140014.196637,4196,tx,5290.8,,,,,1,0,0,1
1114352591744400,1791140014.338207,4338,tx,1093.8,,,,,1,0,0,1
1114352754519100,1791140014.500982,4500,tx,2385.6,,,,,1,0,0,1
1114352903271100,1791140014.649737,4649,tx,1606.3,,,,,1,0,0,1
1114353043158300,1791140014.789626,4789,tx,1626.8,,,,,1,0,0,1
1114353182182100,1791140014.928650,4928,tx,1157.9,,,,,1,0,0,1
1114353322681500,1791140015.069151,5069,tx,1372.7,,,,,1,0,0,1
1114353464335000,1791140015.210808,5210,tx,1408.7,,,,,1,0,0,1
1114353606934100,1791140015.353409,5353,tx,1304.4,,,,,1,0,0,1
1114353747983200,1791140015.494458,5494,tx,1588.2,,,,,1,0,0,1
1114353889143100,1791140015.635606,5635,tx,1474.6,,,,,1,0,0,1
1114354026841700,1791140015.773321,5773,tx,7714.8,,,,,1,0,0,1
1114354169892500,1791140015.916373,5916,tx,1648.1,,,,,1,0,0,1
1114354306988600,1791140016.053470,6053,tx,1458.4,,,,,1,0,0,1
1114354452682400,1791140016.199165,6199,tx,2201.3,,,,,1,0,0,1
1114354595062000,1791140016.341547,6341,tx,1578.6,,,,,1,0,0,1
1114354735983600,1791140016.482469,6482,tx,1478.8,,,,,1,0,0,1
1114354878947600,1791140016.625432,6625,tx,2742.3,,,,,1,0,0,1
1114355019470200,1791140016.765946,6765,tx,1668.3,,,,,1,0,0,1
1114355163164300,1791140016.909656,6909,tx,1316.7,,,,,1,0,0,1
1114355305604500,1791140017.052099,7052,tx,1387.9,,,,,1,0,0,1
1114355446189100,1791140017.192683,7192,tx,8866.0,,,,,1,0,0,1
1114355590305700,1791140017.336802,7336,tx,1366.2,,,,,1,0,0,1
1114355748801400,1791140017.495300,7495,tx,1113.6,,,,,1,0,0,1
1114355889312000,1791140017.635812,7635,tx,1526.5,,,,,1,0,0,1
1114356045544500,1791140017.792045,7792,tx,8646.4,,,,,1,0,0,1
1114356186870700,1791140017.933370,7933,tx,4007.4,,,,,1,0,0,1
1114356328145500,1791140018.074632,8074,tx,22289.0,,,,,1,0,0,1
1114356468334800,1791140018.214841,8214,tx,2690.8,,,,,1,0,0,1
1114356608359100,1791140018.354867,8354,tx,1317.4,,,,,1,0,0,1
1114356747007100,1791140018.493516,8493,tx,1421.4,,,,,1,0,0,1
1114356889651800,1791140018.636163,8636,tx,1095.4,,,,,1,0,0,1
1114357031152600,1791140018.777665,8777,tx,1337.0,,,,,1,0,0,1
1114357174299600,1791140018.920812,8920,tx,73518.5,,,,,1,0,0,1
1114357362724600,1791140019.109241,9109,tx,1307.7,,,,,1,0,0,1
1114357502807000,1791140019.249323,9249,tx,1799.6,,,,,1,0,0,1
1114357643035500,1791140019.389555,9389,tx,1557.1,,,,,1,0,0,1
1114357785339600,1791140019.531861,9531,tx,3154.0,,,,,1,0,0,1
1114357928111200,1791140019.674631,9674,tx,3518.2,,,,,1,0,0,1
1114358070645800,1791140019.817167,9817,tx,21475.8,,,,,1,0,0,1
1114358214047400,1791140019.960571,9960,tx,1480.5,,,,,1,0,0,1
1114358354203800,1791140020.100725,10100,tx,3442.9,,,,,1,0,0,1
1114358495630200,1791140020.242156,10242,tx,1974.5,,,,,1,0,0,1
1114358636662700,1791140020.383192,10383,tx,1280.9,,,,,1,0,0,1
1114358776836900,1791140020.523370,10523,tx,2448.3,,,,,1,0,0,1
1114358918212800,1791140020.664744,10664,tx,2904.0,,,,,1,0,0,1
1114359075275600,1791140020.821812,10821,tx,1332.5,,,,,1,0,0,1
1114359217146000,1791140020.963684,10963,tx,1433.4,,,,,1,0,0,1
1114359356733200,1791140021.103270,11103,tx,2561.5,,,,,1,0,0,1
1114359499413800,1791140021.245955,11245,tx,8163.7,,,,,1,0,0,1
1114359638502400,1791140021.385045,11385,tx,6056.5,,,,,1,0,0,1
1114359794383400,1791140021.540923,11540,tx,2904.5,,,,,1,0,0,1
1114359935640500,1791140021.682185,11682,tx,13062.9,,,,,1,0,0,1
1114360075421400,1791140021.821968,11821,tx,1960.5,,,,,1,0,0,1
1114360259425300,1791140022.005975,12005,tx,14783.4,,,,,1,0,0,1
1114360404402000,1791140022.150953,12150,tx,1433.3,,,,,1,0,0,1
1114360545371400,1791140022.291924,12291,tx,1305.3,,,,,1,0,0,1
1114360686848900,1791140022.433404,12433,tx,1064.2,,,,,1,0,0,1
1114360829717800,1791140022.576273,12576,tx,1303.7,,,,,1,0,0,1
1114360970887700,1791140022.717445,12717,tx,1384.4,,,,,1,0,0,1
1114361113571400,1791140022.860130,12860,tx,1244.7,,,,,1,0,0,1
1114361255384200,1791140023.001945,13001,tx,1476.6,,,,,1,0,0,1
1114361395339600,1791140023.141902,13141,tx,1325.4,,,,,1,0,0,1
1114361536466200,1791140023.283030,13283,tx,1317.9,,,,,1,0,0,1
1114361678306700,1791140023.424868,13424,tx,68956.6,,,,,1,0,0,1
1114361865243400,1791140023.611811,13611,tx,1577.0,,,,,1,0,0,1
1114362010524100,1791140023.757093,13757,tx,7509.7,,,,,1,0,0,1
1114362150532400,1791140023.897104,13897,tx,1622.9,,,,,1,0,0,1
1114362292330600,1791140024.038900,14038,tx,2022.1,,,,,1,0,0,1
1114362450674800,1791140024.197246,14197,tx,14875.0,,,,,1,0,0,1
1114362607348800,1791140024.353925,14353,tx,1662.1,,,,,1,0,0,1
1114362746056600,1791140024.492634,14492,tx,1656.2,,,,,1,0,0,1
1114362891790500,1791140024.638369,14638,tx,1132.6,,,,,1,0,0,1
1114363033889100,1791140024.780468,14780,tx,2856.9,,,,,1,0,0,1
1114363174057600,1791140024.920639,14920,tx,72901.4,,,,,1,0,0,1
1114363363058000,1791140025.109642,109,tx,5385.2,,,,,1,0,0,1
1114363503498000,1791140025.250080,250,tx,6924.7,,,,,1,0,0,1
1114363645587800,1791140025.392172,392,tx,18225.3,,,,,1,0,0,1
1114363786229100,1791140025.532816,532,tx,1656.3,,,,,1,0,0,1
1114363926324700,1791140025.672915,672,tx,1639.3,,,,,1,0,0,1
1114364069879100,1791140025.816472,816,tx,1730.6,,,,,1,0,0,1
1114364211763900,1791140025.958358,958,tx,1406.7,,,,,1,0,0,1
1114364354216400,1791140026.100812,1100,tx,1235.5,,,,,1,0,0,1
1114364493504100,1791140026.240102,1240,tx,1273.1,,,,,1,0,0,1
1114364633985500,1791140026.380582,1380,tx,15843.9,,,,,1,0,0,1
1114364775693700,1791140026.522293,1522,tx,1511.4,,,,,1,0,0,1
1114364916513700,1791140026.663115,1663,tx,1985.5,,,,,1,0,0,1
1114365055997600,1791140026.802600,1802,tx,2250.2,,,,,1,0,0,1
1114365197398900,1791140026.944004,1944,tx,1520.2,,,,,1,0,0,1
1114365338756900,1791140027.085363,2085,tx,1725.0,,,,,1,0,0,1
1114365478170500,1791140027.224779,2224,tx,1561.5,,,,,1,0,0,1
1114365620623100,1791140027.367233,2367,tx,1351.9,,,,,1,0,0,1
1114365761747200,1791140027.508359,2508,tx,1339.6,,,,,1,0,0,1
1114365904555700,1791140027.651169,2651,tx,1178.6,,,,,1,0,0,1
1114366045517600,1791140027.792132,2792,tx,1219.7,,,,,1,0,0,1
1114366259734300,1791140028.006352,3006,tx,1091.2,,,,,1,0,0,1
1114366405667400,1791140028.152286,3152,tx,1265.8,,,,,1,0,0,1
1114366547663900,1791140028.294284,3294,tx,1443.5,,,,,1,0,0,1
1114366688392400,1791140028.435011,3435,tx,3520.6,,,,,1,0,0,1
1114366829185200,1791140028.575809,3575,tx,1670.1,,,,,1,0,0,1
1114366970018200,1791140028.716643,3716,tx,6105.6,,,,,1,0,0,1
1114367111549200,1791140028.858176,3858,tx,1249.4,,,,,1,0,0,1
1114367253353100,1791140028.999982,3999,tx,9481.7,,,,,1,0,0,1
1114367394342700,1791140029.140973,4140,tx,1128.0,,,,,1,0,0,1
1114367535425800,1791140029.282058,4282,tx,1111.5,,,,,1,0,0,1
1114367674647500,1791140029.421281,4421,tx,73731.3,,,,,1,0,0,1
1114367867089300,1791140029.613704,4613,tx,1447.5,,,,,1,0,0,1
1114368017320800,1791140029.763957,4763,tx,7870.5,,,,,1,0,0,1
1114368159801600,1791140029.906436,4906,tx,1145.1,,,,,1,0,0,1
1114368300903100,1791140030.047544,5047,tx,1322.8,,,,,1,0,0,1
1114368443050800,1791140030.189693,5189,tx,1093.1,,,,,1,0,0,1
1114368584623200,1791140030.331267,5331,tx,1192.7,,,,,1,0,0,1
1114368726167100,1791140030.472811,5472,tx,1308.1,,,,,1,0,0,1
1114368867696200,1791140030.614342,5614,tx,1315.8,,,,,1,0,0,1
1114369010620400,1791140030.757269,5757,tx,1215.3,,,,,1,0,0,1
1114369152124500,1791140030.898775,5898,tx,1743.8,,,,,1,0,0,1
1114369292065600,1791140031.038717,6038,tx,1277.7,,,,,1,0,0,1
1114369434470200,1791140031.181120,6181,tx,14642.6,,,,,1,0,0,1
1114369575598100,1791140031.322252,6322,tx,1342.3,,,,,1,0,0,1
1114369732185600,1791140031.478841,6478,tx,1132.3,,,,,1,0,0,1
1114369873006100,1791140031.619663,6619,tx,2113.0,,,,,1,0,0,1
1114370015610300,1791140031.762269,6762,tx,1292.1,,,,,1,0,0,1
1114370158004400,1791140031.904664,6904,tx,2128.4,,,,,1,0,0,1
1114370300136400,1791140032.046799,7046,tx,1234.1,,,,,1,0,0,1
1114370440535000,1791140032.187198,7187,tx,1730.6,,,,,1,0,0,1
1114370581794300,1791140032.328460,7328,tx,7586.8,,,,,1,0,0,1
1114370748928500,1791140032.495597,7495,tx,1395.3,,,,,1,0,0,1
1114370895678500,1791140032.642348,7642,tx,1471.1,,,,,1,0,0,1
1114371035400000,1791140032.782071,7782,tx,1248.0,,,,,1,0,0,1
1114371176466400,1791140032.923140,7923,tx,1342.9,,,,,1,0,0,1
1114371315511600,1791140033.062185,8062,tx,15682.9,,,,,1,0,0,1
1114371460438500,1791140033.207114,8207,tx,1232.7,,,,,1,0,0,1
1114371601018500,1791140033.347695,8347,tx,1987.1,,,,,1,0,0,1
1114371743732900,1791140033.490412,8490,tx,6793.6,,,,,1,0,0,1
1114371884575400,1791140033.631256,8631,tx,1556.3,,,,,1,0,0,1
1114372027754200,1791140033.774436,8774,tx,1265.4,,,,,1,0,0,1
1114372168305300,1791140033.914990,8914,tx,1201.8,,,,,1,0,0,1
1114372308883000,1791140034.055569,9055,tx,1699.8,,,,,1,0,0,1
1114372448844500,1791140034.195530,9195,tx,1499.5,,,,,1,0,0,1
1114372588359600,1791140034.335049,9335,tx,1994.4,,,,,1,0,0,1
1114372729031400,1791140034.475721,9475,tx,13764.6,,,,,1,0,0,1
1114372867349800,1791140034.614041,9614,tx,1164.3,,,,,1,0,0,1
1114373014240300,1791140034.760933,9760,tx,1366.8,,,,,1,0,0,1
1114373155123800,1791140034.901818,9901,tx,1649.9,,,,,1,0,0,1
1114373297357600,1791140035.044054,10044,tx,7632.1,,,,,1,0,0,1
1114373439789200,1791140035.186487,10186,tx,1691.7,,,,,1,0,0,1
1114373582141100,1791140035.328841,10328,tx,1439.1,,,,,1,0,0,1
1114373747269000,1791140035.493971,10493,tx,1235.5,,,,,1,0,0,1
1114373894669800,1791140035.641372,10641,tx,2146.6,,,,,1,0,0,1
1114374036882100,1791140035.783587,10783,tx,8759.3,,,,,1,0,0,1
1114374178290000,1791140035.924995,10924,tx,10534.9,,,,,1,0,0,1
1114374321458300,1791140036.068166,11068,tx,1415.6,,,,,1,0,0,1
1114374458913500,1791140036.205623,11205,tx,1224.5,,,,,1,0,0,1
1114374601914700,1791140036.348625,11348,tx,1589.1,,,,,1,0,0,1
1114374743526600,1791140036.490240,11490,tx,1496.7,,,,,1,0,0,1
1114374884412900,1791140036.631124,11631,tx,2791.3,,,,,1,0,0,1
1114375023341300,1791140036.770056,11770,tx,10187.0,,,,,1,0,0,1
1114375163187600,1791140036.909904,11909,tx,1408.4,,,,,1,0,0,1
1114375305833700,1791140037.052552,12052,tx,1654.6,,,,,1,0,0,1
1114375447496400,1791140037.194217,12194,tx,1372.3,,,,,1,0,0,1
1114375590050200,1791140037.336770,12336,tx,7897.5,,,,,1,0,0,1
1114375732917900,1791140037.479640,12479,tx,2767.6,,,,,1,0,0,1
1114375874947300,1791140037.621669,12621,tx,4020.3,,,,,1,0,0,1
1114376015440700,1791140037.762167,12762,tx,9365.7,,,,,1,0,0,1
1114376157978600,1791140037.904707,12904,tx,2073.6,,,,,1,0,0,1
1114376299401200,1791140038.046133,13046,tx,1238.5,,,,,1,0,0,1
1114376439688600,1791140038.186421,13186,tx,9280.8,,,,,1,0,0,1
1114376580870600,1791140038.327604,13327,tx,1757.7,,,,,1,0,0,1
1114376750894900,1791140038.497631,13497,tx,1311.2,,,,,1,0,0,1
1114376893868900,1791140038.640606,13640,tx,1420.6,,,,,1,0,0,1
1114377034356400,1791140038.781094,13781,tx,2318.8,,,,,1,0,0,1
1114377175459800,1791140038.922196,13922,tx,2862.8,,,,,1,0,0,1
1114377316562900,1791140039.063305,14063,tx,15850.2,,,,,1,0,0,1
1114377458645200,1791140039.205389,14205,tx,1058.3,,,,,1,0,0,1
1114377597963800,1791140039.344709,14344,tx,1425.3,,,,,1,0,0,1
1114377737861600,1791140039.484604,14484,tx,8676.4,,,,,1,0,0,1
1114377877038000,1791140039.623787,14623,tx,1181.5,,,,,1,0,0,1
1114378019014900,1791140039.765764,14765,tx,1486.5,,,,,1,0,0,1
1114378162276300,1791140039.909026,14909,tx,3201.6,,,,,1,0,0,1
1114378304510700,1791140040.051264,51,tx,9720.5,,,,,1,0,0,1
1114378444337700,1791140040.191091,191,tx,1946.7,,,,,1,0,0,1
1114378587243700,1791140040.333998,333,tx,2074.7,,,,,1,0,0,1
1114378729264400,1791140040.476020,476,tx,3023.1,,,,,1,0,0,1
1114378868902200,1791140040.615661,615,tx,1279.1,,,,,1,0,0,1
1114379009910000,1791140040.756670,756,tx,2098.4,,,,,1,0,0,1
1114379148131400,1791140040.894892,894,tx,3134.4,,,,,1,0,0,1
1114379291172000,1791140041.037936,1037,tx,19969.8,,,,,1,0,0,1
1114379428884200,1791140041.175650,1175,tx,1617.6,,,,,1,0,0,1
1114379573744000,1791140041.320498,1320,tx,1445.1,,,,,1,0,0,1
1114379752700900,1791140041.499471,1499,tx,1104.8,,,,,1,0,0,1
1114379901835000,1791140041.648605,1648,tx,1838.3,,,,,1,0,0,1
1114380043402700,1791140041.790172,1790,tx,2373.2,,,,,1,0,0,1
1114380185348400,1791140041.932123,1932,tx,1360.8,,,,,1,0,0,1
1114380325321600,1791140042.072098,2072,tx,1530.6,,,,,1,0,0,1
1114380465130200,1791140042.211906,2211,tx,1823.9,,,,,1,0,0,1
1114380605316500,1791140042.352094,2352,tx,10923.3,,,,,1,0,0,1
1114380747959700,1791140042.494741,2494,tx,1860.5,,,,,1,0,0,1
1114380890758500,1791140042.637534,2637,tx,4494.6,,,,,1,0,0,1
1114381045517900,1791140042.792303,2792,tx,4296.4,,,,,1,0,0,1
1114381258671100,1791140043.005457,3005,tx,1565.1,,,,,1,0,0,1
1114381404854600,1791140043.151629,3151,tx,6649.8,,,,,1,0,0,1
1114381546798600,1791140043.293585,3293,tx,4009.4,,,,,1,0,0,1
1114381703595700,1791140043.450388,3450,tx,1275.2,,,,,1,0,0,1
1114381846919000,1791140043.593712,3593,tx,1955.9,,,,,1,0,0,1
1114381987516200,1791140043.734311,3734,tx,1399.6,,,,,1,0,0,1
1114382129902300,1791140043.876699,3876,tx,5464.5,,,,,1,0,0,1
1114382269851500,1791140044.016650,4016,tx,1499.7,,,,,1,0,0,1
1114382411313600,1791140044.158113,4158,tx,1286.1,,,,,1,0,0,1
1114382550396400,1791140044.297197,4297,tx,2346.8,,,,,1,0,0,1
1114382748084900,1791140044.494889,4494,tx,1372.4,,,,,1,0,0,1
1114382892423900,1791140044.639229,4639,tx,10046.2,,,,,1,0,0,1
1114383034358500,1791140044.781165,4781,tx,1478.2,,,,,1,0,0,1
1114383176197400,1791140044.923006,4923,tx,1210.6,,,,,1,0,0,1
1114383319642600,1791140045.066453,5066,tx,1267.4,,,,,1,0,0,1
1114383460886600,1791140045.207698,5207,tx,1139.4,,,,,1,0,0,1
1114383598837500,1791140045.345650,5345,tx,1482.8,,,,,1,0,0,1
1114383738015400,1791140045.484829,5484,tx,1420.2,,,,,1,0,0,1
1114383878575200,1791140045.625391,5625,tx,10586.1,,,,,1,0,0,1
1114384019197300,1791140045.766016,5766,tx,1364.0,,,,,1,0,0,1
1114384160654500,1791140045.907473,5907,tx,2016.4,,,,,1,0,0,1
1114384301042200,1791140046.047863,6047,tx,2062.7,,,,,1,0,0,1
1114384456976300,1791140046.203798,6203,tx,3435.7,,,,,1,0,0,1
1114384596962800,1791140046.343786,6343,tx,2134.6,,,,,1,0,0,1
1114384739315100,1791140046.486136,6486,tx,4201.6,,,,,1,0,0,1
1114384883148600,1791140046.629976,6629,tx,1272.5,,,,,1,0,0,1
1114385024916100,1791140046.771744,6771,tx,6589.4,,,,,1,0,0,1
1114385167792500,1791140046.914619,6914,tx,3117.6,,,,,1,0,0,1
1114385308847500,1791140047.055676,7055,tx,16696.5,,,,,1,0,0,1
1114385448955000,1791140047.195789,7195,tx,1494.3,,,,,1,0,0,1
1114385591869800,1791140047.338701,7338,tx,3463.7,,,,,1,0,0,1
1114385751771500,1791140047.498609,7498,tx,1140.6,,,,,1,0,0,1
1114385889806500,1791140047.636645,7636,tx,1995.8,,,,,1,0,0,1
1114386027350100,1791140047.774190,7774,tx,1171.2,,,,,1,0,0,1
1114386173071300,1791140047.919912,7919,tx,8036.1,,,,,1,0,0,1
1114386329555200,1791140048.076399,8076,tx,1525.2,,,,,1,0,0,1
1114386487613900,1791140048.234458,8234,tx,1437.4,,,,,1,0,0,1
1114386644455300,1791140048.391303,8391,tx,1722.1,,,,,1,0,0,1
1114386786494100,1791140048.533342,8533,tx,1375.3,,,,,1,0,0,1
1114386926260000,1791140048.673111,8673,tx,1612.8,,,,,1,0,0,1
1114387067666800,1791140048.814517,8814,tx,7806.9,,,,,1,0,0,1
1114387247810000,1791140048.994665,8994,tx,1371.0,,,,,1,0,0,1
1114387397445300,1791140049.144301,9144,tx,1587.3,,,,,1,0,0,1
1114387540467800,1791140049.287325,9287,tx,1433.8,,,,,1,0,0,1
1114387682851800,1791140049.429711,9429,tx,1643.4,,,,,1,0,0,1
1114387824112600,1791140049.570974,9570,tx,7860.0,,,,,1,0,0,1
1114387966382800,1791140049.713246,9713,tx,1196.5,,,,,1,0,0,1
1114388107315500,1791140049.854179,9854,tx,1556.0,,,,,1,0,0,1
1114388264489100,1791140050.011355,10011,tx,8856.0,,,,,1,0,0,1
1114388420031400,1791140050.166897,10166,tx,1832.9,,,,,1,0,0,1
1114388561180200,1791140050.308046,10308,tx,2605.3,,,,,1,0,0,1
1114388757845400,1791140050.504717,10504,tx,6873.4,,,,,1,0,0,1
1114388903721600,1791140050.650594,10650,tx,1239.9,,,,,1,0,0,1
1114389043821600,1791140050.790697,10790,tx,1426.7,,,,,1,0,0,1
1114389183633800,1791140050.930510,10930,tx,1190.0,,,,,1,0,0,1
1114389325153100,1791140051.072031,11072,tx,1532.4,,,,,1,0,0,1
1114389482745500,1791140051.229625,11229,tx,1342.9,,,,,1,0,0,1
1114389626691300,1791140051.373569,11373,tx,2203.5,,,,,1,0,0,1
1114389767856400,1791140051.514740,11514,tx,1740.7,,,,,1,0,0,1
1114389908317000,1791140051.655201,11655,tx,1547.7,,,,,1,0,0,1
1114390048058100,1791140051.794945,11794,tx,1707.7,,,,,1,0,0,1
1114390253391200,1791140052.000280,12000,tx,1409.9,,,,,1,0,0,1
1114390393407700,1791140052.140297,12140,tx,1456.0,,,,,1,0,0,1
1114390533338100,1791140052.280226,12280,tx,1748.3,,,,,1,0,0,1
1114390673866500,1791140052.420760,12420,tx,1144.9,,,,,1,0,0,1
1114390815713900,1791140052.562607,12562,tx,1946.0,,,,,1,0,0,1
1114390956196500,1791140052.703089,12703,tx,4206.6,,,,,1,0,0,1
1114391097753100,1791140052.844646,12844,tx,26653.5,,,,,1,0,0,1
1114391240438600,1791140052.987337,12987,tx,1209.3,,,,,1,0,0,1
1114391379935000,1791140053.126834,13126,tx,1295.4,,,,,1,0,0,1
1114391520146200,1791140053.267048,13267,tx,1427.1,,,,,1,0,0,1
1114391660782300,1791140053.407687,13407,tx,1192.4,,,,,1,0,0,1
1114391800169900,1791140053.547072,13547,tx,4370.7,,,,,1,0,0,1
1114391940679700,1791140053.687586,13687,tx,2214.2,,,,,1,0,0,1
1114392081755200,1791140053.828665,13828,tx,8274.2,,,,,1,0,0,1
1114392220773600,1791140053.967683,13967,tx,1343.5,,,,,1,0,0,1
1114392359357400,1791140054.106270,14106,tx,7586.1,,,,,1,0,0,1
1114392499117500,1791140054.246031,14246,tx,1565.7,,,,,1,0,0,1
1114392639720800,1791140054.386636,14386,tx,1763.1,,,,,1,0,0,1
1114392781218300,1791140054.528133,14528,tx,1299.9,,,,,1,0,0,1
1114392921065000,1791140054.667978,14667,tx,4658.5,,,,,1,0,0,1
1114393076530100,1791140054.823451,14823,tx,1157.9,,,,,1,0,0,1
1114393247721600,1791140054.994644,14994,tx,1508.8,,,,,1,0,0,1
1114393390006600,1791140055.136927,136,tx,3208.1,,,,,1,0,0,1
1114393533002300,1791140055.279927,279,tx,5615.6,,,,,1,0,0,1
1114393675975000,1791140055.422899,422,tx,3161.6,,,,,1,0,0,1
1114393818235100,1791140055.565159,565,tx,2986.8,,,,,1,0,0,1
1114393962970900,1791140055.709901,709,tx,1457.1,,,,,1,0,0,1
1114394105246500,1791140055.852178,852,tx,1631.6,,,,,1,0,0,1
1114394249370600,1791140055.996301,996,tx,3440.1,,,,,1,0,0,1
1114394391634100,1791140056.138566,1138,tx,11749.2,,,,,1,0,0,1
1114394546867000,1791140056.293789,1293,tx,1627.7,,,,,1,0,0,1
1114394690026500,1791140056.436965,1436,tx,74162.7,,,,,1,0,0,1
1114394880383300,1791140056.627324,1627,tx,1270.8,,,,,1,0,0,1
1114395020845900,1791140056.767788,1767,tx,1586.1,,,,,1,0,0,1
1114395161808400,1791140056.908750,1908,tx,20115.7,,,,,1,0,0,1
1114395302955500,1791140057.049900,2049,tx,1366.9,,,,,1,0,0,1
1114395444319200,1791140057.191266,2191,tx,6771.2,,,,,1,0,0,1
1114395585978300,1791140057.332926,2332,tx,1550.6,,,,,1,0,0,1
1114395726512600,1791140057.473463,2473,tx,1159.3,,,,,1,0,0,1
1114395869685800,1791140057.616637,2616,tx,1897.6,,,,,1,0,0,1
1114396011232900,1791140057.758182,2758,tx,9294.6,,,,,1,0,0,1
1114396153911600,1791140057.900863,2900,tx,16816.6,,,,,1,0,0,1
1114396298376600,1791140058.045333,3045,tx,1456.5,,,,,1,0,0,1
1114396438690900,1791140058.185649,3185,tx,1456.0,,,,,1,0,0,1
1114396579677900,1791140058.326638,3326,tx,7404.6,,,,,1,0,0,1
1114396720058100,1791140058.467020,3467,tx,1950.1,,,,,1,0,0,1
1114396862008100,1791140058.608971,3608,tx,8010.9,,,,,1,0,0,1
1114397003850500,1791140058.750811,3750,tx,5006.1,,,,,1,0,0,1
1114397160015500,1791140058.906981,3906,tx,1856.6,,,,,1,0,0,1
1114397302737400,1791140059.049705,4049,tx,1216.4,,,,,1,0,0,1
1114397443256100,1791140059.190226,4190,tx,1324.2,,,,,1,0,0,1
1114397583723100,1791140059.330694,4330,tx,1512.7,,,,,1,0,0,1
1114397765878400,1791140059.512852,4512,tx,1350.9,,,,,1,0,0,1
1114397912547500,1791140059.659522,4659,tx,1477.9,,,,,1,0,0,1
1114398053347800,1791140059.800317,4800,tx,1236.6,,,,,1,0,0,1
1114398194196900,1791140059.941173,4941,tx,2153.2,,,,,1,0,0,1
1114398335278200,1791140060.082258,5082,tx,15067.2,,,,,1,0,0,1
1114398475128500,1791140060.222110,5222,tx,1834.7,,,,,1,0,0,1
1114398615194000,1791140060.362177,5362,tx,1346.1,,,,,1,0,0,1
1114398754554200,1791140060.501539,5501,tx,5230.2,,,,,1,0,0,1
1114398895079100,1791140060.642065,5642,tx,1081.3,,,,,1,0,0,1
1114399035971300,1791140060.782959,5782,tx,1271.9,,,,,1,0,0,1
1114399177589500,1791140060.924579,5924,tx,1652.5,,,,,1,0,0,1
1114399317945400,1791140061.064937,6064,tx,10547.6,,,,,1,0,0,1
1114399459333200,1791140061.206324,6206,tx,1512.3,,,,,1,0,0,1
1114399601555000,1791140061.348549,6348,tx,7628.7,,,,,1,0,0,1
1114399743148300,1791140061.490144,6490,tx,1576.4,,,,,1,0,0,1
1114399882764700,1791140061.629761,6629,tx,1770.6,,,,,1,0,0,1
1114400022602200,1791140061.769600,6769,tx,1679.8,,,,,1,0,0,1
1114400165306800,1791140061.912308,6912,tx,4096.5,,,,,1,0,0,1
1114400304314500,1791140062.051316,7051,tx,18429.0,,,,,1,0,0,1
1114400446400300,1791140062.193404,7193,tx,1286.1,,,,,1,0,0,1
1114400587768500,1791140062.334773,7334,tx,1433.8,,,,,1,0,0,1
1114400762814400,1791140062.509822,7509,tx,1374.9,,,,,1,0,0,1
1114400914671600,1791140062.661679,7661,tx,2083.0,,,,,1,0,0,1
1114401055683700,1791140062.802691,7802,tx,2809.4,,,,,1,0,0,1
1114401195463500,1791140062.942475,7942,tx,1271.4,,,,,1,0,0,1
1114401336306300,1791140063.083320,8083,tx,1658.0,,,,,1,0,0,1
1114401478084800,1791140063.225100,8225,tx,1060.4,,,,,1,0,0,1
1114401618597200,1791140063.365614,8365,tx,8651.5,,,,,1,0,0,1
1114401759970100,1791140063.506989,8506,tx,1407.3,,,,,1,0,0,1
1114401899858400,1791140063.646879,8646,tx,1109.2,,,,,1,0,0,1
1114402042241700,1791140063.789263,8789,tx,1340.4,,,,,1,0,0,1
1114402183433400,1791140063.930457,8930,tx,1437.2,,,,,1,0,0,1
1114402323643500,1791140064.070668,9070,tx,1303.2,,,,,1,0,0,1
1114402466829000,1791140064.213852,9213,tx,2921.7,,,,,1,0,0,1
1114402608762500,1791140064.355791,9355,tx,1190.4,,,,,1,0,0,1
1114402750009700,1791140064.497040,9497,tx,1913.5,,,,,1,0,0,1
1114402893419700,1791140064.640449,9640,tx,1673.3,,,,,1,0,0,1
1114403035148100,1791140064.782181,9782,tx,9396.5,,,,,1,0,0,1
1114403176128100,1791140064.923162,9923,tx,6967.8,,,,,1,0,0,1
1114403316160100,1791140065.063195,10063,tx,1300.4,,,,,1,0,0,1
1114403456519600,1791140065.203557,10203,tx,1963.4,,,,,1,0,0,1
1114403597761700,1791140065.344801,10344,tx,1280.4,,,,,1,0,0,1
1114403764885700,1791140065.511927,10511,tx,1311.1,,,,,1,0,0,1
1114403915004900,1791140065.662045,10662,tx,22419.0,,,,,1,0,0,1
1114404066890200,1791140065.813933,10813,tx,1627.9,,,,,1,0,0,1
1114404214692200,1791140065.961738,10961,tx,1563.6,,,,,1,0,0,1
1114404355707900,1791140066.102754,11102,tx,14996.0,,,,,1,0,0,1
1114404498079400,1791140066.245128,11245,tx,1397.9,,,,,1,0,0,1
1114404640112700,1791140066.387163,11387,tx,1548.4,,,,,1,0,0,1
1114404781615300,1791140066.528667,11528,tx,14916.7,,,,,1,0,0,1
1114404922879900,1791140066.669934,11669,tx,1518.4,,,,,1,0,0,1
1114405064341900,1791140066.811395,11811,tx,2126.0,,,,,1,0,0,1
1114405262950400,1791140067.010009,12010,tx,1311.3,,,,,1,0,0,1
1114405408810800,1791140067.155870,12155,tx,1413.6,,,,,1,0,0,1
1114405551030200,1791140067.298087,12298,tx,10562.8,,,,,1,0,0,1
1114405693505000,1791140067.440568,12440,tx,1385.7,,,,,1,0,0,1
1114405835011000,1791140067.582073,12582,tx,3492.8,,,,,1,0,0,1
1114405976529200,1791140067.723594,12723,tx,1541.7,,,,,1,0,0,1
1114406116958600,1791140067.864026,12864,tx,1579.1,,,,,1,0,0,1
1114406257786400,1791140068.004854,13004,tx,2133.6,,,,,1,0,0,1
1114406400996700,1791140068.148066,13148,tx,1423.6,,,,,1,0,0,1
1114406543212100,1791140068.290279,13290,tx,24135.8,,,,,1,0,0,1
1114406763886400,1791140068.510962,13510,tx,1487.5,,,,,1,0,0,1
1114406903310400,1791140068.650385,13650,tx,7131.8,,,,,1,0,0,1
1114407044741200,1791140068.791817,13791,tx,2573.1,,,,,1,0,0,1
1114407186383000,1791140068.933460,13933,tx,10818.7,,,,,1,0,0,1
1114407327222600,1791140069.074304,14074,tx,1373.1,,,,,1,0,0,1
1114407468794600,1791140069.215878,14215,tx,2183.1,,,,,1,0,0,1
1114407611643600,1791140069.358723,14358,tx,2656.0,,,,,1,0,0,1
1114407753994900,1791140069.501080,14501,tx,1941.1,,,,,1,0,0,1
1114407894479700,1791140069.641566,14641,tx,1611.6,,,,,1,0,0,1
1114408036126300,1791140069.783213,14783,tx,2010.1,,,,,1,0,0,1
1114408175564000,1791140069.922653,14922,tx,10404.7,,,,,1,0,0,1
1114408314376100,1791140070.061468,61,tx,1359.6,,,,,1,0,0,1
1114408456740100,1791140070.203834,203,tx,1219.5,,,,,1,0,0,1
1114408601154800,1791140070.348250,348,tx,2272.7,,,,,1,0,0,1
1114408745301500,1791140070.492399,492,tx,1054.2,,,,,1,0,0,1
1114408890384200,1791140070.637483,637,tx,1307.2,,,,,1,0,0,1
1114409033722100,1791140070.780819,780,tx,3338.7,,,,,1,0,0,1
1114409178009200,1791140070.925112,925,tx,8961.0,,,,,1,0,0,1
1114409321828700,1791140071.068933,1068,tx,6956.8,,,,,1,0,0,1
1114409462266500,1791140071.209371,1209,tx,1808.9,,,,,1,0,0,1
1114409609926900,1791140071.357034,1357,idle,10628.9,,,,,0,0,0,0
1114409779571900,1791140071.526682,1526,idle,2415.6,,,,,0,0,0,0
1114409993458600,1791140071.740566,1740,tx,16472.4,306.0,1179.0,,,1,0,0,1
1114410134282800,1791140071.881395,1881,tx,6503.5,181.9,345.5,,,1,0,0,1
1114410273961600,1791140072.021076,2021,tx,7692.1,218.0,486.8,,,1,0,0,1
1114410416811300,1791140072.163927,2163,tx,1427.3,412.1,709.2,,,1,0,0,1
1114410559810400,1791140072.306926,2306,tx,13859.2,423.4,742.9,,,1,0,0,1
1114410700702600,1791140072.447822,2447,tx,31958.3,189.6,375.5,,,1,0,0,1
1114410870494400,1791140072.617616,2617,tx,1395.8,235.9,546.5,,,1,0,0,1
1114411015279000,1791140072.762397,2762,tx,27966.5,316.5,741.0,,,1,0,0,1
1114411171790500,1791140072.918915,2918,tx,1368.5,222.5,427.8,,,1,0,0,1
1114411313521600,1791140073.060647,3060,tx,1193.6,203.2,425.0,,,1,0,0,1
1114411453045700,1791140073.200171,3200,tx,5647.0,248.9,491.5,,,1,0,0,1
1114411610333900,1791140073.357463,3357,tx,1353.4,298.5,608.9,,,1,0,0,1
1114411764377500,1791140073.511509,3511,tx,1899.3,195.8,371.0,,,1,0,0,1
1114411909140500,1791140073.656274,3656,tx,1472.5,183.7,393.2,,,1,0,0,1
1114412050305100,1791140073.797440,3797,tx,1185.7,160.4,341.2,,,1,0,0,1
1114412189238400,1791140073.936369,3936,tx,1904.5,196.7,404.3,,,1,0,0,1
1114412330548500,1791140074.077685,4077,tx,26859.8,423.2,937.2,,,1,0,0,1
1114412483797100,1791140074.230934,4230,tx,2312.8,459.3,756.4,,,1,0,0,1
1114412626478000,1791140074.373618,4373,tx,1967.6,166.9,390.3,,,1,0,0,1
1114412766773500,1791140074.513916,4513,tx,7792.9,421.8,724.4,,,1,0,0,1
1114412907925600,1791140074.655070,4655,tx,1458.7,375.3,564.6,,,1,0,0,1
1114413052268500,1791140074.799412,4799,tx,2407.4,237.5,703.8,,,1,0,0,1
1114413193509600,1791140074.940656,4940,tx,1840.8,239.5,496.2,,,1,0,0,1
1114413335852100,1791140075.083001,5083,tx,1196.2,205.8,385.1,,,1,0,0,1
1114413479191600,1791140075.226340,5226,tx,2087.3,173.8,434.0,,,1,0,0,1
1114413635459100,1791140075.382612,5382,tx,1685.8,630.3,801.2,,,1,0,0,1
1114413778392000,1791140075.525543,5525,tx,1680.9,653.0,877.3,,,1,0,0,1
1114413919793100,1791140075.666949,5666,tx,1199.9,150.3,318.0,,,1,0,0,1
1114414061117300,1791140075.808274,5808,tx,3409.1,280.4,512.9,,,1,0,0,1
1114414202784700,1791140075.949944,5949,tx,7095.2,152.7,325.4,,,1,0,0,1
1114414342791000,1791140076.089952,6089,tx,1146.4,179.3,360.1,,,1,0,0,1
1114414482557300,1791140076.229706,6229,tx,1199.2,195.6,434.0,,,1,0,0,1
1114414624651800,1791140076.371815,6371,tx,1883.3,166.1,329.6,,,1,0,0,1
1114414768136900,1791140076.515303,6515,tx,1385.8,333.7,584.4,,,1,0,0,1
1114414920771000,1791140076.667938,6667,tx,1726.4,152.6,723.5,,,1,0,0,1
1114415061776800,1791140076.808939,6808,tx,9406.8,320.2,771.2,,,1,0,0,1
1114415203636000,1791140076.950803,6950,tx,27842.4,761.6,1168.1,,,1,0,0,1
1114415345217500,1791140077.092388,7092,tx,1318.7,222.0,436.2,,,1,0,0,1
1114415488107700,1791140077.235282,7235,tx,1249.8,266.4,427.5,,,1,0,0,1
1114415629428500,1791140077.376602,7376,tx,1235.9,246.1,490.6,,,1,0,0,1
1114415772545700,1791140077.519723,7519,tx,7705.9,165.7,345.0,,,1,0,0,1
1114415912204900,1791140077.659381,7659,tx,1267.5,233.4,523.5,,,1,0,0,1
1114416055791600,1791140077.802970,7802,tx,16022.2,358.6,714.6,,,1,0,0,1
1114416198635800,1791140077.945817,7945,tx,1226.9,209.0,447.9,,,1,0,0,1
1114416354183700,1791140078.101366,8101,tx,1670.6,277.2,691.9,,,1,0,0,1
1114416493906200,1791140078.241091,8241,tx,5288.0,367.1,667.4,,,1,0,0,1
1114416635486500,1791140078.382672,8382,tx,1453.3,155.8,370.6,,,1,0,0,1
1114416778328100,1791140078.525515,8525,tx,1658.7,238.7,684.9,,,1,0,0,1
1114416918929500,1791140078.666119,8666,tx,1394.9,401.1,552.1,,,1,0,0,1
1114417076549700,1791140078.823740,8823,tx,1214.1,195.7,382.4,,,1,0,0,1
1114417219318600,1791140078.966512,8966,tx,47398.0,145.5,304.3,,,1,0,0,1
1114417403169900,1791140079.150365,9150,tx,1786.8,156.7,345.9,,,1,0,0,1
1114417549078600,1791140079.296274,9296,tx,1516.7,199.8,583.6,,,1,0,0,1
1114417690323500,1791140079.437521,9437,tx,73540.4,157.9,442.3,,,1,0,0,1
1114417892739300,1791140079.639941,9639,tx,8264.7,352.5,675.4,,,1,0,0,1
1114418034642500,1791140079.781825,9781,tx,2187.2,208.6,518.1,,,1,0,0,1
1114418176010300,1791140079.923214,9923,tx,1859.3,662.4,927.1,,,1,0,0,1
1114418317770700,1791140080.064976,10064,tx,1610.5,310.9,522.5,,,1,0,0,1
1114418458448000,1791140080.205653,10205,tx,10549.0,236.1,453.2,,,1,0,0,1
1114418599721200,1791140080.346930,10346,tx,1398.6,282.2,463.8,,,1,0,0,1
1114418771887900,1791140080.519099,10519,tx,1391.1,468.5,628.8,,,1,0,0,1
1114418913811000,1791140080.661023,10661,tx,1238.2,216.0,386.6,,,1,0,0,1
1114419053465600,1791140080.800676,10800,tx,2466.4,259.5,697.4,,,1,0,0,1
1114419195651300,1791140080.942860,10942,tx,1770.9,221.1,447.4,,,1,0,0,1
1114419338280800,1791140081.085482,11085,tx,14954.6,192.3,475.0,,,1,0,0,1
1114419479633700,1791140081.226853,11226,tx,1134.1,180.8,346.8,,,1,0,0,1
1114419621402700,1791140081.368622,11368,tx,1654.5,257.1,462.0,,,1,0,0,1
1114419762470800,1791140081.509693,11509,tx,3968.2,176.9,493.3,,,1,0,0,1
1114419902793500,1791140081.650017,11650,tx,1060.4,219.3,384.1,,,1,0,0,1
1114420043535600,1791140081.790761,11790,tx,1529.5,655.5,825.8,,,1,0,0,1
1114420185287300,1791140081.932513,11932,tx,1376.1,151.0,355.8,,,1,0,0,1
1114420327094100,1791140082.074322,12074,tx,8648.3,226.0,413.0,,,1,0,0,1
1114420469707900,1791140082.216936,12216,tx,1261.4,322.0,504.4,,,1,0,0,1
1114420613874700,1791140082.361106,12361,tx,1885.1,797.4,951.4,,,1,0,0,1
1114420767224500,1791140082.514458,12514,tx,1209.3,211.1,421.9,,,1,0,0,1
1114420915608000,1791140082.662828,12662,tx,1870.7,206.2,485.2,,,1,0,0,1
1114421056734600,1791140082.803971,12803,tx,1729.3,316.6,529.7,,,1,0,0,1
1114421198157200,1791140082.945395,12945,tx,3359.8,285.5,1065.1,,,1,0,0,1
1114421338194800,1791140083.085433,13085,tx,1522.9,243.1,602.7,,,1,0,0,1
1114421480015000,1791140083.227255,13227,tx,8447.5,285.0,536.9,,,1,0,0,1
1114421621123200,1791140083.368363,13368,tx,2404.9,315.0,659.2,,,1,0,0,1
1114421768084100,1791140083.515329,13515,tx,1228.3,171.1,436.1,,,1,0,0,1
1114421917892200,1791140083.665138,13665,tx,1342.5,338.1,539.4,,,1,0,0,1
1114422060737700,1791140083.807985,13807,tx,1940.7,222.4,418.4,,,1,0,0,1
1114422204557100,1791140083.951806,13951,tx,58208.6,243.2,444.0,,,1,0,0,1
1114422363894200,1791140084.111145,14111,tx,2086.5,375.6,603.9,,,1,0,0,1
1114422504130400,1791140084.251382,14251,tx,10569.5,218.9,475.2,,,1,0,0,1
1114422646949700,1791140084.394205,14394,tx,1495.5,263.8,523.9,,,1,0,0,1
1114422786506500,1791140084.533763,14533,tx,1492.5,299.3,479.1,,,1,0,0,1
1114422926834100,1791140084.674091,14674,tx,1790.5,652.8,863.9,,,1,0,0,1
1114423068298300,1791140084.815558,14815,tx,1507.9,234.2,485.6,,,1,0,0,1
1114423210654700,1791140084.957914,14957,tx,68362.1,426.5,806.0,,,1,0,0,1
1114423396368000,1791140085.143630,143,tx,3232.7,216.8,734.7,,,1,0,0,1
1114423546966600,1791140085.294230,294,tx,2971.1,355.1,601.4,,,1,0,0,1
1114423689445500,1791140085.436709,436,tx,1747.3,292.8,539.0,,,1,0,0,1
1114423837819900,1791140085.585086,585,tx,2105.6,372.5,659.6,,,1,0,0,1
1114423989416000,1791140085.736684,736,tx,2479.5,220.9,694.4,,,1,0,0,1
1114424136259600,1791140085.883531,883,tx,1026.7,213.8,390.2,,,1,0,0,1
1114424278142300,1791140086.025414,1025,tx,1169.6,184.2,537.6,,,1,0,0,1
1114424427414500,1791140086.174688,1174,tx,1302.7,235.3,607.0,,,1,0,0,1
1114424566919700,1791140086.314196,1314,tx,3074.9,393.3,562.0,,,1,0,0,1
1114424707932900,1791140086.455210,1455,tx,62197.2,987.5,1220.8,,,1,0,0,1
1114424897072000,1791140086.644349,1644,tx,2685.7,322.5,911.7,,,1,0,0,1
1114425038673700,1791140086.785955,1785,tx,1677.9,691.3,941.2,,,1,0,0,1
1114425182058100,1791140086.929340,1929,tx,14627.4,240.8,481.1,,,1,0,0,1
1114425323573200,1791140087.070858,2070,tx,1387.6,211.4,401.7,,,1,0,0,1
1114425464576200,1791140087.211863,2211,tx,1596.9,194.7,385.6,,,1,0,0,1
1114425621947500,1791140087.369234,2369,tx,1371.4,348.6,563.5,,,1,0,0,1
1114425764148800,1791140087.511437,2511,tx,1360.4,254.9,474.7,,,1,0,0,1
1114425904682800,1791140087.651969,2651,tx,10200.1,452.3,879.8,,,1,0,0,1
1114426047245200,1791140087.794538,2794,tx,1292.7,224.3,438.7,,,1,0,0,1
1114426189613900,1791140087.936905,2936,tx,3284.6,224.8,1115.5,,,1,0,0,1
1114426332830600,1791140088.080123,3080,tx,32544.2,305.0,1001.7,,,1,0,0,1
1114426488033700,1791140088.235331,3235,tx,1179.2,273.6,508.6,,,1,0,0,1
1114426626709700,1791140088.374007,3374,tx,2654.3,782.7,1175.8,,,1,0,0,1
1114426765084900,1791140088.512387,3512,tx,1248.6,367.5,469.9,,,1,0,0,1
1114426910287100,1791140088.657589,3657,tx,1303.6,184.4,472.3,,,1,0,0,1
1114427051314800,1791140088.798618,3798,tx,1979.7,639.5,847.4,,,1,0,0,1
1114427190785700,1791140088.938091,3938,tx,1852.6,634.9,823.0,,,1,0,0,1
1114427333882900,1791140089.081191,4081,tx,3230.1,357.4,669.6,,,1,0,0,1
1114427476028300,1791140089.223336,4223,tx,1478.8,296.8,534.2,,,1,0,0,1
1114427617890800,1791140089.365201,4365,tx,1371.0,271.9,589.0,,,1,0,0,1
1114427765727300,1791140089.513040,4513,tx,1098.4,198.4,320.5,,,1,0,0,1
1114427918337700,1791140089.665651,4665,tx,1223.3,230.7,433.3,,,1,0,0,1
1114428058795900,1791140089.806110,4806,tx,1745.1,375.9,744.6,,,1,0,0,1
1114428199990200,1791140089.947307,4947,tx,5338.4,359.1,538.1,,,1,0,0,1
1114428341752900,1791140090.089072,5089,tx,1689.8,461.8,734.4,,,1,0,0,1
1114428482713800,1791140090.230033,5230,tx,1640.3,228.5,461.8,,,1,0,0,1
1114428623705600,1791140090.371026,5371,tx,1827.3,268.6,519.6,,,1,0,0,1
1114428767825900,1791140090.515150,5515,tx,8013.7,375.7,579.1,,,1,0,0,1
1114428910904000,1791140090.658228,5658,tx,2253.4,665.8,908.9,,,1,0,0,1
1114429051692100,1791140090.799016,5799,tx,2604.0,366.6,815.7,,,1,0,0,1
1114429192069200,1791140090.939398,5939,tx,1782.2,626.5,922.6,,,1,0,0,1
1114429336293400,1791140091.083622,6083,tx,2027.8,239.0,539.9,,,1,0,0,1
1114429478119100,1791140091.225451,6225,tx,1646.1,200.9,684.2,,,1,0,0,1
1114429617781000,1791140091.365112,6365,tx,18339.4,421.8,788.1,,,1,0,0,1
1114429767691500,1791140091.515026,6515,tx,1385.2,207.3,315.6,,,1,0,0,1
1114429915386400,1791140091.662724,6662,tx,1116.9,198.6,384.2,,,1,0,0,1
1114430057923800,1791140091.805262,6805,tx,6951.2,356.7,515.6,,,1,0,0,1
1114430200932800,1791140091.948273,6948,tx,32092.0,397.4,599.2,,,1,0,0,1
1114430344211500,1791140092.091549,7091,tx,4051.9,261.4,1407.2,,,1,0,0,1
1114430482183500,1791140092.229523,7229,tx,2715.5,225.9,789.9,,,1,0,0,1
1114430623411300,1791140092.370754,7370,tx,1234.4,199.1,422.5,,,1,0,0,1
1114430775106100,1791140092.522452,7522,tx,8172.8,222.0,578.2,,,1,0,0,1
1114430921494000,1791140092.668839,7668,tx,6925.2,472.3,995.8,,,1,0,0,1
1114431062759300,1791140092.810109,7810,tx,2229.9,690.2,1022.8,,,1,0,0,1
1114431206317400,1791140092.953669,7953,tx,61764.3,224.0,377.1,,,1,0,0,1
1114431368941500,1791140093.116293,8116,tx,14126.2,208.9,505.1,,,1,0,0,1
1114431506922400,1791140093.254277,8254,tx,1947.3,715.4,912.1,,,1,0,0,1
1114431649015800,1791140093.396372,8396,tx,1649.3,233.7,459.0,,,1,0,0,1
1114431789440600,1791140093.536798,8536,tx,1291.7,187.4,452.0,,,1,0,0,1
1114431930303100,1791140093.677663,8677,tx,1401.3,289.2,468.2,,,1,0,0,1
1114432073294700,1791140093.820655,8820,tx,1711.0,214.4,461.8,,,1,0,0,1
1114432215518200,1791140093.962880,8962,tx,62549.8,208.5,488.9,,,1,0,0,1
1114432394304600,1791140094.141668,9141,tx,8784.0,194.3,458.2,,,1,0,0,1
1114432542958400,1791140094.290322,9290,tx,2528.6,286.0,674.1,,,1,0,0,1
1114432683622900,1791140094.430991,9430,tx,4333.1,159.8,401.9,,,1,0,0,1
1114432823669100,1791140094.571038,9571,tx,1277.7,183.3,416.7,,,1,0,0,1
1114432966315000,1791140094.713686,9713,tx,2192.6,606.0,950.5,,,1,0,0,1
1114433108044100,1791140094.855417,9855,tx,1780.9,168.7,388.4,,,1,0,0,1
1114433249462300,1791140094.996835,9996,tx,1134.0,200.4,394.4,,,1,0,0,1
1114433388431200,1791140095.135806,10135,tx,1579.3,257.2,447.9,,,1,0,0,1
1114433527760500,1791140095.275136,10275,tx,3842.3,483.6,769.3,,,1,0,0,1
1114433668235000,1791140095.415612,10415,tx,16270.9,209.6,633.4,,,1,0,0,1
1114433810268600,1791140095.557649,10557,tx,1521.0,205.6,504.9,,,1,0,0,1
1114433952585200,1791140095.699967,10699,tx,1278.4,269.9,460.6,,,1,0,0,1
1114434106866500,1791140095.854250,10854,tx,6497.1,376.0,564.3,,,1,0,0,1
1114434278545900,1791140096.025932,11025,tx,7360.0,182.2,436.8,,,1,0,0,1
1114434418694500,1791140096.166077,11166,tx,2589.0,751.9,1040.8,,,1,0,0,1
1114434558092600,1791140096.305482,11305,tx,1139.4,210.4,381.7,,,1,0,0,1
1114434698013400,1791140096.445403,11445,tx,2135.5,202.4,485.6,,,1,0,0,1
1114434840119800,1791140096.587512,11587,tx,1885.3,208.2,449.9,,,1,0,0,1
1114434980784400,1791140096.728174,11728,tx,18706.8,340.8,1272.8,,,1,0,0,1
1114435136011200,1791140096.883406,11883,tx,1812.4,302.5,537.5,,,1,0,0,1
1114435273661600,1791140097.021059,12021,tx,1145.5,262.0,411.5,,,1,0,0,1
1114435420060600,1791140097.167458,12167,tx,12178.1,184.4,605.8,,,1,0,0,1
1114435560800900,1791140097.308201,12308,tx,1340.2,217.5,392.4,,,1,0,0,1
1114435704238000,1791140097.451637,12451,tx,59365.8,203.6,582.0,,,1,0,0,1
1114435898135300,1791140097.645537,12645,tx,3232.0,212.4,643.5,,,1,0,0,1
1114436048340200,1791140097.795743,12795,tx,9202.3,240.2,717.4,,,1,0,0,1
1114436207187600,1791140097.954595,12954,tx,27592.0,175.5,343.3,,,1,0,0,1
1114436346596600,1791140098.094006,13094,tx,1588.9,140.8,397.7,,,1,0,0,1
1114436485343100,1791140098.232754,13232,tx,1099.8,248.9,469.7,,,1,0,0,1
1114436627364900,1791140098.374776,13374,tx,1243.9,232.2,523.2,,,1,0,0,1
1114436772346900,1791140098.519761,13519,tx,8800.2,154.9,293.0,,,1,0,0,1
1114436924104200,1791140098.671520,13671,tx,1254.9,212.9,463.2,,,1,0,0,1
1114437065033600,1791140098.812451,13812,tx,1093.1,268.5,537.3,,,1,0,0,1
1114437207139200,1791140098.954555,13954,tx,65778.3,198.5,470.9,,,1,0,0,1
1114437395712900,1791140099.143133,14143,tx,2147.6,336.2,808.3,,,1,0,0,1
1114437535839400,1791140099.283259,14283,tx,2183.7,329.8,650.2,,,1,0,0,1
1114437675752100,1791140099.423174,14423,tx,2731.0,502.1,789.9,,,1,0,0,1
1114437817121000,1791140099.564543,14564,tx,11411.3,350.7,715.1,,,1,0,0,1
1114437957217400,1791140099.704643,14704,tx,2396.9,248.7,763.7,,,1,0,0,1
1114438097151800,1791140099.844580,14844,tx,1633.9,190.8,417.5,,,1,0,0,1
1114438271786300,1791140100.019217,19,tx,1656.8,406.3,633.7,,,1,0,0,1
1114438411526300,1791140100.158958,158,tx,1662.1,636.3,858.9,,,1,0,0,1
1114438549200200,1791140100.296633,296,tx,1969.6,250.9,763.5,,,1,0,0,1
1114438693092000,1791140100.440527,440,tx,10604.2,143.9,821.9,,,1,0,0,1
1114438831990700,1791140100.579429,579,tx,1515.9,443.6,560.3,,,1,0,0,1
1114438970727000,1791140100.718165,718,tx,1535.8,278.9,497.8,,,1,0,0,1
1114439115410400,1791140100.862848,862,tx,2255.0,263.7,663.9,,,1,0,0,1
1114439261960900,1791140101.009402,1009,tx,1364.6,309.3,484.1,,,1,0,0,1
1114439403820100,1791140101.151260,1151,tx,1938.6,703.2,913.6,,,1,0,0,1
1114439558541700,1791140101.305983,1305,tx,3119.7,306.3,695.3,,,1,0,0,1
1114439700437000,1791140101.447884,1447,tx,9417.7,241.2,467.2,,,1,0,0,1
1114439840264200,1791140101.587713,1587,tx,1014.6,247.4,400.3,,,1,0,0,1
1114439980455400,1791140101.727902,1727,tx,3649.1,526.5,1064.8,,,1,0,0,1
1114440122914900,1791140101.870367,1870,tx,1283.5,340.0,516.6,,,1,0,0,1
1114440266109500,1791140102.013563,2013,tx,1495.3,192.7,530.8,,,1,0,0,1
1114440403232100,1791140102.150685,2150,tx,1619.6,264.1,657.3,,,1,0,0,1
1114440545011300,1791140102.292466,2292,tx,2543.2,188.1,474.1,,,1,0,0,1
1114440688401200,1791140102.435859,2435,tx,1624.5,168.0,336.9,,,1,0,0,1
1114440828379600,1791140102.575839,2575,tx,1923.5,203.9,457.0,,,1,0,0,1
1114440969536900,1791140102.716994,2716,tx,2208.2,299.7,642.1,,,1,0,0,1
1114441111326700,1791140102.858790,2858,tx,1233.2,208.4,379.3,,,1,0,0,1
1114441255057000,1791140103.002522,3002,tx,1379.5,134.2,433.6,,,1,0,0,1
1114441396029500,1791140103.143495,3143,tx,1616.3,212.0,569.4,,,1,0,0,1
1114441535347500,1791140103.282807,3282,tx,13474.0,170.7,371.4,,,1,0,0,1
1114441677171600,1791140103.424642,3424,tx,1622.7,283.3,450.8,,,1,0,0,1
1114441818083000,1791140103.565550,3565,tx,3652.0,287.8,683.9,,,1,0,0,1
1114441960082900,1791140103.707555,3707,tx,1546.8,204.1,531.6,,,1,0,0,1
1114442101186800,1791140103.848660,3848,tx,5237.5,253.0,1596.2,,,1,0,0,1
1114442240906200,1791140103.988382,3988,tx,1414.8,412.4,579.0,,,1,0,0,1
1114442381908400,1791140104.129381,4129,tx,3881.3,300.7,945.1,,,1,0,0,1
1114442522983300,1791140104.270460,4270,tx,11164.4,246.5,624.6,,,1,0,0,1
1114442662373700,1791140104.409854,4409,tx,1317.0,207.2,372.9,,,1,0,0,1
1114442802943000,1791140104.550425,4550,tx,1279.5,386.9,587.5,,,1,0,0,1
1114442944699200,1791140104.692178,4692,tx,3006.2,450.8,864.5,,,1,0,0,1
1114443087059100,1791140104.834543,4834,tx,2287.7,335.7,755.4,,,1,0,0,1
1114443284355000,1791140105.031843,5031,tx,15425.1,178.9,343.1,,,1,0,0,1
1114443423609900,1791140105.171099,5171,tx,1217.9,222.4,552.1,,,1,0,0,1
1114443571635300,1791140105.319126,5319,tx,5150.0,243.2,470.5,,,1,0,0,1
1114443713656800,1791140105.461149,5461,tx,24802.7,193.7,408.6,,,1,0,0,1
1114443870264600,1791140105.617757,5617,tx,2040.5,267.0,513.8,,,1,0,0,1
1114444011452400,1791140105.758948,5758,tx,1360.6,227.0,451.1,,,1,0,0,1
1114444151317700,1791140105.898813,5898,tx,2076.1,270.1,612.6,,,1,0,0,1
1114444292259800,1791140106.039759,6039,tx,1301.8,300.1,483.7,,,1,0,0,1
1114444433850800,1791140106.181351,6181,tx,1941.3,750.6,945.0,,,1,0,0,1
1114444574052500,1791140106.321555,6321,tx,981.8,186.1,462.1,,,1,0,0,1
1114444713328100,1791140106.460830,6460,tx,69045.8,165.1,417.8,,,1,0,0,1
1114444896363400,1791140106.643866,6643,tx,3444.7,465.0,1153.7,,,1,0,0,1
1114445042025300,1791140106.789533,6789,tx,5528.2,314.3,453.0,,,1,0,0,1
1114445182526300,1791140106.930035,6930,tx,1800.6,639.0,934.2,,,1,0,0,1
1114445323901400,1791140107.071409,7071,tx,1486.6,415.0,634.2,,,1,0,0,1
1114445478880300,1791140107.226393,7226,tx,2121.9,420.3,589.2,,,1,0,0,1
1114445619797100,1791140107.367311,7367,tx,1112.3,138.1,297.6,,,1,0,0,1
1114445758782100,1791140107.506298,7506,tx,1857.4,377.0,639.4,,,1,0,0,1
1114445902301200,1791140107.649818,7649,tx,1815.9,117.0,384.9,,,1,0,0,1
1114446042241700,1791140107.789759,7789,tx,1292.6,214.3,489.8,,,1,0,0,1
1114446182091600,1791140107.929611,7929,tx,1364.2,164.6,366.6,,,1,0,0,1
1114446324212500,1791140108.071732,8071,tx,1534.7,166.7,509.8,,,1,0,0,1
1114446464144800,1791140108.211669,8211,tx,8195.6,189.6,317.3,,,1,0,0,1
1114446605944900,1791140108.353469,8353,tx,1435.6,368.1,552.2,,,1,0,0,1
1114446745519600,1791140108.493044,8493,tx,1372.9,215.8,463.1,,,1,0,0,1
1114446885676500,1791140108.633203,8633,tx,12024.9,223.1,449.3,,,1,0,0,1
1114447026665700,1791140108.774194,8774,tx,1693.4,228.1,482.2,,,1,0,0,1
1114447169360900,1791140108.916889,8916,tx,2486.6,304.0,570.1,,,1,0,0,1
1114447310361400,1791140109.057895,9057,tx,1549.3,204.1,326.0,,,1,0,0,1
1114447450906800,1791140109.198439,9198,tx,1512.3,414.7,636.9,,,1,0,0,1
1114447607912500,1791140109.355448,9355,tx,2044.1,635.5,841.1,,,1,0,0,1
1114447774877200,1791140109.522416,9522,tx,1702.7,295.6,537.8,,,1,0,0,1
1114447925067000,1791140109.672587,9672,tx,5540.9,306.5,1501.0,,,1,0,0,1
1114448065116600,1791140109.812657,9812,tx,1452.3,237.5,478.3,,,1,0,0,1
1114448206309400,1791140109.953851,9953,tx,27086.9,213.5,535.3,,,1,0,0,1
1114448347525200,1791140110.095070,10095,tx,6123.5,208.4,390.5,,,1,0,0,1
1114448488589300,1791140110.236131,10236,tx,3677.4,303.4,1026.9,,,1,0,0,1
1114448629352300,1791140110.376897,10376,tx,3174.0,482.4,1153.4,,,1,0,0,1
1114448787043300,1791140110.534593,10534,tx,1226.5,230.3,418.6,,,1,0,0,1
1114448926420000,1791140110.673971,10673,tx,2054.1,265.4,667.7,,,1,0,0,1
1114449068114000,1791140110.815667,10815,tx,1522.1,219.5,468.7,,,1,0,0,1
1114449209239600,1791140110.956794,10956,tx,69126.6,193.9,457.4,,,1,0,0,1
1114449399900300,1791140111.147457,11147,tx,1390.6,412.3,628.3,,,1,0,0,1
1114449539468300,1791140111.287027,11287,tx,1412.3,193.4,394.0,,,1,0,0,1
1114449679984100,1791140111.427543,11427,tx,1966.2,664.7,854.4,,,1,0,0,1
1114449820058400,1791140111.567620,11567,tx,1617.0,372.2,511.6,,,1,0,0,1
1114449958549300,1791140111.706112,11706,tx,8429.4,232.6,536.1,,,1,0,0,1
1114450098915200,1791140111.846480,11846,tx,1892.3,674.3,877.5,,,1,0,0,1
1114450255611800,1791140112.003179,12003,tx,1555.4,235.1,375.2,,,1,0,0,1
1114450397570000,1791140112.145137,12145,tx,11555.3,256.8,518.5,,,1,0,0,1
1114450539729000,1791140112.287299,12287,tx,8127.6,151.1,351.5,,,1,0,0,1
1114450681659900,1791140112.429231,12429,tx,1745.9,621.1,807.9,,,1,0,0,1
1114450821780800,1791140112.569352,12569,tx,1762.5,475.2,825.0,,,1,0,0,1
1114450965781700,1791140112.713356,12713,tx,1225.8,305.5,468.5,,,1,0,0,1
1114451105756000,1791140112.853331,12853,tx,1804.0,684.8,895.2,,,1,0,0,1
1114451262593100,1791140113.010171,13010,tx,2197.8,209.4,875.3,,,1,0,0,1
1114451405492600,1791140113.153071,13153,tx,1323.1,230.4,421.9,,,1,0,0,1
1114451548254900,1791140113.295835,13295,tx,2016.3,239.4,501.8,,,1,0,0,1
1114451688026500,1791140113.435609,13435,tx,1567.0,206.9,357.3,,,1,0,0,1
1114451829049600,1791140113.576634,13576,tx,1518.1,221.7,545.4,,,1,0,0,1
1114451971122200,1791140113.718706,13718,tx,1682.6,259.9,480.3,,,1,0,0,1
1114452113942800,1791140113.861527,13861,tx,4106.9,319.0,740.2,,,1,0,0,1
1114452278358400,1791140114.025948,14025,tx,1039.4,185.3,307.8,,,1,0,0,1
1114452430717800,1791140114.178308,14178,tx,2341.2,231.7,427.3,,,1,0,0,1
1114452571558700,1791140114.319151,14319,tx,1158.1,203.2,373.0,,,1,0,0,1
1114452714582300,1791140114.462177,14462,tx,21129.9,139.5,338.4,,,1,0,0,1
1114452863582300,1791140114.611177,14611,tx,2513.2,295.3,881.8,,,1,0,0,1
1114453000698300,1791140114.748295,14748,tx,1680.7,171.1,437.3,,,1,0,0,1
1114453144228400,1791140114.891825,14891,tx,7698.8,293.9,1240.5,,,1,0,0,1
1114453285543300,1791140115.033144,33,tx,1314.4,224.0,395.4,,,1,0,0,1
1114453426469900,1791140115.174069,174,tx,2762.9,705.6,1081.6,,,1,0,0,1
1114453569961400,1791140115.317565,317,tx,11649.1,265.7,458.5,,,1,0,0,1
1114453784359400,1791140115.531966,531,tx,13046.4,190.3,320.8,,,1,0,0,1
1114453936076200,1791140115.683684,683,tx,1240.7,186.1,388.7,,,1,0,0,1
1114454079431300,1791140115.827041,827,tx,1271.1,173.5,376.3,,,1,0,0,1
1114454243130100,1791140115.990741,990,tx,14310.1,233.7,733.4,,,1,0,0,1
1114454381052500,1791140116.128664,1128,tx,1166.7,221.0,439.1,,,1,0,0,1
1114454521361900,1791140116.268977,1268,tx,5908.0,210.1,323.9,,,1,0,0,1
1114454660259200,1791140116.407873,1407,tx,16321.8,239.2,454.6,,,1,0,0,1
1114454799586700,1791140116.547204,1547,tx,2367.4,199.2,430.3,,,1,0,0,1
1114454942288500,1791140116.689906,1689,tx,1581.6,311.3,519.0,,,1,0,0,1
1114455084067600,1791140116.831688,1831,tx,1229.6,306.2,511.1,,,1,0,0,1
1114455286109900,1791140117.033734,2033,tx,7307.0,180.8,404.2,,,1,0,0,1
1114455428306400,1791140117.175926,2175,tx,12076.7,449.0,1094.8,,,1,0,0,1
1114455569070000,1791140117.316695,2316,tx,2156.1,254.3,682.0,,,1,0,0,1
1114455710353000,1791140117.457979,2457,tx,26151.4,208.4,447.5,,,1,0,0,1
1114455872961300,1791140117.620589,2620,tx,9558.2,283.8,703.2,,,1,0,0,1
1114456021976500,1791140117.769608,2769,tx,1682.6,666.9,908.2,,,1,0,0,1
1114456164688100,1791140117.912321,2912,tx,1587.1,318.8,540.9,,,1,0,0,1
1114456303453000,1791140118.051073,3051,tx,14082.1,199.7,344.2,,,1,0,0,1
1114456443570800,1791140118.191207,3191,tx,1278.7,181.6,521.3,,,1,0,0,1
1114456586193800,1791140118.333830,3333,tx,2319.8,240.0,678.7,,,1,0,0,1
1114456781033300,1791140118.528674,3528,tx,1176.0,299.3,463.1,,,1,0,0,1
1114456931048000,1791140118.678675,3678,tx,1346.9,211.8,428.3,,,1,0,0,1
1114457072016000,1791140118.819657,3819,tx,11191.4,266.4,570.4,,,1,0,0,1
1114457239005300,1791140118.986651,3986,tx,7328.5,197.2,610.8,,,1,0,0,1
1114457384215000,1791140119.131862,4131,tx,1188.7,149.5,308.4,,,1,0,0,1
1114457525903700,1791140119.273553,4273,tx,1238.8,387.0,571.7,,,1,0,0,1
1114457668215100,1791140119.415865,4415,tx,1528.5,203.4,420.1,,,1,0,0,1
1114457810257600,1791140119.557910,4557,tx,1112.4,217.8,381.4,,,1,0,0,1
1114457953505500,1791140119.701159,4701,tx,9205.2,197.7,394.5,,,1,0,0,1
1114458095763500,1791140119.843418,4843,tx,2637.2,807.4,1150.5,,,1,0,0,1
1114458283729000,1791140120.031386,5031,tx,1366.3,397.3,789.7,,,1,0,0,1
1114458427971500,1791140120.175628,5175,tx,1720.3,192.5,691.8,,,1,0,0,1
1114458568436400,1791140120.316096,5316,tx,1922.2,254.6,521.0,,,1,0,0,1
1114458710004600,1791140120.457663,5457,tx,27274.2,224.0,622.1,,,1,0,0,1
1114458863131700,1791140120.610794,5610,tx,1666.7,246.9,630.7,,,1,0,0,1
1114459009828100,1791140120.757490,5757,tx,2637.7,297.8,683.2,,,1,0,0,1
1114459151939200,1791140120.899606,5899,tx,7682.5,431.8,615.3,,,1,0,0,1
1114459294658500,1791140121.042328,6042,tx,1543.2,201.3,419.6,,,1,0,0,1
1114459437673600,1791140121.185334,6185,tx,3671.2,236.5,821.4,,,1,0,0,1
1114459578640400,1791140121.326310,6326,tx,14263.0,213.2,515.9,,,1,0,0,1
1114459785433700,1791140121.533108,6533,tx,7797.4,135.8,306.4,,,1,0,0,1
1114459923029900,1791140121.670706,6670,tx,1358.9,217.9,383.3,,,1,0,0,1
1114460063645500,1791140121.811323,6811,tx,1101.6,284.6,431.1,,,1,0,0,1
1114460206342300,1791140121.954022,6954,tx,26928.6,214.6,371.0,,,1,0,0,1
1114460347332000,1791140122.095010,7095,tx,24523.2,266.3,797.0,,,1,0,0,1
1114460490806500,1791140122.238487,7238,tx,1441.0,442.3,734.3,,,1,0,0,1
1114460631668500,1791140122.379350,7379,tx,1797.5,468.5,800.6,,,1,0,0,1
1114460772162200,1791140122.519848,7519,tx,1222.7,288.1,463.4,,,1,0,0,1
1114460912768400,1791140122.660452,7660,tx,2128.2,338.7,739.2,,,1,0,0,1
1114461053357000,1791140122.801045,7801,tx,1058.6,251.8,399.4,,,1,0,0,1
1114461194952600,1791140122.942642,7942,tx,1634.8,346.2,551.6,,,1,0,0,1
1114461337061400,1791140123.084754,8084,tx,15803.2,177.4,363.7,,,1,0,0,1
1114461477991900,1791140123.225685,8225,tx,1227.7,211.9,407.6,,,1,0,0,1
1114461618010700,1791140123.365703,8365,tx,13316.1,219.0,868.2,,,1,0,0,1
1114461759044300,1791140123.506740,8506,tx,1156.1,224.1,419.4,,,1,0,0,1
1114461899296100,1791140123.646994,8646,tx,1485.4,356.8,618.1,,,1,0,0,1
1114462040987100,1791140123.788684,8788,tx,1370.7,281.5,540.1,,,1,0,0,1
1114462181172100,1791140123.928874,8928,tx,1572.8,614.8,782.5,,,1,0,0,1
1114462321571600,1791140124.069274,9069,tx,12359.8,199.8,354.7,,,1,0,0,1
1114462462788400,1791140124.210492,9210,tx,1660.3,312.0,654.8,,,1,0,0,1
1114462605034600,1791140124.352741,9352,tx,2128.3,121.5,542.5,,,1,0,0,1
1114462776067100,1791140124.523776,9523,tx,1053.8,218.7,396.6,,,1,0,0,1
1114462920667000,1791140124.668374,9668,tx,2172.7,472.2,760.5,,,1,0,0,1
1114463062444400,1791140124.810156,9810,tx,1172.4,185.6,342.3,,,1,0,0,1
1114463203641600,1791140124.951354,9951,tx,27323.9,203.2,482.2,,,1,0,0,1
1114463343900900,1791140125.091615,10091,tx,1406.6,364.6,569.9,,,1,0,0,1
1114463485164100,1791140125.232879,10232,tx,1948.3,309.7,764.2,,,1,0,0,1
1114463639836400,1791140125.387553,10387,tx,3077.2,384.5,616.8,,,1,0,0,1
1114463782559700,1791140125.530279,10530,tx,1392.5,276.4,448.3,,,1,0,0,1
1114463922576500,1791140125.670295,10670,tx,2111.7,233.0,858.3,,,1,0,0,1
1114464063085300,1791140125.810808,10810,tx,9180.8,227.0,380.2,,,1,0,0,1
1114464203659000,1791140125.951383,10951,tx,73542.5,236.0,420.1,,,1,0,0,1
1114464401398400,1791140126.149125,11149,tx,9871.7,283.5,525.6,,,1,0,0,1
1114464546610800,1791140126.294339,11294,tx,894.8,189.5,344.0,,,1,0,0,1
1114464686948700,1791140126.434678,11434,tx,1721.4,316.1,511.8,,,1,0,0,1
1114464828975900,1791140126.576699,11576,tx,11374.4,257.6,836.6,,,1,0,0,1
1114464969793500,1791140126.717526,11717,tx,10167.8,390.2,585.6,,,1,0,0,1
1114465110701700,1791140126.858436,11858,tx,1440.3,287.1,465.4,,,1,0,0,1
1114465252998400,1791140127.000735,12000,tx,8619.3,281.0,478.2,,,1,0,0,1
1114465390504000,1791140127.138241,12138,tx,1851.0,203.9,416.3,,,1,0,0,1
1114465531612800,1791140127.279352,12279,tx,1207.5,203.1,413.9,,,1,0,0,1
1114465675445000,1791140127.423172,12423,tx,3088.9,260.9,1010.9,,,1,0,0,1
1114465817442600,1791140127.565184,12565,tx,9289.8,258.4,457.0,,,1,0,0,1
1114465959148000,1791140127.706892,12706,tx,1124.9,184.2,422.6,,,1,0,0,1
1114466100746800,1791140127.848491,12848,tx,1567.6,386.8,601.2,,,1,0,0,1
1114466242628700,1791140127.990371,12990,tx,1787.4,240.4,441.7,,,1,0,0,1
1114466382958400,1791140128.130707,13130,tx,2473.3,234.4,536.3,,,1,0,0,1
1114466523974600,1791140128.271724,13271,tx,1720.3,302.4,546.6,,,1,0,0,1
1114466666090000,1791140128.413841,13413,tx,1723.6,214.8,534.0,,,1,0,0,1
1114466822658900,1791140128.570411,13570,tx,1352.6,225.8,483.3,,,1,0,0,1
1114466963720000,1791140128.711473,13711,tx,1638.8,488.5,687.3,,,1,0,0,1
1114467104119800,1791140128.851873,13851,tx,4283.1,478.9,1394.6,,,1,0,0,1
1114467287541200,1791140129.035300,14035,tx,1059.1,261.1,375.0,,,1,0,0,1
1114467431828700,1791140129.179588,14179,tx,1389.9,224.6,680.2,,,1,0,0,1
1114467574278500,1791140129.322040,14322,tx,4588.9,242.8,410.2,,,1,0,0,1
1114467714594100,1791140129.462358,14462,tx,22382.0,296.4,491.4,,,1,0,0,1
1114467869879000,1791140129.617645,14617,tx,2778.9,157.9,267.8,,,1,0,0,1
1114468012405200,1791140129.760173,14760,tx,10076.0,223.4,587.5,,,1,0,0,1
1114468154670000,1791140129.902437,14902,tx,1301.4,252.3,449.9,,,1,0,0,1
1114468296133300,1791140130.043904,43,tx,5051.4,253.7,414.9,,,1,0,0,1
1114468443664000,1791140130.191433,191,tx,19896.2,483.6,804.4,,,1,0,0,1
1114468588720400,1791140130.336493,336,tx,1615.4,330.2,814.9,,,1,0,0,1
1114468783947500,1791140130.531723,531,tx,8260.7,252.9,479.8,,,1,0,0,1
1114468921098300,1791140130.668864,668,tx,11105.1,146.0,424.0,,,1,0,0,1
1114469064290100,1791140130.812069,812,tx,2055.4,176.4,572.9,,,1,0,0,1
1114469205514800,1791140130.953295,953,tx,28099.8,187.9,490.3,,,1,0,0,1
1114469346466900,1791140131.094248,1094,tx,1955.9,221.1,629.6,,,1,0,0,1
1114469486327100,1791140131.234106,1234,tx,3595.4,242.5,680.9,,,1,0,0,1
1114469627476600,1791140131.375259,1375,tx,1994.3,189.5,630.9,,,1,0,0,1
1114469783318600,1791140131.531105,1531,tx,7410.2,179.9,385.7,,,1,0,0,1
1114469925878100,1791140131.673667,1673,tx,1559.7,258.9,575.7,,,1,0,0,1
1114470066091900,1791140131.813881,1813,tx,1601.2,197.7,524.3,,,1,0,0,1
1114470207401400,1791140131.955194,1955,tx,72943.1,173.5,418.8,,,1,0,0,1
1114470399513800,1791140132.147304,2147,tx,3396.7,277.2,1091.0,,,1,0,0,1
1114470537023700,1791140132.284817,2284,tx,1951.9,264.9,586.7,,,1,0,0,1
1114470677343100,1791140132.425139,2425,tx,1270.9,234.1,429.7,,,1,0,0,1
1114470818026800,1791140132.565821,2565,tx,2083.2,205.1,988.6,,,1,0,0,1
1114470958893100,1791140132.706692,2706,tx,15294.5,202.3,569.6,,,1,0,0,1
1114471100174500,1791140132.847976,2847,tx,1334.0,271.0,519.0,,,1,0,0,1
1114471261375400,1791140133.009179,3009,tx,2691.9,240.2,674.6,,,1,0,0,1
1114471412160900,1791140133.159967,3159,tx,1031.6,253.9,433.1,,,1,0,0,1
1114471552088400,1791140133.299878,3299,tx,4072.4,372.2,1793.2,,,1,0,0,1
1114471694716900,1791140133.442526,3442,tx,1775.8,621.5,806.9,,,1,0,0,1
1114471836206700,1791140133.584016,3584,tx,2035.1,132.3,294.7,,,1,0,0,1
1114471978032100,1791140133.725844,3725,tx,1371.7,262.5,463.2,,,1,0,0,1
1114472116998600,1791140133.864811,3864,tx,3530.3,157.8,1845.0,,,1,0,0,1
1114472257033000,1791140134.004834,4004,tx,1176.7,185.0,477.1,,,1,0,0,1
1114472398344200,1791140134.146151,4146,tx,1153.6,159.0,452.9,,,1,0,0,1
1114472539350600,1791140134.287168,4287,tx,9841.5,187.6,403.4,,,1,0,0,1
1114472680333700,1791140134.428154,4428,tx,5447.6,237.6,534.4,,,1,0,0,1
1114472820415900,1791140134.568237,4568,tx,8922.0,138.0,343.5,,,1,0,0,1
1114472960383400,1791140134.708206,4708,tx,1240.8,296.3,455.2,,,1,0,0,1
1114473101507600,1791140134.849331,4849,tx,1574.2,261.2,491.9,,,1,0,0,1
1114473276472400,1791140135.024299,5024,tx,978.8,162.3,271.7,,,1,0,0,1
1114473427965100,1791140135.175790,5175,tx,2096.3,245.9,508.0,,,1,0,0,1
1114473569388900,1791140135.317214,5317,tx,1376.9,201.2,445.3,,,1,0,0,1
1114473710565100,1791140135.458394,5458,tx,25388.1,207.6,496.1,,,1,0,0,1
1114473862055200,1791140135.609888,5609,tx,1756.3,352.7,654.3,,,1,0,0,1
1114474009162600,1791140135.756994,5756,tx,1891.9,241.6,656.4,,,1,0,0,1
1114474151345700,1791140135.899182,5899,tx,1834.7,203.7,442.6,,,1,0,0,1
1114474293813600,1791140136.041651,6041,tx,1381.6,401.7,569.5,,,1,0,0,1
1114474435856100,1791140136.183695,6183,tx,1609.9,385.9,587.1,,,1,0,0,1
1114474577762800,1791140136.325602,6325,tx,1573.0,396.3,618.9,,,1,0,0,1
1114474719275700,1791140136.467119,6467,tx,56550.2,195.5,405.9,,,1,0,0,1
1114474905022500,1791140136.652867,6652,tx,7021.0,185.2,524.3,,,1,0,0,1
1114475046726500,1791140136.794573,6794,tx,1575.9,217.4,432.4,,,1,0,0,1
1114475186709400,1791140136.934556,6934,tx,2062.5,444.1,694.6,,,1,0,0,1
1114475329417800,1791140137.077264,7077,tx,32864.0,339.3,927.4,,,1,0,0,1
1114475470200200,1791140137.218052,7218,tx,1113.0,240.3,413.5,,,1,0,0,1
1114475611845200,1791140137.359699,7359,tx,1493.6,408.7,675.9,,,1,0,0,1
1114475755206100,1791140137.503060,7503,tx,1547.1,209.5,344.6,,,1,0,0,1
1114475906939200,1791140137.654793,7654,tx,2798.2,330.1,694.0,,,1,0,0,1
1114476049033500,1791140137.796891,7796,tx,6165.9,219.6,404.9,,,1,0,0,1
1114476189462500,1791140137.937319,7937,tx,12579.9,217.7,605.3,,,1,0,0,1
1114476330605700,1791140138.078467,8078,tx,1308.0,166.6,501.3,,,1,0,0,1
1114476471682000,1791140138.219545,8219,tx,1583.7,636.9,812.4,,,1,0,0,1
1114476612282300,1791140138.360147,8360,tx,1060.4,195.3,429.0,,,1,0,0,1
1114476751230600,1791140138.499097,8499,tx,8703.8,198.6,459.4,,,1,0,0,1
1114476893825100,1791140138.641692,8641,tx,1479.1,287.0,654.7,,,1,0,0,1
1114477034913300,1791140138.782782,8782,tx,4954.5,338.0,518.3,,,1,0,0,1
1114477175890500,1791140138.923761,8923,tx,1229.7,396.7,540.8,,,1,0,0,1
1114477330719400,1791140139.078591,9078,tx,1280.9,171.7,373.3,,,1,0,0,1
1114477470507500,1791140139.218382,9218,tx,4917.8,255.8,411.8,,,1,0,0,1
1114477613753500,1791140139.361624,9361,tx,2331.0,335.0,749.9,,,1,0,0,1
1114477781194500,1791140139.529072,9529,tx,1706.8,222.7,370.6,,,1,0,0,1
1114477928906100,1791140139.676781,9676,tx,3482.3,230.0,677.7,,,1,0,0,1
1114478069368500,1791140139.817247,9817,tx,8952.5,186.1,734.5,,,1,0,0,1
1114478211747500,1791140139.959629,9959,tx,26560.5,698.6,963.5,,,1,0,0,1
1114478354073800,1791140140.101958,10101,tx,1443.6,258.3,707.4,,,1,0,0,1
1114478495678900,1791140140.243564,10243,tx,1124.6,166.6,317.5,,,1,0,0,1
1114478638080100,1791140140.385966,10385,tx,1699.8,282.7,616.3,,,1,0,0,1
1114478778574300,1791140140.526461,10526,tx,1640.3,672.4,920.0,,,1,0,0,1
1114478919564700,1791140140.667449,10667,tx,2148.3,198.7,535.9,,,1,0,0,1
1114479063384600,1791140140.811277,10811,tx,5787.2,177.1,340.3,,,1,0,0,1
1114479202708100,1791140140.950602,10950,tx,1017.7,189.2,344.7,,,1,0,0,1
1114479357809300,1791140141.105705,11105,tx,1369.8,421.5,620.8,,,1,0,0,1
1114479496051300,1791140141.243949,11243,tx,6157.6,146.3,336.1,,,1,0,0,1
1114479640313100,1791140141.388211,11388,tx,1415.3,249.9,462.1,,,1,0,0,1
1114479781972800,1791140141.529873,11529,tx,10952.4,276.1,474.1,,,1,0,0,1
1114479925349100,1791140141.673245,11673,tx,8104.5,185.5,458.5,,,1,0,0,1
1114480064829000,1791140141.812732,11812,tx,1621.1,697.3,859.4,,,1,0,0,1
1114480207413300,1791140141.955317,11955,tx,56123.5,170.6,353.8,,,1,0,0,1
1114480373568400,1791140142.121475,12121,tx,7486.4,169.6,372.1,,,1,0,0,1
1114480521692400,1791140142.269599,12269,tx,1596.5,262.6,503.4,,,1,0,0,1
1114480662158400,1791140142.410069,12410,tx,1318.0,338.4,510.9,,,1,0,0,1
1114480802468700,1791140142.550379,12550,tx,8681.3,140.0,365.8,,,1,0,0,1
1114480944485900,1791140142.692399,12692,tx,1414.2,296.3,467.7,,,1,0,0,1
1114481086250900,1791140142.834166,12834,tx,1542.5,269.7,496.9,,,1,0,0,1
1114481229921700,1791140142.977838,12977,tx,1281.0,483.1,599.2,,,1,0,0,1
1114481369139900,1791140143.117058,13117,tx,1442.6,175.9,535.2,,,1,0,0,1
1114481509728800,1791140143.257646,13257,tx,1498.9,437.8,649.6,,,1,0,0,1
1114481649355000,1791140143.397262,13397,tx,1511.5,191.0,597.6,,,1,0,0,1
1114481790612200,1791140143.538535,13538,tx,7445.2,270.8,425.4,,,1,0,0,1
1114481946893400,1791140143.694813,13694,tx,2987.7,222.2,663.4,,,1,0,0,1
1114482087263300,1791140143.835187,13835,tx,3257.2,725.9,1086.4,,,1,0,0,1
1114482285565400,1791140144.033494,14033,tx,1357.2,177.8,311.9,,,1,0,0,1
1114482429229100,1791140144.177159,14177,tx,1638.4,224.6,607.5,,,1,0,0,1
1114482570805600,1791140144.318737,14318,tx,1602.1,295.7,639.7,,,1,0,0,1
1114482709860200,1791140144.457793,14457,tx,26384.0,275.8,549.8,,,1,0,0,1
1114482868086800,1791140144.616021,14616,tx,1795.4,306.4,590.9,,,1,0,0,1
1114483007574600,1791140144.755510,14755,tx,1286.1,220.4,526.0,,,1,0,0,1
1114483149514900,1791140144.897453,14897,tx,1195.5,226.9,476.5,,,1,0,0,1
1114483290343000,1791140145.038283,38,tx,1011.2,203.0,383.1,,,1,0,0,1
1114483438240600,1791140145.186179,186,tx,18497.1,416.3,1137.5,,,1,0,0,1
1114483579564500,1791140145.327507,327,tx,1387.2,359.2,559.2,,,1,0,0,1
1114483721590100,1791140145.469535,469,tx,72652.8,134.9,288.6,,,1,0,0,1
1114483910461700,1791140145.658409,658,tx,1448.6,247.2,522.3,,,1,0,0,1
1114484060393400,1791140145.808338,808,tx,2227.4,197.4,567.0,,,1,0,0,1
1114484200411500,1791140145.948362,948,tx,1181.6,138.0,337.3,,,1,0,0,1
1114484344802400,1791140146.092754,1092,tx,1825.6,678.3,958.3,,,1,0,0,1
1114484485955800,1791140146.233909,1233,tx,1364.5,333.9,519.1,,,1,0,0,1
1114484628193600,1791140146.376148,1376,tx,2254.5,215.5,407.7,,,1,0,0,1
1114484769776500,1791140146.517733,1517,tx,1252.7,303.0,415.5,,,1,0,0,1
1114484908718800,1791140146.656676,1656,tx,1507.3,201.7,401.8,,,1,0,0,1
1114485051578100,1791140146.799538,1799,tx,1334.4,201.4,464.5,,,1,0,0,1
1114485191208500,1791140146.939170,1939,tx,6567.3,191.6,400.2,,,1,0,0,1
1114485333220200,1791140147.081183,2081,tx,1322.7,303.6,501.8,,,1,0,0,1
1114485474037800,1791140147.222002,2222,tx,1114.8,259.6,517.4,,,1,0,0,1
1114485614367400,1791140147.362320,2362,tx,1040.6,191.5,410.4,,,1,0,0,1
1114485770150800,1791140147.518119,2518,tx,1275.0,270.2,439.8,,,1,0,0,1
1114485910129400,1791140147.658095,2658,tx,2387.3,310.9,736.9,,,1,0,0,1
1114486050698000,1791140147.798669,2798,tx,1726.3,174.2,400.5,,,1,0,0,1
1114486193490600,1791140147.941461,2941,tx,1232.9,264.9,458.6,,,1,0,0,1
1114486334597300,1791140148.082571,3082,tx,1859.0,251.0,498.6,,,1,0,0,1
1114486474883900,1791140148.222858,3222,tx,1987.0,185.8,632.5,,,1,0,0,1
1114486614546000,1791140148.362523,3362,tx,9061.5,237.1,419.8,,,1,0,0,1
1114486798291400,1791140148.546271,3546,tx,1480.1,136.6,410.5,,,1,0,0,1
1114486944726900,1791140148.692707,3692,tx,9484.4,386.8,628.4,,,1,0,0,1
1114487085950700,1791140148.833934,3833,tx,9191.1,314.7,517.8,,,1,0,0,1
1114487226220500,1791140148.974204,3974,tx,27787.2,259.1,456.5,,,1,0,0,1
1114487388137800,1791140149.136122,4136,tx,8264.9,179.1,349.8,,,1,0,0,1
1114487526444300,1791140149.274418,4274,tx,1222.1,174.3,332.0,,,1,0,0,1
1114487668644600,1791140149.416633,4416,tx,1923.4,175.6,430.2,,,1,0,0,1
1114487808977000,1791140149.556966,4556,tx,2082.1,249.7,500.0,,,1,0,0,1
1114487950791400,1791140149.698782,4698,tx,2004.7,349.1,597.5,,,1,0,0,1
1114488089377700,1791140149.837371,4837,tx,1523.4,239.2,445.7,,,1,0,0,1
1114488300774600,1791140150.048771,5048,tx,1028.0,165.4,310.0,,,1,0,0,1
1114488451209000,1791140150.199207,5199,tx,1176.4,154.2,411.6,,,1,0,0,1
1114488592933900,1791140150.340932,5340,tx,17894.5,301.6,631.8,,,1,0,0,1
1114488758297000,1791140150.506299,5506,tx,7756.9,243.3,406.6,,,1,0,0,1
1114488907703800,1791140150.655707,5655,tx,16013.9,204.4,425.2,,,1,0,0,1
1114489050587000,1791140150.798591,5798,tx,1580.9,305.9,538.7,,,1,0,0,1
1114489191645800,1791140150.939653,5939,tx,1155.9,212.6,406.9,,,1,0,0,1
1114489332506200,1791140151.080509,6080,tx,1527.3,365.9,830.0,,,1,0,0,1
1114489474019100,1791140151.222029,6222,tx,1354.2,168.7,407.9,,,1,0,0,1
1114489615327500,1791140151.363338,6363,tx,1057.0,205.6,384.7,,,1,0,0,1
1114489796041300,1791140151.544055,6544,tx,1537.7,200.9,558.1,,,1,0,0,1
1114489944878100,1791140151.692892,6692,tx,1560.8,365.7,600.5,,,1,0,0,1
1114490083384500,1791140151.831401,6831,tx,1002.3,100.1,411.1,,,1,0,0,1
1114490225595000,1791140151.973614,6973,tx,22183.2,192.1,360.3,,,1,0,0,1
1114490365868200,1791140152.113888,7113,tx,6535.5,368.3,538.0,,,1,0,0,1
1114490506816700,1791140152.254838,7254,tx,2527.6,421.9,649.1,,,1,0,0,1
1114490645766600,1791140152.393787,7393,tx,1682.8,189.3,669.1,,,1,0,0,1
1114490802766300,1791140152.550791,7550,tx,11018.3,470.0,715.5,,,1,0,0,1
1114490944618500,1791140152.692645,7692,tx,1128.4,163.5,347.3,,,1,0,0,1
1114491086081000,1791140152.834109,7834,tx,2484.4,166.0,501.6,,,1,0,0,1
1114491226466100,1791140152.974496,7974,tx,67006.0,209.9,378.8,,,1,0,0,1
1114491415374100,1791140153.163406,8163,tx,1288.0,256.9,467.4,,,1,0,0,1
1114491554894700,1791140153.302928,8302,tx,2945.9,219.0,887.6,,,1,0,0,1
1114491695917000,1791140153.443952,8443,tx,1464.3,374.5,543.3,,,1,0,0,1
1114491837165500,1791140153.585201,8585,tx,3064.5,296.0,655.4,,,1,0,0,1
1114491977714700,1791140153.725753,8725,tx,8879.9,128.2,340.3,,,1,0,0,1
1114492118675500,1791140153.866715,8866,tx,1117.8,208.4,400.3,,,1,0,0,1
1114492269540500,1791140154.017581,9017,tx,1396.1,139.6,293.2,,,1,0,0,1
1114492417297900,1791140154.165340,9165,tx,3705.6,173.8,383.1,,,1,0,0,1
1114492558075400,1791140154.306120,9306,tx,2156.0,182.5,1411.1,,,1,0,0,1
1114492699610000,1791140154.447656,9447,tx,1445.8,147.5,449.3,,,1,0,0,1
1114492841202400,1791140154.589248,9589,tx,1945.2,187.9,558.1,,,1,0,0,1
1114492999216500,1791140154.747263,9747,tx,3032.0,245.2,577.1,,,1,0,0,1
1114493137583100,1791140154.885633,9885,tx,2350.9,240.9,473.6,,,1,0,0,1
1114493279372100,1791140155.027425,10027,tx,9117.8,283.4,1145.7,,,1,0,0,1
1114493420523400,1791140155.168578,10168,tx,1478.4,206.7,491.4,,,1,0,0,1
1114493562160100,1791140155.310215,10310,tx,1450.7,182.3,390.6,,,1,0,0,1
1114493704411300,1791140155.452468,10452,tx,2106.5,240.7,439.3,,,1,0,0,1
1114493846518000,1791140155.594576,10594,tx,1846.9,350.4,660.4,,,1,0,0,1
1114493987693300,1791140155.735754,10735,tx,1670.7,276.4,445.6,,,1,0,0,1
1114494130464300,1791140155.878525,10878,tx,2250.9,637.4,985.2,,,1,0,0,1
1114494292655100,1791140156.040720,11040,tx,1222.6,216.3,371.4,,,1,0,0,1
1114494443381600,1791140156.191447,11191,tx,10920.7,177.2,490.6,,,1,0,0,1
1114494583301400,1791140156.331369,11331,tx,1291.6,192.8,378.4,,,1,0,0,1
1114494722767000,1791140156.470836,11470,tx,27457.4,332.7,613.4,,,1,0,0,1
1114494864441800,1791140156.612510,11612,tx,2473.3,279.7,638.6,,,1,0,0,1
1114495005283400,1791140156.753356,11753,tx,1820.1,204.2,443.1,,,1,0,0,1
1114495147682400,1791140156.895756,11895,tx,9272.0,239.5,709.0,,,1,0,0,1
1114495303900300,1791140157.051976,12051,tx,1698.2,335.7,490.1,,,1,0,0,1
1114495443987800,1791140157.192065,12192,tx,1085.5,256.4,414.2,,,1,0,0,1
1114495583383800,1791140157.331463,12331,tx,4854.7,294.9,659.7,,,1,0,0,1
1114495723327400,1791140157.471406,12471,tx,73596.6,149.4,346.7,,,1,0,0,1
1114495912593300,1791140157.660676,12660,tx,7411.0,179.6,358.5,,,1,0,0,1
1114496050082000,1791140157.798166,12798,tx,1007.1,213.0,393.2,,,1,0,0,1
1114496189204900,1791140157.937290,12937,tx,2635.3,200.2,562.9,,,1,0,0,1
1114496330194900,1791140158.078283,13078,tx,1065.6,193.6,374.5,,,1,0,0,1
1114496468242900,1791140158.216332,13216,tx,1362.3,213.7,378.2,,,1,0,0,1
1114496626399900,1791140158.374491,13374,tx,1134.3,220.5,525.2,,,1,0,0,1
1114496769252100,1791140158.517344,13517,tx,1447.3,152.8,320.8,,,1,0,0,1
1114496922545900,1791140158.670639,13670,tx,1454.8,181.1,398.5,,,1,0,0,1
1114497062185800,1791140158.810281,13810,tx,1425.6,222.5,479.5,,,1,0,0,1
1114497200816200,1791140158.948913,13948,tx,1407.1,305.4,585.0,,,1,0,0,1
1114497342160900,1791140159.090240,14090,tx,13783.2,250.7,602.9,,,1,0,0,1
1114497482965500,1791140159.231066,14231,tx,2333.7,265.2,458.3,,,1,0,0,1
1114497623261800,1791140159.371363,14371,tx,2103.0,207.3,482.6,,,1,0,0,1
1114497764879600,1791140159.512983,14512,tx,1762.5,153.6,512.1,,,1,0,0,1
1114497905775500,1791140159.653880,14653,tx,1707.8,384.8,643.0,,,1,0,0,1
1114498046316100,1791140159.794423,14794,tx,10236.7,212.7,414.8,,,1,0,0,1
1114498187423200,1791140159.935531,14935,tx,1621.7,270.5,473.8,,,1,0,0,1
1114498341436200,1791140160.089545,89,tx,1758.7,250.5,668.9,,,1,0,0,1
1114498480709700,1791140160.228815,228,tx,1514.4,384.2,687.0,,,1,0,0,1
1114498617747000,1791140160.365860,365,tx,1594.0,185.9,386.5,,,1,0,0,1
1114498795614800,1791140160.543730,543,tx,8053.0,331.5,746.1,,,1,0,0,1
1114498947681700,1791140160.695799,695,tx,2387.4,300.9,722.2,,,1,0,0,1
1114499090332300,1791140160.838450,838,tx,16598.0,193.3,403.4,,,1,0,0,1
1114499250396500,1791140160.998517,998,tx,7550.5,178.3,432.8,,,1,0,0,1
1114499401206200,1791140161.149328,1149,tx,1174.3,204.3,442.9,,,1,0,0,1
1114499542309400,1791140161.290432,1290,tx,1690.5,203.7,398.2,,,1,0,0,1
1114499682426000,1791140161.430551,1430,tx,1176.5,188.1,461.5,,,1,0,0,1
1114499822154300,1791140161.570280,1570,tx,6655.7,290.4,547.5,,,1,0,0,1
1114499960377000,1791140161.708505,1708,tx,6212.0,210.0,366.1,,,1,0,0,1
1114500103163700,1791140161.851289,1851,idle,1631.1,190.1,375.0,,,0,0,0,0
1114500304099700,1791140162.052232,2052,tx,295029.7,,,,,1,0,0,1
1114500783766700,1791140162.531904,2531,tx,1566.1,189.6,578.9,,,1,0,0,1
1114500932036900,1791140162.680176,2680,tx,1118.3,240.8,409.2,,,1,0,0,1
1114501074242900,1791140162.822384,2822,tx,1822.0,220.1,396.6,,,1,0,0,1
1114501214372100,1791140162.962513,2962,tx,2240.3,220.3,719.4,,,1,0,0,1
1114501353664200,1791140163.101808,3101,tx,1450.7,391.3,783.0,,,1,0,0,1
1114501495619100,1791140163.243765,3243,tx,6538.2,229.8,380.8,,,1,0,0,1
1114501636626200,1791140163.384773,3384,tx,1070.4,217.9,397.2,,,1,0,0,1
1114501783051400,1791140163.531200,3531,tx,1396.9,203.0,414.4,,,1,0,0,1
1114501934127700,1791140163.682277,3682,tx,1775.5,274.4,544.6,,,1,0,0,1
1114502074232500,1791140163.822385,3822,tx,11767.4,153.0,384.3,,,1,0,0,1
1114502214630200,1791140163.962764,3962,tx,2148.9,330.3,810.2,,,1,0,0,1
1114502354795600,1791140164.102950,4102,tx,1707.2,402.0,632.4,,,1,0,0,1
1114502496036400,1791140164.244193,4244,tx,1806.4,195.8,397.2,,,1,0,0,1
1114502638684000,1791140164.386843,4386,tx,1521.4,391.5,672.6,,,1,0,0,1
1114502779703200,1791140164.527863,4527,tx,1514.9,195.2,417.6,,,1,0,0,1
1114502921147800,1791140164.669309,4669,tx,5726.9,211.5,416.5,,,1,0,0,1
1114503062525600,1791140164.810689,4810,tx,1762.7,238.3,453.8,,,1,0,0,1
1114503202732600,1791140164.950897,4950,tx,1426.0,359.2,706.5,,,1,0,0,1
1114503343860700,1791140165.092027,5092,tx,1448.2,390.5,618.5,,,1,0,0,1
1114503485902700,1791140165.234071,5234,tx,1831.5,314.9,535.2,,,1,0,0,1
1114503627197000,1791140165.375366,5375,tx,1122.7,171.3,402.4,,,1,0,0,1
1114503781115900,1791140165.529287,5529,tx,1827.8,311.2,478.8,,,1,0,0,1
1114503925526800,1791140165.673700,5673,tx,1930.1,198.3,381.5,,,1,0,0,1
1114504066739300,1791140165.814914,5814,tx,1618.6,321.9,632.1,,,1,0,0,1
1114504207148900,1791140165.955326,5955,tx,1017.8,218.4,387.2,,,1,0,0,1
1114504349358200,1791140166.097530,6097,tx,1477.6,236.3,562.8,,,1,0,0,1
1114504491070700,1791140166.239251,6239,tx,1135.3,223.8,395.0,,,1,0,0,1
1114504632116400,1791140166.380297,6380,tx,1345.1,273.3,588.2,,,1,0,0,1
1114504790248700,1791140166.538432,6538,tx,2088.3,286.6,702.1,,,1,0,0,1
1114504928705500,1791140166.676890,6676,tx,1669.6,406.1,659.8,,,1,0,0,1
1114505068856000,1791140166.817042,6817,tx,1254.5,269.3,558.7,,,1,0,0,1
1114505209766800,1791140166.957954,6957,tx,5213.5,390.9,577.8,,,1,0,0,1
1114505350116900,1791140167.098299,7098,tx,1982.7,200.8,651.3,,,1,0,0,1
1114505490994300,1791140167.239185,7239,tx,1291.2,184.0,471.4,,,1,0,0,1
1114505628722800,1791140167.376915,7376,tx,10396.2,437.4,648.4,,,1,0,0,1
1114505768778700,1791140167.516973,7516,tx,967.1,144.3,315.2,,,1,0,0,1
1114505909043000,1791140167.657238,7657,tx,1398.5,176.7,479.1,,,1,0,0,1
1114506051296000,1791140167.799492,7799,tx,1588.3,195.8,763.8,,,1,0,0,1
1114506190319100,1791140167.938518,7938,tx,9826.1,1004.7,1294.2,,,1,0,0,1
1114506331595900,1791140168.079796,8079,tx,2796.4,182.8,397.7,,,1,0,0,1
1114506472217700,1791140168.220420,8220,tx,1326.6,181.4,337.0,,,1,0,0,1
1114506613097200,1791140168.361300,8361,tx,1864.7,172.2,420.4,,,1,0,0,1
1114506780314400,1791140168.528520,8528,tx,1567.7,127.1,409.9,,,1,0,0,1
1114506926210200,1791140168.674417,8674,tx,1375.8,237.6,579.7,,,1,0,0,1
1114507067206000,1791140168.815414,8815,tx,8078.5,212.4,531.7,,,1,0,0,1
1114507207028300,1791140168.955238,8955,tx,1113.1,202.7,401.8,,,1,0,0,1
1114507347751200,1791140169.095963,9095,tx,1222.3,161.1,342.3,,,1,0,0,1
1114507490482200,1791140169.238695,9238,tx,1004.8,213.6,409.4,,,1,0,0,1
1114507632239200,1791140169.380454,9380,tx,1458.4,264.5,469.5,,,1,0,0,1
1114507796461500,1791140169.544678,9544,tx,2009.4,201.8,492.9,,,1,0,0,1
1114507945433600,1791140169.693652,9693,tx,5438.3,140.2,305.5,,,1,0,0,1
1114508087191200,1791140169.835409,9835,tx,1337.5,262.3,513.0,,,1,0,0,1
1114508227638500,1791140169.975860,9975,tx,64086.1,123.5,286.7,,,1,0,0,1
1114508407368600,1791140170.155592,10155,tx,1379.7,176.6,365.5,,,1,0,0,1
1114508553303100,1791140170.301527,10301,tx,1923.6,273.0,612.8,,,1,0,0,1
1114508692806800,1791140170.441033,10441,tx,1544.3,370.0,582.7,,,1,0,0,1
1114508832533300,1791140170.580762,10580,tx,1613.4,246.3,427.8,,,1,0,0,1
1114508976084000,1791140170.724314,10724,tx,1127.4,207.0,455.4,,,1,0,0,1
1114509116974500,1791140170.865206,10865,tx,1577.6,227.2,551.6,,,1,0,0,1
1114509284871400,1791140171.033105,11033,tx,13321.4,395.6,512.4,,,1,0,0,1
1114509428016300,1791140171.176252,11176,tx,1205.3,229.0,411.8,,,1,0,0,1
1114509568446500,1791140171.316684,11316,tx,964.5,227.1,389.4,,,1,0,0,1
1114509707790600,1791140171.456029,11456,tx,1222.9,406.1,577.7,,,1,0,0,1
1114509848665100,1791140171.596905,11596,tx,1129.3,171.6,375.6,,,1,0,0,1
1114509991038800,1791140171.739280,11739,tx,1775.9,212.9,613.9,,,1,0,0,1
1114510130776200,1791140171.879018,11879,tx,8874.2,296.0,617.4,,,1,0,0,1
1114510272994400,1791140172.021239,12021,tx,1131.3,184.1,390.2,,,1,0,0,1
1114510410517600,1791140172.158763,12158,tx,1167.7,200.7,443.9,,,1,0,0,1
1114510552212400,1791140172.300461,12300,tx,1867.5,184.9,499.1,,,1,0,0,1
1114510693526400,1791140172.441776,12441,tx,1850.6,416.7,800.6,,,1,0,0,1
1114510833433700,1791140172.581684,12581,tx,1108.3,186.9,373.1,,,1,0,0,1
1114510974121800,1791140172.722374,12722,tx,1190.3,193.1,475.1,,,1,0,0,1
1114511115066800,1791140172.863321,12863,tx,3410.5,219.7,382.0,,,1,0,0,1
1114511281022200,1791140173.029278,13029,tx,1383.6,217.4,358.2,,,1,0,0,1
1114511428577700,1791140173.176836,13176,tx,1332.7,272.0,457.5,,,1,0,0,1
1114511570255200,1791140173.318515,13318,tx,1150.6,259.6,450.0,,,1,0,0,1
1114511708591400,1791140173.456852,13456,tx,1034.1,224.4,361.4,,,1,0,0,1
1114511848495100,1791140173.596757,13596,tx,1273.9,239.4,557.0,,,1,0,0,1
1114511988871700,1791140173.737135,13737,tx,10725.8,236.4,518.3,,,1,0,0,1
1114512129808900,1791140173.878074,13878,tx,7238.5,359.7,568.4,,,1,0,0,1
1114512285447600,1791140174.033715,14033,tx,1452.4,204.3,679.3,,,1,0,0,1
1114512424272200,1791140174.172541,14172,tx,8653.4,204.5,561.1,,,1,0,0,1
1114512566993900,1791140174.315264,14315,tx,1204.0,271.8,444.6,,,1,0,0,1
1114512706916200,1791140174.455188,14455,tx,1351.8,301.7,511.1,,,1,0,0,1
1114512847497300,1791140174.595768,14595,tx,22439.2,430.2,841.3,,,1,0,0,1
1114512988139300,1791140174.736415,14736,tx,1556.5,169.0,336.9,,,1,0,0,1
1114513130120800,1791140174.878398,14878,tx,1563.4,172.7,333.8,,,1,0,0,1
1114513272412200,1791140175.020691,20,tx,1327.7,186.1,466.3,,,1,0,0,1
1114513424559200,1791140175.172839,172,tx,2003.4,440.7,745.0,,,1,0,0,1
1114513562024800,1791140175.310307,310,tx,7619.2,208.1,489.1,,,1,0,0,1
1114513703448300,1791140175.451729,451,tx,1420.4,270.6,530.4,,,1,0,0,1
1114513853075500,1791140175.601360,601,tx,1460.0,207.3,504.2,,,1,0,0,1
1114513994160900,1791140175.742448,742,tx,1223.8,197.3,444.8,,,1,0,0,1
1114514133304700,1791140175.881592,881,tx,1372.5,274.0,509.3,,,1,0,0,1
1114514285406000,1791140176.033696,1033,tx,8950.9,182.9,357.5,,,1,0,0,1
1114514427578800,1791140176.175870,1175,tx,2303.8,480.5,871.9,,,1,0,0,1
1114514566711700,1791140176.315002,1315,tx,3317.3,337.6,734.2,,,1,0,0,1
1114514708717500,1791140176.457012,1457,tx,1508.5,398.2,638.8,,,1,0,0,1
1114514849001100,1791140176.597296,1597,tx,8257.6,208.2,657.5,,,1,0,0,1
1114514990212900,1791140176.738511,1738,tx,2173.2,198.4,555.2,,,1,0,0,1
1114515132551800,1791140176.880851,1880,tx,1238.8,261.1,434.4,,,1,0,0,1
1114515285539900,1791140177.033842,2033,tx,16154.7,189.9,321.0,,,1,0,0,1
1114515434604800,1791140177.182908,2182,tx,2605.0,190.5,471.5,,,1,0,0,1
1114515584957900,1791140177.333260,2333,tx,3644.8,265.9,847.0,,,1,0,0,1
1114515726388500,1791140177.474693,2474,tx,58309.6,226.2,519.1,,,1,0,0,1
1114515894298000,1791140177.642606,2642,tx,3317.4,240.6,819.6,,,1,0,0,1
1114516037823700,1791140177.786131,2786,tx,3739.5,280.1,696.4,,,1,0,0,1
1114516176742900,1791140177.925054,2925,tx,1447.6,421.5,603.1,,,1,0,0,1
1114516318249800,1791140178.066562,3066,tx,1288.9,224.1,548.4,,,1,0,0,1
1114516459580800,1791140178.207896,3207,tx,11112.7,168.2,347.8,,,1,0,0,1
1114516600237100,1791140178.348550,3348,tx,20925.0,196.3,544.9,,,1,0,0,1
1114516785608400,1791140178.533927,3533,tx,7914.2,410.8,725.8,,,1,0,0,1
1114516929058100,1791140178.677378,3677,tx,9008.4,191.0,453.0,,,1,0,0,1
1114517070664400,1791140178.818985,3818,tx,1848.6,704.4,985.9,,,1,0,0,1
1114517212837900,1791140178.961160,3961,tx,1798.8,321.5,579.2,,,1,0,0,1
1114517352415500,1791140179.100740,4100,tx,1667.6,216.2,421.3,,,1,0,0,1
1114517493815500,1791140179.242142,4242,tx,2074.4,396.3,599.7,,,1,0,0,1
1114517635339900,1791140179.383668,4383,tx,1314.6,261.7,481.9,,,1,0,0,1
1114517775821900,1791140179.524152,4524,tx,1629.9,676.7,843.0,,,1,0,0,1
1114517916073700,1791140179.664405,4664,tx,2178.9,245.9,405.4,,,1,0,0,1
1114518058640300,1791140179.806971,4806,tx,3366.7,725.5,1177.5,,,1,0,0,1
1114518200940600,1791140179.949274,4949,tx,1537.5,234.9,511.7,,,1,0,0,1
1114518342334600,1791140180.090671,5090,tx,1530.7,130.8,284.6,,,1,0,0,1
1114518480774800,1791140180.229111,5229,tx,1874.1,635.1,810.5,,,1,0,0,1
1114518637644400,1791140180.385981,5385,tx,2756.9,446.4,749.8,,,1,0,0,1
1114518803090200,1791140180.551432,5551,tx,4985.6,178.7,314.2,,,1,0,0,1
1114518951178100,1791140180.699518,5699,tx,1584.9,313.3,558.0,,,1,0,0,1
1114519091133400,1791140180.839477,5839,tx,1672.6,306.2,540.7,,,1,0,0,1
1114519233354700,1791140180.981700,5981,tx,1262.2,259.1,437.3,,,1,0,0,1
1114519389664700,1791140181.138011,6138,tx,1404.3,242.9,461.7,,,1,0,0,1
1114519532176400,1791140181.280521,6280,tx,4258.8,409.7,878.8,,,1,0,0,1
1114519675616200,1791140181.423966,6423,tx,1498.5,481.4,759.9,,,1,0,0,1
1114519817437800,1791140181.565790,6565,tx,1474.5,167.6,537.6,,,1,0,0,1
1114519959155600,1791140181.707504,6707,tx,3382.2,254.1,666.5,,,1,0,0,1
1114520097407000,1791140181.845760,6845,tx,13353.3,185.3,519.8,,,1,0,0,1
1114520239398100,1791140181.987753,6987,tx,58551.9,203.3,420.6,,,1,0,0,1
1114520429712600,1791140182.178071,7178,tx,12659.9,404.4,614.4,,,1,0,0,1
1114520567024300,1791140182.315384,7315,tx,1341.7,192.1,429.2,,,1,0,0,1
1114520707222400,1791140182.455581,7455,tx,4681.3,324.0,962.6,,,1,0,0,1
1114520847834500,1791140182.596196,7596,tx,2145.8,249.7,608.3,,,1,0,0,1
1114520989532300,1791140182.737897,7737,tx,1263.2,201.0,490.3,,,1,0,0,1
1114521129454600,1791140182.877818,7877,tx,2946.8,307.5,972.3,,,1,0,0,1
1114521300269400,1791140183.048639,8048,tx,14918.6,257.0,420.3,,,1,0,0,1
1114521442186400,1791140183.190558,8190,tx,1826.2,677.9,860.3,,,1,0,0,1
1114521582968300,1791140183.331340,8331,tx,1579.3,273.7,494.8,,,1,0,0,1
1114521724332200,1791140183.472706,8472,tx,1268.4,320.5,476.3,,,1,0,0,1
1114521865274800,1791140183.613650,8613,tx,1463.3,298.8,589.9,,,1,0,0,1
1114522006698200,1791140183.755074,8755,tx,2159.0,184.9,698.1,,,1,0,0,1
1114522147302200,1791140183.895681,8895,tx,1126.4,172.5,440.1,,,1,0,0,1
1114522286593200,1791140184.034973,9034,tx,16835.2,224.9,428.3,,,1,0,0,1
1114522429412000,1791140184.177793,9177,tx,1170.7,206.5,437.3,,,1,0,0,1
1114522569370700,1791140184.317754,9317,tx,1715.9,281.3,493.9,,,1,0,0,1
1114522710654400,1791140184.459040,9459,tx,937.0,144.3,308.9,,,1,0,0,1
1114522852594100,1791140184.600981,9600,tx,1591.5,192.3,460.2,,,1,0,0,1
1114522993388100,1791140184.741777,9741,tx,1179.1,168.7,450.6,,,1,0,0,1
1114523133345200,1791140184.881734,9881,tx,1902.8,144.2,443.4,,,1,0,0,1
1114523295642600,1791140185.044035,10044,tx,1215.7,200.6,326.2,,,1,0,0,1
1114523448288100,1791140185.196680,10196,tx,1664.6,303.9,551.4,,,1,0,0,1
1114523592071900,1791140185.340464,10340,tx,3458.0,307.1,696.7,,,1,0,0,1
1114523730411700,1791140185.478808,10478,tx,12248.4,181.0,421.8,,,1,0,0,1
1114523872045200,1791140185.620443,10620,tx,1257.4,187.9,494.5,,,1,0,0,1
1114524013115800,1791140185.761516,10761,tx,1204.9,197.9,361.2,,,1,0,0,1
1114524153407700,1791140185.901810,10901,tx,5688.2,161.2,290.7,,,1,0,0,1
1114524309114600,1791140186.057518,11057,tx,2437.2,321.6,521.2,,,1,0,0,1
1114524452301400,1791140186.200705,11200,tx,1907.7,318.1,499.2,,,1,0,0,1
1114524610197300,1791140186.358604,11358,tx,1743.9,196.1,626.8,,,1,0,0,1
1114524793612900,1791140186.542022,11542,tx,1050.3,174.4,288.8,,,1,0,0,1
1114524953434300,1791140186.701843,11701,tx,1156.0,243.6,449.8,,,1,0,0,1
1114525096552200,1791140186.844964,11844,tx,1000.7,196.5,366.8,,,1,0,0,1
1114525238803500,1791140186.987216,11987,tx,26789.7,331.8,620.9,,,1,0,0,1
1114525380488200,1791140187.128888,12128,tx,1225.5,289.2,443.6,,,1,0,0,1
1114525520272400,1791140187.268686,12268,tx,3433.3,407.1,1179.7,,,1,0,0,1
1114525659962200,1791140187.408379,12408,tx,2345.5,262.6,560.2,,,1,0,0,1
1114525804264100,1791140187.552685,12552,tx,7369.5,242.9,541.2,,,1,0,0,1
1114525956945000,1791140187.705364,12705,tx,2514.0,257.9,939.1,,,1,0,0,1
1114526096502700,1791140187.844926,12844,tx,1233.9,213.4,374.9,,,1,0,0,1
1114526236668900,1791140187.985090,12985,tx,58924.0,426.6,746.3,,,1,0,0,1
1114526423963700,1791140188.172390,13172,tx,1367.5,190.3,445.5,,,1,0,0,1
1114526563320800,1791140188.311750,13311,tx,1085.1,172.9,339.0,,,1,0,0,1
1114526703451100,1791140188.451880,13451,tx,1809.0,268.4,566.0,,,1,0,0,1
1114526845099600,1791140188.593529,13593,tx,2601.0,269.4,641.1,,,1,0,0,1
1114526985057600,1791140188.733490,13733,tx,10396.3,184.9,470.0,,,1,0,0,1
1114527140329300,1791140188.888765,13888,tx,1233.0,199.1,400.4,,,1,0,0,1
1114527299883000,1791140189.048321,14048,tx,1212.6,207.2,505.2,,,1,0,0,1
1114527451241700,1791140189.199681,14199,tx,11663.9,162.0,368.0,,,1,0,0,1
1114527593937300,1791140189.342376,14342,tx,1613.6,313.8,650.2,,,1,0,0,1
1114527736372200,1791140189.484813,14484,tx,58227.1,227.1,488.8,,,1,0,0,1
1114527928172500,1791140189.676614,14676,tx,5164.7,385.3,1264.8,,,1,0,0,1
1114528066436000,1791140189.814881,14814,tx,1493.5,266.3,491.7,,,1,0,0,1
1114528207478300,1791140189.955925,14955,tx,1487.0,287.5,520.3,,,1,0,0,1
1114528344821900,1791140190.093271,93,tx,1789.3,683.3,844.8,,,1,0,0,1
1114528492624900,1791140190.241076,241,tx,1431.1,215.1,447.7,,,1,0,0,1
1114528638575100,1791140190.387026,387,tx,8570.6,200.5,436.0,,,1,0,0,1
1114528807770200,1791140190.556225,556,tx,7514.3,281.5,601.0,,,1,0,0,1
1114528950425400,1791140190.698881,698,tx,1288.7,312.1,485.3,,,1,0,0,1
1114529092661000,1791140190.841118,841,tx,1305.9,181.2,405.2,,,1,0,0,1
1114529231272900,1791140190.979730,979,tx,1354.2,286.9,511.7,,,1,0,0,1
1114529370540300,1791140191.119001,1119,tx,1141.2,179.2,397.3,,,1,0,0,1
1114529509797600,1791140191.258260,1258,tx,4926.7,338.5,494.9,,,1,0,0,1
1114529648089700,1791140191.396553,1396,tx,1261.5,179.6,354.1,,,1,0,0,1
1114529792566300,1791140191.541032,1541,tx,1316.4,223.0,393.7,,,1,0,0,1
1114529932387600,1791140191.680853,1680,tx,2405.4,656.4,870.1,,,1,0,0,1
1114530074067000,1791140191.822536,1822,tx,1322.5,195.2,379.9,,,1,0,0,1
1114530232026800,1791140191.980497,1980,tx,1485.9,233.5,428.6,,,1,0,0,1
1114530372374200,1791140192.120842,2120,tx,3883.8,252.6,683.3,,,1,0,0,1
1114530513407500,1791140192.261874,2261,tx,13678.6,335.8,808.3,,,1,0,0,1
1114530654367900,1791140192.402842,2402,tx,1372.3,306.6,602.8,,,1,0,0,1
1114530794560800,1791140192.543037,2543,tx,1635.4,167.9,429.4,,,1,0,0,1
1114530938790000,1791140192.687262,2687,tx,28867.1,255.0,1051.8,,,1,0,0,1
1114531096614600,1791140192.845094,2845,tx,14459.5,204.1,428.5,,,1,0,0,1
1114531236778600,1791140192.985260,2985,tx,11810.0,334.3,499.7,,,1,0,0,1
1114531377772400,1791140193.126256,3126,tx,8246.5,306.6,629.5,,,1,0,0,1
1114531518273900,1791140193.266758,3266,tx,1382.5,240.2,599.1,,,1,0,0,1
1114531660127000,1791140193.408611,3408,tx,2166.7,219.3,612.7,,,1,0,0,1
1114531804078500,1791140193.552567,3552,tx,1002.7,213.6,329.9,,,1,0,0,1
1114531942068700,1791140193.690558,3690,tx,1367.7,187.6,403.4,,,1,0,0,1
1114532084252200,1791140193.832743,3832,tx,1163.3,273.0,447.5,,,1,0,0,1
1114532223532100,1791140193.972024,3972,tx,1093.0,178.7,381.5,,,1,0,0,1
1114532363850900,1791140194.112344,4112,tx,8566.5,297.9,571.0,,,1,0,0,1
1114532505805500,1791140194.254300,4254,tx,1519.7,191.0,642.7,,,1,0,0,1
1114532647427500,1791140194.395925,4395,tx,1179.1,216.9,450.3,,,1,0,0,1
1114532786546200,1791140194.535045,4535,tx,1373.0,269.7,428.7,,,1,0,0,1
1114532928102700,1791140194.676603,4676,tx,1312.0,207.8,547.1,,,1,0,0,1
1114533069415100,1791140194.817916,4817,tx,1379.6,232.0,514.4,,,1,0,0,1
1114533212723800,1791140194.961207,4961,tx,1547.0,399.3,607.8,,,1,0,0,1
1114533351317600,1791140195.099823,5099,tx,14721.5,184.1,400.0,,,1,0,0,1
1114533493056900,1791140195.241562,5241,tx,2300.4,177.4,755.8,,,1,0,0,1
1114533634653300,1791140195.383162,5383,tx,6776.1,238.3,377.3,,,1,0,0,1
1114533832680400,1791140195.581192,5581,tx,1157.6,119.2,226.4,,,1,0,0,1
1114533980588900,1791140195.729099,5729,tx,3862.5,427.0,832.9,,,1,0,0,1
1114534122074800,1791140195.870589,5870,tx,2111.7,246.1,517.1,,,1,0,0,1
1114534263669900,1791140196.012186,6012,tx,18742.9,163.4,404.3,,,1,0,0,1
1114534406541900,1791140196.155058,6155,tx,1875.0,236.4,451.7,,,1,0,0,1
1114534547327900,1791140196.295845,6295,tx,18182.9,202.6,492.9,,,1,0,0,1
1114534686691500,1791140196.435212,6435,tx,11026.1,187.0,382.4,,,1,0,0,1
1114534828110800,1791140196.576633,6576,tx,1388.3,180.5,366.9,,,1,0,0,1
1114534970239200,1791140196.718763,6718,tx,1130.9,237.9,388.6,,,1,0,0,1
1114535112496400,1791140196.861022,6861,tx,1458.6,167.2,324.5,,,1,0,0,1
1114535255301200,1791140197.003828,7003,tx,73339.7,152.8,486.1,,,1,0,0,1
1114535440522900,1791140197.189052,7189,tx,1380.8,252.0,443.0,,,1,0,0,1
1114535586012500,1791140197.334543,7334,tx,1293.2,180.4,454.4,,,1,0,0,1
1114535726212600,1791140197.474744,7474,tx,1646.4,214.8,533.4,,,1,0,0,1
1114535867747000,1791140197.616279,7616,tx,15910.5,443.4,723.3,,,1,0,0,1
1114536011996800,1791140197.760532,7760,tx,3249.8,259.9,800.7,,,1,0,0,1
1114536153062400,1791140197.901598,7901,tx,1761.3,306.7,537.7,,,1,0,0,1
1114536308336300,1791140198.056875,8056,tx,10258.9,244.8,505.1,,,1,0,0,1
1114536448319500,1791140198.196860,8196,tx,1207.8,225.4,424.5,,,1,0,0,1
1114536593242900,1791140198.341784,8341,tx,1428.5,216.3,438.2,,,1,0,0,1
1114536732227800,1791140198.480770,8480,tx,2297.8,268.5,538.3,,,1,0,0,1
1114536873047100,1791140198.621592,8621,tx,1560.0,163.2,343.8,,,1,0,0,1
1114537030951900,1791140198.779499,8779,tx,1144.6,208.2,348.4,,,1,0,0,1
1114537172210400,1791140198.920745,8920,tx,9855.4,647.0,817.2,,,1,0,0,1
1114537312380700,1791140199.060929,9060,tx,2648.6,650.3,838.9,,,1,0,0,1
1114537453034100,1791140199.201586,9201,tx,7560.1,141.5,486.2,,,1,0,0,1
1114537594037900,1791140199.342589,9342,tx,1452.5,223.4,405.8,,,1,0,0,1
1114537735949600,1791140199.484504,9484,tx,1569.3,322.1,540.6,,,1,0,0,1
1114537877636600,1791140199.626193,9626,tx,1759.9,376.0,767.4,,,1,0,0,1
1114538021032100,1791140199.769588,9769,tx,2245.9,177.7,428.8,,,1,0,0,1
1114538162491000,1791140199.911047,9911,tx,22652.9,487.4,963.8,,,1,0,0,1
1114538325768100,1791140200.074330,10074,tx,11338.8,389.4,565.6,,,1,0,0,1
1114538477370700,1791140200.225929,10225,tx,3735.5,387.6,1064.8,,,1,0,0,1
1114538636383300,1791140200.384946,10384,tx,1766.9,332.7,610.3,,,1,0,0,1
1114538774963700,1791140200.523531,10523,tx,1065.8,398.8,492.3,,,1,0,0,1
1114538919954700,1791140200.668523,10668,tx,1288.9,208.8,414.5,,,1,0,0,1
1114539060879100,1791140200.809448,10809,tx,1756.6,263.9,542.5,,,1,0,0,1
1114539200007600,1791140200.948579,10948,tx,1788.6,261.2,645.1,,,1,0,0,1
1114539343782100,1791140201.092355,11092,tx,2556.3,334.6,556.9,,,1,0,0,1
