t_send_ns,t_unix,phase_ms,window,lat_status_us,lat_pin_us,lat_e2e_us,lat_rts_us,lat_unkey_us,was_tx,rts_before,decoding,transmitting
1106996810130400,1791132658.516289,13516,idle,3680.1,302.5,1034.7,,,0,0,0,0
1106996953460800,1791132658.659632,13659,idle,1530.6,228.8,443.3,,,0,0,0,0
1106997109087500,1791132658.815247,13815,idle,1574.9,369.8,682.8,,,0,0,0,0
1106997251981700,1791132658.958152,13958,idle,7051.8,313.2,1057.4,,,0,0,0,0
1106997389107500,1791132659.095283,14095,idle,9526.4,466.4,629.8,,,0,0,0,0
1106997538010300,1791132659.244179,14244,idle,1919.5,229.9,691.1,,,0,0,0,0
1106997680472300,1791132659.386649,14386,idle,1318.1,212.7,409.4,,,0,0,0,0
1106997823815600,1791132659.529990,14529,idle,1178.2,228.8,398.4,,,0,0,0,0
1106997964576500,1791132659.670753,14670,idle,1363.4,165.5,465.8,,,0,0,0,0
1106998115780800,1791132659.821961,14821,idle,1401.9,303.3,447.3,,,0,0,0,0
1106998264857600,1791132659.971038,14971,idle,4846.8,198.8,381.4,,,0,0,0,0
1106998410380900,1791132660.116561,116,idle,1489.2,164.7,382.8,,,0,0,0,0
1106998554201300,1791132660.260380,260,idle,2450.3,337.1,762.0,,,0,0,0,0
1106998699056100,1791132660.405233,405,idle,11319.9,255.5,949.0,,,0,0,0,0
1106998843776400,1791132660.549959,549,idle,2239.0,215.8,466.6,,,0,0,0,0
1106998989063400,1791132660.695241,695,idle,3295.0,350.6,780.6,,,0,0,0,0
1106999133206000,1791132660.839391,839,idle,8716.2,305.0,931.9,,,0,0,0,0
1106999277521400,1791132660.983707,983,idle,1152.3,206.6,396.7,,,0,0,0,0
1106999420041900,1791132661.126226,1126,idle,1381.1,440.9,634.6,,,0,0,0,0
1106999566446900,1791132661.272627,1272,idle,43763.1,198.0,392.5,,,0,0,0,0
1106999724240000,1791132661.430427,1430,idle,1936.8,206.3,741.0,,,0,0,0,0
1106999864828900,1791132661.571004,1571,idle,1158.6,330.2,509.1,,,0,0,0,0
1107000005964800,1791132661.712118,1712,idle,15731.9,459.8,747.5,,,0,0,0,0
1107000146956500,1791132661.853148,1853,idle,1174.7,224.3,402.7,,,0,0,0,0
1107000288320800,1791132661.994512,1994,idle,1519.0,224.5,397.1,,,0,0,0,0
1107000431568700,1791132662.137758,2137,idle,2261.0,321.7,617.0,,,0,0,0,0
1107000571350400,1791132662.277541,2277,idle,45485.6,366.7,1232.2,,,0,0,0,0
1107000725321900,1791132662.431516,2431,idle,2178.2,238.2,515.2,,,0,0,0,0
1107000869077700,1791132662.575271,2575,idle,1456.4,401.5,599.6,,,0,0,0,0
1107001011653700,1791132662.717848,2717,idle,1263.8,251.5,582.8,,,0,0,0,0
1107001154521700,1791132662.860718,2860,idle,1320.6,282.8,479.9,,,0,0,0,0
1107001294944100,1791132663.001140,3001,idle,1170.2,175.8,406.2,,,0,0,0,0
1107001434684400,1791132663.140879,3140,idle,11251.3,275.0,616.0,,,0,0,0,0
1107001578569500,1791132663.284769,3284,idle,7651.2,171.1,320.0,,,0,0,0,0
1107001719908800,1791132663.426103,3426,idle,1377.7,204.3,462.3,,,0,0,0,0
1107001861463900,1791132663.567656,3567,idle,10504.2,176.3,418.6,,,0,0,0,0
1107002003771100,1791132663.709971,3709,idle,1824.9,184.6,457.2,,,0,0,0,0
1107002144003600,1791132663.850205,3850,idle,2145.6,208.3,396.9,,,0,0,0,0
1107002285784400,1791132663.991986,3991,idle,1886.0,280.3,551.8,,,0,0,0,0
1107002428832300,1791132664.135028,4135,idle,1246.6,215.5,431.2,,,0,0,0,0
1107002569820800,1791132664.276025,4276,idle,44987.1,245.7,451.0,,,0,0,0,0
1107002726463500,1791132664.432669,4432,idle,1175.7,182.0,393.1,,,0,0,0,0
1107002868947500,1791132664.575153,4575,idle,1094.1,230.4,430.1,,,0,0,0,0
1107003009383300,1791132664.715589,4715,idle,1290.7,220.6,444.8,,,0,0,0,0
1107003149475700,1791132664.855679,4855,idle,3392.2,262.0,646.9,,,0,0,0,0
1107003289397400,1791132664.995602,4995,idle,10686.3,232.8,621.2,,,0,0,0,0
1107003430911300,1791132665.137113,5137,idle,1872.5,320.1,833.6,,,0,0,0,0
1107003569399100,1791132665.275609,5275,idle,51202.2,262.0,520.3,,,0,0,0,0
1107003725649500,1791132665.431860,5431,idle,5719.6,128.3,289.5,,,0,0,0,0
1107003869026300,1791132665.575230,5575,idle,1506.2,363.9,660.1,,,0,0,0,0
1107004008507700,1791132665.714719,5714,idle,1940.0,267.6,461.2,,,0,0,0,0
1107004149874900,1791132665.856088,5856,idle,1381.1,348.0,519.5,,,0,0,0,0
1107004294594600,1791132666.000808,6000,idle,1278.0,291.5,467.3,,,0,0,0,0
1107004437260200,1791132666.143474,6143,idle,1420.1,276.1,456.4,,,0,0,0,0
1107004577354200,1791132666.283570,6283,idle,8351.8,252.3,389.4,,,0,0,0,0
1107004717161100,1791132666.423376,6423,idle,14261.9,258.0,541.2,,,0,0,0,0
1107004859996800,1791132666.566213,6566,idle,1692.9,172.5,660.8,,,0,0,0,0
1107005002473500,1791132666.708689,6708,idle,1610.2,176.7,468.6,,,0,0,0,0
1107005142139600,1791132666.848358,6848,idle,8227.6,394.3,559.6,,,0,0,0,0
1107005283704000,1791132666.989922,6989,idle,1731.7,286.8,486.4,,,0,0,0,0
1107005426304500,1791132667.132524,7132,idle,1761.4,165.8,384.4,,,0,0,0,0
1107005567962000,1791132667.274177,7274,idle,41963.5,230.7,420.8,,,0,0,0,0
1107005723597700,1791132667.429819,7429,idle,1819.8,324.6,694.7,,,0,0,0,0
1107005866412700,1791132667.572634,7572,idle,1353.9,389.0,599.8,,,0,0,0,0
1107006008730600,1791132667.714953,7714,idle,1068.7,272.1,461.3,,,0,0,0,0
1107006149264200,1791132667.855489,7855,idle,1253.1,287.9,456.5,,,0,0,0,0
1107006289623300,1791132667.995847,7995,idle,1374.3,292.7,616.9,,,0,0,0,0
1107006430194000,1791132668.136415,8136,idle,3336.7,310.2,792.1,,,0,0,0,0
1107006570327100,1791132668.276554,8276,idle,46503.8,176.4,477.4,,,0,0,0,0
1107006726145000,1791132668.432372,8432,idle,1589.2,336.9,600.5,,,0,0,0,0
1107006871375800,1791132668.577604,8577,idle,2013.3,187.3,372.9,,,0,0,0,0
1107007009448200,1791132668.715677,8715,idle,6416.1,202.6,409.4,,,0,0,0,0
1107007155978200,1791132668.862207,8862,idle,1546.2,430.2,673.0,,,0,0,0,0
1107007296383600,1791132669.002612,9002,idle,2302.9,233.4,488.7,,,0,0,0,0
1107007438622100,1791132669.144854,9144,idle,9387.7,218.8,432.1,,,0,0,0,0
1107007578140500,1791132669.284373,9284,idle,7754.6,370.8,525.9,,,0,0,0,0
1107007722280100,1791132669.428511,9428,idle,3366.1,209.6,923.3,,,0,0,0,0
1107007865554200,1791132669.571788,9571,idle,1271.6,214.4,502.3,,,0,0,0,0
1107008008581700,1791132669.714807,9714,idle,2380.0,134.5,1443.2,,,0,0,0,0
1107008148711700,1791132669.854944,9854,idle,1085.5,285.8,489.5,,,0,0,0,0
1107008289862400,1791132669.996099,9996,idle,1956.2,206.8,393.6,,,0,0,0,0
1107008429844400,1791132670.136081,10136,idle,8258.2,172.7,351.9,,,0,0,0,0
1107008570223800,1791132670.276462,10276,idle,41431.4,260.5,445.7,,,0,0,0,0
1107008725111900,1791132670.431351,10431,idle,1504.1,383.5,511.2,,,0,0,0,0
1107008866542000,1791132670.572782,10572,idle,7648.7,225.6,374.6,,,0,0,0,0
1107009004070700,1791132670.710297,10710,idle,1534.2,484.6,684.2,,,0,0,0,0
1107009148838600,1791132670.855063,10855,idle,1281.1,159.5,446.5,,,0,0,0,0
1107009290172400,1791132670.996414,10996,idle,1290.7,294.9,436.5,,,0,0,0,0
1107009429303100,1791132671.135544,11135,idle,2129.2,682.6,917.7,,,0,0,0,0
1107009572004900,1791132671.278249,11278,idle,41612.5,392.6,638.6,,,0,0,0,0
1107009724269200,1791132671.430514,11430,idle,1646.7,150.1,435.7,,,0,0,0,0
1107009872455200,1791132671.578698,11578,idle,3775.9,256.5,573.9,,,0,0,0,0
1107010029605400,1791132671.735849,11735,idle,2566.6,369.9,970.2,,,0,0,0,0
1107010171693800,1791132671.877939,11877,idle,8694.5,418.5,951.9,,,0,0,0,0
1107010314567000,1791132672.020813,12020,idle,1535.2,280.4,582.4,,,0,0,0,0
1107010457261800,1791132672.163510,12163,idle,1247.6,260.2,449.7,,,0,0,0,0
1107010598987700,1791132672.305194,12305,idle,2288.7,387.0,666.9,,,0,0,0,0
1107010739425500,1791132672.445674,12445,idle,1450.7,181.9,567.6,,,0,0,0,0
1107010880418300,1791132672.586669,12586,idle,1288.6,235.0,444.6,,,0,0,0,0
1107011021418500,1791132672.727670,12727,idle,1687.5,210.0,657.4,,,0,0,0,0
1107011161762400,1791132672.868011,12868,idle,7751.1,176.5,467.8,,,0,0,0,0
1107011303116100,1791132673.009369,13009,idle,1771.0,474.8,640.0,,,0,0,0,0
1107011446161700,1791132673.152414,13152,idle,1120.4,283.4,485.8,,,0,0,0,0
1107011611085100,1791132673.317340,13317,idle,2454.6,173.3,605.7,,,0,0,0,0
1107011757203000,1791132673.463458,13463,idle,1402.3,204.7,453.4,,,0,0,0,0
1107011898995800,1791132673.605249,13605,idle,3827.7,280.4,894.7,,,0,0,0,0
1107012040003100,1791132673.746258,13746,idle,10493.2,248.6,661.0,,,0,0,0,0
1107012182114400,1791132673.888371,13888,idle,1303.0,367.3,583.5,,,0,0,0,0
1107012322680000,1791132674.028938,14028,idle,1429.1,223.1,450.9,,,0,0,0,0
1107012464515800,1791132674.170773,14170,idle,2041.9,268.0,581.4,,,0,0,0,0
1107012613956800,1791132674.320218,14320,idle,1248.2,217.2,344.9,,,0,0,0,0
1107012760613600,1791132674.466875,14466,idle,1226.7,219.4,471.3,,,0,0,0,0
1107012902792200,1791132674.609054,14609,idle,1199.8,164.2,339.7,,,0,0,0,0
1107013042293600,1791132674.748556,14748,idle,1823.0,252.9,519.7,,,0,0,0,0
1107013182452400,1791132674.888716,14888,idle,1190.7,167.6,364.3,,,0,0,0,0
1107013322355000,1791132675.028615,28,idle,3476.6,260.8,959.7,,,0,0,0,0
1107013467029200,1791132675.173286,173,idle,7920.6,419.1,597.8,,,0,0,0,0
1107013609710100,1791132675.315976,315,idle,1238.2,212.0,386.9,,,0,0,0,0
1107013753952700,1791132675.460219,460,idle,1415.7,212.2,701.2,,,0,0,0,0
1107013897202800,1791132675.603467,603,idle,12228.6,283.6,650.0,,,0,0,0,0
1107014041767200,1791132675.748036,748,idle,1036.8,216.9,343.7,,,0,0,0,0
1107014183611800,1791132675.889881,889,idle,1192.9,181.7,372.2,,,0,0,0,0
1107014327705600,1791132676.033972,1033,idle,4658.4,326.3,1181.0,,,0,0,0,0
1107014466740700,1791132676.173012,1173,idle,1147.2,229.9,401.1,,,0,0,0,0
1107014610835900,1791132676.317108,1317,idle,1732.7,173.9,337.9,,,0,0,0,0
1107014749013700,1791132676.455283,1455,idle,2154.5,430.6,707.9,,,0,0,0,0
1107014904683100,1791132676.610956,1610,idle,1390.7,232.6,420.8,,,0,0,0,0
1107015063672800,1791132676.769942,1769,idle,13451.2,193.4,610.1,,,0,0,0,0
1107015204760800,1791132676.911031,1911,idle,10499.8,276.0,862.9,,,0,0,0,0
1107015345788400,1791132677.052052,2052,idle,2870.1,237.5,552.2,,,0,0,0,0
1107015488361500,1791132677.194636,2194,idle,1666.2,216.8,479.0,,,0,0,0,0
1107015629528100,1791132677.335804,2335,idle,1922.4,244.1,654.7,,,0,0,0,0
1107015770176300,1791132677.476453,2476,idle,1433.5,227.6,471.4,,,0,0,0,0
1107015911507700,1791132677.617787,2617,idle,1883.7,240.6,542.5,,,0,0,0,0
1107016053778700,1791132677.760054,2760,idle,2567.5,243.4,595.3,,,0,0,0,0
1107016195028100,1791132677.901304,2901,idle,7919.9,1029.3,1186.8,,,0,0,0,0
1107016336928400,1791132678.043210,3043,idle,2611.0,471.0,693.3,,,0,0,0,0
1107016478790900,1791132678.185071,3185,idle,1693.8,255.9,498.0,,,0,0,0,0
1107016620428500,1791132678.326710,3326,idle,1371.4,235.8,461.2,,,0,0,0,0
1107016761878000,1791132678.468159,3468,idle,8168.6,412.2,704.6,,,0,0,0,0
1107016902008700,1791132678.608292,3608,idle,1839.6,421.6,670.6,,,0,0,0,0
1107017042070200,1791132678.748356,3748,idle,1274.3,437.9,589.0,,,0,0,0,0
1107017180940300,1791132678.887223,3887,idle,10269.2,371.1,624.0,,,0,0,0,0
1107017322860700,1791132679.029147,4029,idle,1623.6,167.7,309.0,,,0,0,0,0
1107017463218900,1791132679.169507,4169,idle,1104.9,256.9,470.9,,,0,0,0,0
1107017612964000,1791132679.319253,4319,idle,8680.2,171.2,344.6,,,0,0,0,0
1107017760673000,1791132679.466963,4466,idle,2142.5,157.5,422.2,,,0,0,0,0
1107017901520000,1791132679.607807,4607,idle,1743.0,296.4,580.1,,,0,0,0,0
1107018042266500,1791132679.748557,4748,idle,1511.3,194.5,440.5,,,0,0,0,0
1107018183201700,1791132679.889493,4889,idle,2430.5,254.6,522.4,,,0,0,0,0
1107018324014700,1791132680.030307,5030,idle,1679.5,406.5,601.9,,,0,0,0,0
1107018465212200,1791132680.171506,5171,idle,1068.3,197.6,385.4,,,0,0,0,0
1107018616375500,1791132680.322670,5322,idle,1237.4,191.3,298.7,,,0,0,0,0
1107018762641800,1791132680.468936,5468,idle,1421.1,213.2,516.6,,,0,0,0,0
1107018904708200,1791132680.610998,5610,idle,3463.6,277.1,728.8,,,0,0,0,0
1107019043751800,1791132680.750048,5750,idle,6202.0,195.1,401.5,,,0,0,0,0
1107019186987100,1791132680.893266,5893,idle,3543.4,393.5,611.1,,,0,0,0,0
1107019326488800,1791132681.032785,6032,idle,4969.7,317.3,1201.5,,,0,0,0,0
1107019469238400,1791132681.175533,6175,idle,11702.1,287.7,664.2,,,0,0,0,0
1107019610874200,1791132681.317172,6317,idle,1252.3,182.1,363.0,,,0,0,0,0
1107019753507800,1791132681.459806,6459,idle,1796.8,268.8,565.9,,,0,0,0,0
1107019896349500,1791132681.602648,6602,idle,2252.6,336.7,640.2,,,0,0,0,0
1107020035833000,1791132681.742134,6742,idle,1522.9,381.0,706.5,,,0,0,0,0
1107020176017600,1791132681.882320,6882,idle,1363.1,443.8,616.3,,,0,0,0,0
1107020316685900,1791132682.022986,7022,idle,6493.2,511.5,969.6,,,0,0,0,0
1107020458321100,1791132682.164611,7164,idle,10303.4,190.4,465.9,,,0,0,0,0
1107020612854700,1791132682.319160,7319,idle,1650.3,215.5,341.8,,,0,0,0,0
1107020754153500,1791132682.460448,7460,idle,2336.1,322.3,747.7,,,0,0,0,0
1107020896641000,1791132682.602948,7602,idle,5081.7,184.3,342.6,,,0,0,0,0
1107021039181600,1791132682.745489,7745,idle,1893.6,638.1,867.8,,,0,0,0,0
1107021180123600,1791132682.886429,7886,idle,1380.3,286.5,520.6,,,0,0,0,0
1107021321880100,1791132683.028173,8028,idle,2530.5,410.9,818.7,,,0,0,0,0
1107021463042200,1791132683.169352,8169,idle,1387.8,226.4,596.8,,,0,0,0,0
1107021615183300,1791132683.321495,8321,idle,1205.8,401.6,505.9,,,0,0,0,0
1107021761755700,1791132683.468058,8468,idle,3395.2,240.9,526.1,,,0,0,0,0
1107021904202200,1791132683.610514,8610,idle,1381.7,174.7,521.8,,,0,0,0,0
1107022044927300,1791132683.751227,8751,idle,1260.5,141.5,325.0,,,0,0,0,0
1107022189522200,1791132683.895833,8895,idle,4576.1,448.5,1194.5,,,0,0,0,0
1107022344904600,1791132684.051203,9051,idle,2079.5,309.5,790.3,,,0,0,0,0
1107022486694100,1791132684.193010,9193,idle,1766.2,282.3,483.1,,,0,0,0,0
1107022627963700,1791132684.334276,9334,idle,2202.7,416.1,647.7,,,0,0,0,0
1107022766360300,1791132684.472677,9472,idle,1115.5,151.9,354.1,,,0,0,0,0
1107022908605300,1791132684.614922,9614,idle,1379.2,253.6,493.5,,,0,0,0,0
1107023047599100,1791132684.753917,9753,idle,1866.1,227.1,493.2,,,0,0,0,0
1107023189457800,1791132684.895777,9895,idle,13522.3,211.2,418.4,,,0,0,0,0
1107023333255200,1791132685.039576,10039,idle,1503.8,137.7,405.2,,,0,0,0,0
1107023473693800,1791132685.180015,10180,idle,1213.1,221.1,385.4,,,0,0,0,0
1107023629827500,1791132685.336150,10336,idle,491179.8,161.1,375.8,,,0,0,0,0
1107024238897500,1791132685.945222,10945,idle,1261.0,251.0,439.8,,,0,0,0,0
1107024385984100,1791132686.092310,11092,idle,955.9,152.5,322.4,,,0,0,0,0
1107024526349300,1791132686.232674,11232,idle,1661.7,218.5,399.9,,,0,0,0,0
1107024668738400,1791132686.375066,11375,idle,1179.0,167.2,362.7,,,0,0,0,0
1107024809239000,1791132686.515567,11515,idle,1322.0,229.7,421.6,,,0,0,0,0
1107024952216500,1791132686.658544,11658,idle,1487.5,159.7,455.6,,,0,0,0,0
1107025093346700,1791132686.799677,11799,idle,39014.9,192.1,601.3,,,0,0,0,0
1107025245491600,1791132686.951822,11951,idle,1376.6,221.2,551.8,,,0,0,0,0
1107025392592500,1791132687.098924,12098,idle,1103.2,313.7,494.8,,,0,0,0,0
1107025534671100,1791132687.241001,12241,idle,1836.6,225.1,579.8,,,0,0,0,0
1107025675959000,1791132687.382292,12382,idle,1613.4,477.0,729.8,,,0,0,0,0
1107025816420300,1791132687.522749,12522,idle,22319.0,249.9,634.1,,,0,0,0,0
1107025957718600,1791132687.664052,12664,idle,2249.2,449.2,937.5,,,0,0,0,0
1107026134339700,1791132687.840676,12840,idle,1254.6,215.7,352.4,,,0,0,0,0
1107026285421100,1791132687.991744,12991,idle,2627.0,267.8,608.8,,,0,0,0,0
1107026427099200,1791132688.133435,13133,idle,2607.9,696.2,970.6,,,0,0,0,0
1107026569373500,1791132688.275712,13275,idle,1473.1,295.7,463.3,,,0,0,0,0
1107026710220400,1791132688.416560,13416,idle,2313.2,666.4,925.2,,,0,0,0,0
1107026853011100,1791132688.559350,13559,idle,1501.0,344.3,651.0,,,0,0,0,0
1107026993444100,1791132688.699785,13699,idle,3767.6,212.5,457.0,,,0,0,0,0
1107027133188100,1791132688.839502,13839,idle,9601.7,267.3,471.9,,,0,0,0,0
1107027273369000,1791132688.979711,13979,idle,1221.9,318.3,564.7,,,0,0,0,0
1107027413498000,1791132689.119839,14119,idle,1959.5,162.8,445.8,,,0,0,0,0
1107027553960300,1791132689.260301,14260,idle,2527.1,378.7,738.0,,,0,0,0,0
1107027692214100,1791132689.398551,14398,idle,1161.7,230.0,447.2,,,0,0,0,0
1107027833881400,1791132689.540225,14540,idle,2109.2,272.8,751.8,,,0,0,0,0
1107027975871100,1791132689.682217,14682,idle,1340.5,229.5,496.7,,,0,0,0,0
1107028131078500,1791132689.837426,14837,idle,1708.2,475.8,674.4,,,0,0,0,0
1107028275824100,1791132689.982172,14982,idle,1560.8,427.8,759.3,,,0,0,0,0
1107028428224200,1791132690.134573,134,idle,1611.5,394.2,686.9,,,0,0,0,0
1107028572559600,1791132690.278909,278,idle,1353.9,294.0,470.9,,,0,0,0,0
1107028718116200,1791132690.424466,424,idle,1521.2,222.6,633.6,,,0,0,0,0
1107028862060000,1791132690.568410,568,idle,2936.7,322.9,536.2,,,0,0,0,0
1107029005910400,1791132690.712263,712,idle,6346.5,447.2,652.0,,,0,0,0,0
1107029149460800,1791132690.855814,855,idle,1344.0,370.8,538.3,,,0,0,0,0
1107029293613200,1791132690.999967,999,idle,1233.1,232.6,444.4,,,0,0,0,0
1107029436168000,1791132691.142522,1142,idle,2118.8,289.0,490.1,,,0,0,0,0
1107029579119200,1791132691.285475,1285,idle,46695.4,314.8,608.3,,,0,0,0,0
1107029753756300,1791132691.460109,1460,idle,3628.6,223.7,907.3,,,0,0,0,0
1107029892158800,1791132691.598510,1598,idle,1317.1,297.8,492.7,,,0,0,0,0
1107030034672500,1791132691.741029,1741,idle,1539.2,242.8,514.1,,,0,0,0,0
1107030175710700,1791132691.882064,1882,idle,3613.2,446.4,905.8,,,0,0,0,0
1107030314047600,1791132692.020354,2020,idle,34764.4,260.9,808.9,,,0,0,0,0
1107030474769500,1791132692.181128,2181,idle,2190.8,444.8,898.7,,,0,0,0,0
1107030651190200,1791132692.357552,2357,idle,1486.3,180.3,621.2,,,0,0,0,0
1107030800574500,1791132692.506933,2506,idle,2575.4,265.1,716.4,,,0,0,0,0
1107030939893800,1791132692.646255,2646,idle,2157.0,377.8,669.0,,,0,0,0,0
1107031081759300,1791132692.788123,2788,idle,7771.1,426.9,822.8,,,0,0,0,0
1107031224128200,1791132692.930493,2930,idle,1531.5,182.5,561.0,,,0,0,0,0
1107031366410400,1791132693.072768,3072,idle,1649.2,221.0,680.6,,,0,0,0,0
1107031509159500,1791132693.215525,3215,idle,2050.6,235.4,495.7,,,0,0,0,0
1107031651662900,1791132693.358029,3358,idle,1960.4,196.2,502.4,,,0,0,0,0
1107031793074200,1791132693.499440,3499,idle,1360.8,291.6,509.8,,,0,0,0,0
1107031936077700,1791132693.642444,3642,idle,1215.7,378.1,575.5,,,0,0,0,0
1107032094366100,1791132693.800708,3800,idle,49776.9,203.4,464.3,,,0,0,0,0
1107032253931400,1791132693.960300,3960,idle,1828.1,346.2,720.6,,,0,0,0,0
1107032393482400,1791132694.099840,4099,idle,17135.8,257.0,493.0,,,0,0,0,0
1107032535387600,1791132694.241760,4241,idle,1280.1,253.1,377.4,,,0,0,0,0
1107032675216100,1791132694.381575,4381,idle,1309.6,267.6,431.2,,,0,0,0,0
1107032817663400,1791132694.524036,4524,idle,1387.3,259.7,510.4,,,0,0,0,0
1107032957933800,1791132694.664307,4664,idle,1433.8,206.9,407.6,,,0,0,0,0
1107033097919600,1791132694.804289,4804,idle,12948.2,108.7,337.2,,,0,0,0,0
1107033240207100,1791132694.946583,4946,idle,1822.4,239.7,725.5,,,0,0,0,0
1107033381980300,1791132695.088330,5088,idle,17069.5,297.9,713.4,,,0,0,0,0
1107033525194200,1791132695.231569,5231,idle,1662.2,272.5,461.1,,,0,0,0,0
1107033667149700,1791132695.373526,5373,idle,1347.0,277.1,517.3,,,0,0,0,0
1107033809243400,1791132695.515619,5515,idle,2681.9,366.6,748.7,,,0,0,0,0
1107033951207200,1791132695.657587,5657,idle,1201.0,230.8,408.3,,,0,0,0,0
1107034094179400,1791132695.800559,5800,idle,46744.0,191.3,430.9,,,0,0,0,0
1107034253591900,1791132695.959974,5959,idle,5725.7,161.5,318.4,,,0,0,0,0
1107034409440000,1791132696.115822,6115,idle,1272.0,210.3,437.3,,,0,0,0,0
1107034551892300,1791132696.258271,6258,idle,3584.3,327.8,797.4,,,0,0,0,0
1107034692179400,1791132696.398562,6398,idle,10558.9,285.1,778.1,,,0,0,0,0
1107034835836600,1791132696.542220,6542,idle,1249.1,208.0,407.5,,,0,0,0,0
1107034978810700,1791132696.685197,6685,idle,1118.5,193.2,340.4,,,0,0,0,0
1107035149483400,1791132696.855870,6855,idle,1201.2,138.1,317.4,,,0,0,0,0
1107035290814300,1791132696.997201,6997,idle,1200.9,210.6,441.5,,,0,0,0,0
1107035431906000,1791132697.138294,7138,idle,5351.6,382.6,658.6,,,0,0,0,0
1107035572211700,1791132697.278600,7278,idle,3841.4,248.4,573.9,,,0,0,0,0
1107035713628300,1791132697.420018,7420,idle,1175.5,219.8,415.7,,,0,0,0,0
1107035856951300,1791132697.563340,7563,idle,1838.8,783.8,1035.6,,,0,0,0,0
1107035997710600,1791132697.704101,7704,idle,1674.6,393.0,937.5,,,0,0,0,0
1107036138618300,1791132697.845010,7845,idle,1178.7,275.8,510.4,,,0,0,0,0
1107036280302500,1791132697.986696,7986,idle,1219.3,198.3,411.0,,,0,0,0,0
1107036422297100,1791132698.128690,8128,idle,1481.3,239.8,568.4,,,0,0,0,0
1107036564011500,1791132698.270405,8270,idle,2220.7,224.4,885.0,,,0,0,0,0
1107036703825600,1791132698.410218,8410,idle,3292.7,248.1,477.0,,,0,0,0,0
1107036846006400,1791132698.552403,8552,idle,5347.7,406.7,651.3,,,0,0,0,0
1107036986021200,1791132698.692418,8692,idle,8259.3,172.2,565.6,,,0,0,0,0
1107037142758900,1791132698.849157,8849,idle,1306.6,213.7,347.4,,,0,0,0,0
1107037286403900,1791132698.992800,8992,idle,3135.4,290.7,719.9,,,0,0,0,0
1107037426867300,1791132699.133266,9133,idle,10238.9,131.6,405.5,,,0,0,0,0
1107037569841800,1791132699.276240,9276,idle,1975.1,268.4,539.8,,,0,0,0,0
1107037713389100,1791132699.419790,9419,idle,1534.0,294.3,499.5,,,0,0,0,0
1107037853799000,1791132699.560198,9560,idle,1640.0,162.6,393.8,,,0,0,0,0
1107037996870700,1791132699.703272,9703,idle,2455.4,439.1,1765.3,,,0,0,0,0
1107038155469000,1791132699.861873,9861,idle,1310.7,227.9,400.0,,,0,0,0,0
1107038307860300,1791132700.014265,10014,idle,5604.9,276.3,733.9,,,0,0,0,0
1107038463838100,1791132700.170242,10170,idle,1751.4,266.1,494.2,,,0,0,0,0
1107038604947300,1791132700.311351,10311,idle,44951.8,366.0,729.1,,,0,0,0,0
1107038755446600,1791132700.461854,10461,idle,3048.4,224.9,742.2,,,0,0,0,0
1107038904297000,1791132700.610703,10610,idle,1466.8,223.5,435.0,,,0,0,0,0
1107039046139800,1791132700.752547,10752,idle,1573.5,259.9,552.4,,,0,0,0,0
1107039186520200,1791132700.892927,10892,idle,13413.5,244.8,800.5,,,0,0,0,0
1107039343774000,1791132701.050181,11050,idle,1949.3,210.6,471.0,,,0,0,0,0
1107039484538700,1791132701.190949,11190,idle,1365.0,181.5,468.0,,,0,0,0,0
1107039647051400,1791132701.353464,11353,idle,1549.0,455.4,609.8,,,0,0,0,0
1107039784381500,1791132701.490794,11490,idle,1516.8,240.6,560.0,,,0,0,0,0
1107039928361000,1791132701.634774,11634,idle,1192.7,170.2,361.1,,,0,0,0,0
1107040071177100,1791132701.777590,11777,idle,1778.5,225.4,668.3,,,0,0,0,0
1107040212585600,1791132701.918999,11918,idle,1206.4,205.6,450.0,,,0,0,0,0
1107040354261100,1791132702.060674,12060,idle,3258.8,256.1,538.9,,,0,0,0,0
1107040496526200,1791132702.202942,12202,idle,5164.1,151.1,411.4,,,0,0,0,0
1107040639046600,1791132702.345464,12345,idle,2252.8,264.3,631.5,,,0,0,0,0
1107040781171000,1791132702.487579,12487,idle,1562.8,346.7,557.9,,,0,0,0,0
1107040923743500,1791132702.630160,12630,idle,13523.3,213.9,557.1,,,0,0,0,0
1107041067011400,1791132702.773431,12773,idle,1838.2,289.9,646.6,,,0,0,0,0
1107041206008500,1791132702.912429,12912,idle,1686.6,425.1,631.7,,,0,0,0,0
1107041347920700,1791132703.054338,13054,idle,3212.4,272.9,1008.9,,,0,0,0,0
1107041490085100,1791132703.196507,13196,idle,1363.9,262.9,547.5,,,0,0,0,0
1107041647629900,1791132703.354053,13354,idle,1546.2,218.4,424.0,,,0,0,0,0
1107041785881400,1791132703.492303,13492,idle,2361.3,249.1,818.5,,,0,0,0,0
1107041926190000,1791132703.632614,13632,idle,1358.7,183.2,474.6,,,0,0,0,0
1107042065984000,1791132703.772409,13772,idle,1446.2,302.0,623.5,,,0,0,0,0
1107042208040800,1791132703.914462,13914,idle,2946.3,278.3,630.2,,,0,0,0,0
1107042352310200,1791132704.058738,14058,idle,12660.0,224.2,421.2,,,0,0,0,0
1107042494718300,1791132704.201145,14201,idle,2005.4,193.2,472.7,,,0,0,0,0
1107042653506400,1791132704.359935,14359,idle,1268.6,168.1,287.0,,,0,0,0,0
1107042794847500,1791132704.501277,14501,idle,7349.7,189.5,357.4,,,0,0,0,0
1107042936170400,1791132704.642599,14642,idle,1508.8,296.2,619.7,,,0,0,0,0
1107043079004400,1791132704.785433,14785,idle,1483.9,413.1,606.2,,,0,0,0,0
1107043221430100,1791132704.927860,14927,idle,12682.3,286.0,639.9,,,0,0,0,0
1107043375358400,1791132705.081767,81,idle,1822.2,255.0,660.5,,,0,0,0,0
1107043521621800,1791132705.228050,228,idle,4094.7,332.4,1245.2,,,0,0,0,0
1107043666412600,1791132705.372833,372,idle,11066.0,246.5,560.3,,,0,0,0,0
1107043805463400,1791132705.511897,511,idle,1569.4,213.7,552.2,,,0,0,0,0
1107043955219000,1791132705.661650,661,idle,3269.9,196.2,426.6,,,0,0,0,0
1107044098825900,1791132705.805259,805,idle,50584.6,396.5,798.7,,,0,0,0,0
1107044277167200,1791132705.983603,983,idle,2307.1,293.3,896.6,,,0,0,0,0
1107044416651600,1791132706.123084,1123,idle,1346.5,165.7,411.7,,,0,0,0,0
1107044557711500,1791132706.264148,1264,idle,3383.6,413.4,957.1,,,0,0,0,0
1107044698190900,1791132706.404631,1404,idle,1860.9,689.7,925.2,,,0,0,0,0
1107044840320200,1791132706.546752,1546,idle,1413.6,251.6,448.8,,,0,0,0,0
1107044980597800,1791132706.687038,1687,idle,1401.3,220.6,463.1,,,0,0,0,0
1107045123710600,1791132706.830153,1830,idle,15479.7,144.2,329.3,,,0,0,0,0
1107045266086500,1791132706.972526,1972,idle,4423.9,271.4,1153.8,,,0,0,0,0
1107045422245600,1791132707.128690,2128,idle,4173.4,185.9,384.0,,,0,0,0,0
1107045564632400,1791132707.271068,2271,idle,1481.3,240.7,503.0,,,0,0,0,0
1107045706143600,1791132707.412587,2412,idle,2765.5,225.0,885.1,,,0,0,0,0
1107045845727000,1791132707.552173,2552,idle,8601.0,165.1,335.5,,,0,0,0,0
1107045987008800,1791132707.693445,2693,idle,2036.1,291.9,652.0,,,0,0,0,0
1107046172207800,1791132707.878657,2878,idle,8516.0,296.8,436.8,,,0,0,0,0
1107046314686800,1791132708.021130,3021,idle,2112.3,219.5,439.8,,,0,0,0,0
1107046455838700,1791132708.162288,3162,idle,1896.3,193.6,454.4,,,0,0,0,0
1107046596727000,1791132708.303175,3303,idle,1756.7,187.6,445.0,,,0,0,0,0
1107046739449800,1791132708.445900,3445,idle,3949.1,201.7,593.1,,,0,0,0,0
1107046881851500,1791132708.588283,3588,idle,2482.3,449.2,800.2,,,0,0,0,0
1107047022683700,1791132708.729135,3729,idle,1845.5,194.2,524.2,,,0,0,0,0
1107047162235400,1791132708.868688,3868,idle,8430.4,225.4,468.3,,,0,0,0,0
1107047303065600,1791132709.009502,4009,idle,2002.0,190.4,687.0,,,0,0,0,0
1107047444569200,1791132709.151025,4151,idle,1167.7,204.1,366.5,,,0,0,0,0
1107047587386600,1791132709.293840,4293,idle,5857.3,311.9,1271.5,,,0,0,0,0
1107047729679900,1791132709.436137,4436,idle,1163.9,136.3,389.8,,,0,0,0,0
1107047870485100,1791132709.576941,4576,idle,1951.7,242.6,517.1,,,0,0,0,0
1107048013033200,1791132709.719446,4719,idle,4087.1,306.8,1128.7,,,0,0,0,0
1107048154645200,1791132709.861105,4861,idle,10571.0,225.1,671.8,,,0,0,0,0
1107048294227500,1791132710.000686,5000,idle,1679.0,215.1,464.7,,,0,0,0,0
1107048452130100,1791132710.158583,5158,idle,1454.4,241.3,592.0,,,0,0,0,0
1107048593544400,1791132710.300003,5300,idle,13354.8,266.6,688.0,,,0,0,0,0
1107048746980600,1791132710.453443,5453,idle,1978.8,470.5,685.5,,,0,0,0,0
1107048888902400,1791132710.595363,5595,idle,3160.6,391.7,778.0,,,0,0,0,0
1107049047008400,1791132710.753458,5753,idle,2880.6,358.1,674.4,,,0,0,0,0
1107049202614100,1791132710.909080,5909,idle,1194.6,255.4,432.6,,,0,0,0,0
1107049344885500,1791132711.051348,6051,idle,17970.8,299.2,964.6,,,0,0,0,0
1107049489134600,1791132711.195601,6195,idle,1442.7,238.0,545.2,,,0,0,0,0
1107049644771600,1791132711.351234,6351,idle,2881.8,449.4,849.8,,,0,0,0,0
1107049785257600,1791132711.491726,6491,idle,10808.2,251.5,463.5,,,0,0,0,0
1107049927541200,1791132711.634011,6634,idle,1468.5,303.7,499.1,,,0,0,0,0
1107050068512000,1791132711.774983,6774,idle,5053.6,207.0,377.3,,,0,0,0,0
1107050210111500,1791132711.916573,6916,idle,2029.4,275.7,811.3,,,0,0,0,0
1107050350442600,1791132712.056914,7056,idle,1123.0,254.0,438.0,,,0,0,0,0
1107050490792900,1791132712.197264,7197,idle,1489.3,275.3,524.3,,,0,0,0,0
1107050675741300,1791132712.382215,7382,idle,1077.1,257.3,455.2,,,0,0,0,0
1107050820362900,1791132712.526837,7526,idle,1042.1,217.4,415.4,,,0,0,0,0
1107050959895600,1791132712.666369,7666,idle,2395.6,696.7,956.1,,,0,0,0,0
1107051101363600,1791132712.807840,7807,idle,3954.8,211.3,405.1,,,0,0,0,0
1107051244835900,1791132712.951311,7951,idle,3050.1,193.0,403.4,,,0,0,0,0
1107051388316600,1791132713.094794,8094,idle,1336.6,325.0,551.4,,,0,0,0,0
1107051545429400,1791132713.251908,8251,idle,8939.8,190.2,445.5,,,0,0,0,0
1107051686013400,1791132713.392483,8392,idle,1650.7,348.5,624.1,,,0,0,0,0
1107051827934200,1791132713.534411,8534,idle,3891.3,351.3,711.3,,,0,0,0,0
1107051968606000,1791132713.675081,8675,idle,12151.3,299.1,1046.7,,,0,0,0,0
1107052109381300,1791132713.815863,8815,idle,1338.4,219.5,444.4,,,0,0,0,0
1107052266136600,1791132713.972619,8972,idle,1511.1,200.7,617.7,,,0,0,0,0
1107052408006600,1791132714.114488,9114,idle,8943.5,223.2,736.2,,,0,0,0,0
1107052549435600,1791132714.255919,9255,idle,1249.1,257.2,589.8,,,0,0,0,0
1107052706402200,1791132714.412885,9412,idle,2815.0,359.3,665.7,,,0,0,0,0
1107052849794600,1791132714.556267,9556,idle,9343.6,267.8,858.3,,,0,0,0,0
1107053007520000,1791132714.714006,9714,idle,1573.2,268.1,467.6,,,0,0,0,0
1107053151893900,1791132714.858382,9858,idle,1584.9,486.3,746.6,,,0,0,0,0
1107053302353200,1791132715.008842,10008,idle,1849.7,179.5,363.0,,,0,0,0,0
1107053443294500,1791132715.149778,10149,idle,3567.9,261.3,661.5,,,0,0,0,0
1107053585329300,1791132715.291802,10291,idle,1155.6,203.6,437.7,,,0,0,0,0
1107053727981400,1791132715.434471,10434,idle,6812.1,302.7,605.5,,,0,0,0,0
1107053872838200,1791132715.579329,10579,idle,1802.9,398.3,683.3,,,0,0,0,0
1107054010031300,1791132715.716509,10716,idle,1401.1,399.6,684.4,,,0,0,0,0
1107054151308900,1791132715.857801,10857,idle,1276.6,224.4,478.8,,,0,0,0,0
1107054291819100,1791132715.998290,10998,idle,1476.9,230.1,473.4,,,0,0,0,0
1107054432784000,1791132716.139278,11139,idle,1258.6,249.6,443.4,,,0,0,0,0
1107054575776200,1791132716.282270,11282,idle,2236.2,483.5,830.4,,,0,0,0,0
1107054714412700,1791132716.420906,11420,idle,8693.2,151.1,532.4,,,0,0,0,0
1107054854423400,1791132716.560920,11560,idle,3763.4,249.4,425.4,,,0,0,0,0
1107055011304100,1791132716.717798,11717,idle,2455.0,265.5,647.9,,,0,0,0,0
1107055174813000,1791132716.881312,11881,idle,1193.0,259.2,445.8,,,0,0,0,0
1107055324346500,1791132717.030844,12030,idle,1375.6,196.9,441.4,,,0,0,0,0
1107055467128000,1791132717.173629,12173,idle,1779.4,326.4,500.6,,,0,0,0,0
1107055611582200,1791132717.318082,12318,idle,11773.5,167.4,443.2,,,0,0,0,0
1107055752184400,1791132717.458683,12458,idle,5024.9,221.8,445.6,,,0,0,0,0
1107055893712800,1791132717.600213,12600,idle,2628.3,198.4,932.9,,,0,0,0,0
1107056035797700,1791132717.742299,12742,idle,2116.8,279.4,819.8,,,0,0,0,0
1107056176899600,1791132717.883403,12883,idle,1944.6,801.4,1120.5,,,0,0,0,0
1107056318418100,1791132718.024922,13024,idle,1216.3,178.6,381.4,,,0,0,0,0
1107056459256100,1791132718.165760,13165,idle,11241.7,233.0,557.7,,,0,0,0,0
1107056603969100,1791132718.310476,13310,idle,1639.8,439.0,638.1,,,0,0,0,0
1107056744721200,1791132718.451225,13451,idle,1278.8,180.1,547.6,,,0,0,0,0
1107056886064000,1791132718.592572,13592,idle,1122.9,369.9,599.2,,,0,0,0,0
1107057028153500,1791132718.734662,13734,idle,1522.7,230.7,516.6,,,0,0,0,0
1107057169126300,1791132718.875633,13875,idle,3873.6,285.0,463.9,,,0,0,0,0
1107057309591500,1791132719.016098,14016,idle,3045.5,848.7,1360.2,,,0,0,0,0
1107057452060600,1791132719.158572,14158,idle,3826.9,314.7,567.9,,,0,0,0,0
1107057594378600,1791132719.300891,14300,idle,1751.0,196.3,555.2,,,0,0,0,0
1107057735651500,1791132719.442165,14442,idle,1313.7,227.5,500.0,,,0,0,0,0
1107057876164800,1791132719.582671,14582,idle,20704.1,301.7,1179.2,,,0,0,0,0
1107058019044500,1791132719.725559,14725,idle,1307.1,246.8,679.3,,,0,0,0,0
1107058173886400,1791132719.880402,14880,idle,1210.0,122.4,310.4,,,0,0,0,0
1107058316602100,1791132720.023117,23,idle,19132.0,238.5,494.4,,,0,0,0,0
1107058463397800,1791132720.169912,169,idle,3401.0,274.1,442.7,,,0,0,0,0
1107058605402800,1791132720.311921,311,idle,1223.3,164.3,350.6,,,0,0,0,0
1107058753010300,1791132720.459529,459,idle,7574.6,412.8,581.8,,,0,0,0,0
1107058897156000,1791132720.603675,603,idle,2659.5,204.3,1844.5,,,0,0,0,0
1107059041995200,1791132720.748515,748,idle,2004.6,389.3,601.9,,,0,0,0,0
1107059185490200,1791132720.892011,892,idle,1458.7,304.5,528.7,,,0,0,0,0
1107059329081700,1791132721.035604,1035,idle,1250.6,323.7,543.0,,,0,0,0,0
1107059471646900,1791132721.178168,1178,idle,1634.8,250.3,484.1,,,0,0,0,0
1107059613393200,1791132721.319913,1319,idle,60958.5,268.1,678.5,,,0,0,0,0
1107059803594400,1791132721.510119,1510,idle,1397.7,142.1,324.5,,,0,0,0,0
1107059943975100,1791132721.650497,1650,idle,2807.0,367.7,924.7,,,0,0,0,0
1107060085338600,1791132721.791864,1791,idle,1689.3,283.3,487.9,,,0,0,0,0
1107060226911900,1791132721.933438,1933,idle,2325.0,346.9,729.5,,,0,0,0,0
1107060366306900,1791132722.072833,2072,idle,1211.3,328.4,534.8,,,0,0,0,0
1107060507936200,1791132722.214461,2214,idle,8011.8,314.6,654.7,,,0,0,0,0
1107060647811700,1791132722.354341,2354,idle,1030.2,184.8,358.1,,,0,0,0,0
1107060791817500,1791132722.498346,2498,idle,2208.7,499.6,791.0,,,0,0,0,0
1107060932349400,1791132722.638880,2638,idle,8758.4,267.3,407.2,,,0,0,0,0
1107061075173100,1791132722.781703,2781,idle,2211.0,230.6,524.1,,,0,0,0,0
1107061216776600,1791132722.923309,2923,idle,1556.5,345.8,637.1,,,0,0,0,0
1107061357046500,1791132723.063551,3063,idle,2962.8,285.2,736.4,,,0,0,0,0
1107061498148400,1791132723.204680,3204,idle,11839.9,241.0,553.6,,,0,0,0,0
1107061635876500,1791132723.342411,3342,idle,1631.9,188.6,376.3,,,0,0,0,0
1107061780365000,1791132723.486901,3486,idle,1805.2,312.8,545.8,,,0,0,0,0
1107061923787600,1791132723.630323,3630,idle,8469.1,215.7,452.9,,,0,0,0,0
1107062066085600,1791132723.772623,3772,idle,3635.3,319.8,538.9,,,0,0,0,0
1107062206685000,1791132723.913222,3913,idle,1385.0,241.7,513.2,,,0,0,0,0
1107062347159600,1791132724.053699,4053,idle,1090.0,260.8,416.0,,,0,0,0,0
1107062488579600,1791132724.195118,4195,idle,1280.2,210.0,424.3,,,0,0,0,0
1107062669138900,1791132724.375680,4375,idle,1596.4,270.5,490.8,,,0,0,0,0
1107062820124500,1791132724.526664,4526,idle,3089.1,227.5,542.6,,,0,0,0,0
1107062960445600,1791132724.666986,4666,idle,1431.9,305.3,563.9,,,0,0,0,0
1107063103705800,1791132724.810246,4810,idle,1722.5,213.0,513.7,,,0,0,0,0
1107063244679500,1791132724.951177,4951,idle,20470.1,287.7,1005.9,,,0,0,0,0
1107063394903500,1791132725.101447,5101,idle,1508.1,425.5,686.6,,,0,0,0,0
1107063544076900,1791132725.250618,5250,idle,1808.2,326.4,573.4,,,0,0,0,0
1107063684638200,1791132725.391185,5391,idle,5345.6,183.8,412.4,,,0,0,0,0
1107063826444800,1791132725.532991,5532,idle,1880.1,249.3,661.4,,,0,0,0,0
1107063969249100,1791132725.675706,5675,idle,3437.1,294.1,978.2,,,0,0,0,0
1107064109839900,1791132725.816384,5816,idle,62931.3,374.8,814.7,,,0,0,0,0
1107064301171600,1791132726.007722,6007,idle,1247.0,234.2,494.1,,,0,0,0,0
1107064442747400,1791132726.149294,6149,idle,11709.0,542.3,934.7,,,0,0,0,0
1107064584791300,1791132726.291343,6291,idle,1392.2,212.4,515.1,,,0,0,0,0
1107064727186100,1791132726.433738,6433,idle,1788.9,261.5,566.4,,,0,0,0,0
1107064868263000,1791132726.574804,6574,idle,1612.0,232.3,503.0,,,0,0,0,0
1107065010073700,1791132726.716627,6716,idle,1600.7,245.4,479.5,,,0,0,0,0
1107065147903200,1791132726.854458,6854,idle,1411.9,494.4,696.4,,,0,0,0,0
1107065291363700,1791132726.997908,6997,idle,3193.1,232.6,693.6,,,0,0,0,0
1107065432407000,1791132727.138962,7138,idle,8756.5,294.8,547.0,,,0,0,0,0
1107065572232600,1791132727.278787,7278,idle,1215.1,192.9,377.1,,,0,0,0,0
1107065711890200,1791132727.418448,7418,idle,4006.3,392.1,617.5,,,0,0,0,0
1107065853722000,1791132727.560273,7560,idle,2850.0,473.9,873.7,,,0,0,0,0
1107066011236800,1791132727.717795,7717,idle,1442.2,295.0,488.5,,,0,0,0,0
1107066152452200,1791132727.859013,7859,idle,1055.3,165.2,318.8,,,0,0,0,0
1107066293466200,1791132728.000015,8000,idle,1318.5,337.9,539.5,,,0,0,0,0
1107066435120300,1791132728.141669,8141,idle,1495.9,381.5,575.1,,,0,0,0,0
1107066576792200,1791132728.283354,8283,idle,1602.1,231.9,458.8,,,0,0,0,0
1107066718568500,1791132728.425131,8425,idle,1203.9,189.5,457.6,,,0,0,0,0
1107066860953000,1791132728.567515,8567,idle,9457.4,353.1,863.8,,,0,0,0,0
1107067017666300,1791132728.724230,8724,idle,1588.1,231.2,517.1,,,0,0,0,0
1107067172248700,1791132728.878815,8878,idle,8194.9,301.1,426.2,,,0,0,0,0
1107067317808800,1791132729.024374,9024,idle,1471.1,204.4,464.7,,,0,0,0,0
1107067460313400,1791132729.166879,9166,idle,1381.7,226.1,445.5,,,0,0,0,0
1107067602269900,1791132729.308815,9308,idle,4471.0,214.6,1013.5,,,0,0,0,0
1107067744995700,1791132729.451564,9451,idle,1587.4,316.5,659.7,,,0,0,0,0
1107067885282100,1791132729.591850,9591,idle,1668.1,292.5,580.9,,,0,0,0,0
1107068029359700,1791132729.735926,9735,idle,4150.0,257.2,750.3,,,0,0,0,0
1107068171453800,1791132729.878024,9878,idle,1632.4,231.4,564.0,,,0,0,0,0
1107068313940500,1791132730.020511,10020,idle,1617.9,467.9,696.2,,,0,0,0,0
1107068455827300,1791132730.162399,10162,idle,1962.4,415.9,747.2,,,0,0,0,0
1107068598310000,1791132730.304882,10304,idle,5300.0,158.1,388.1,,,0,0,0,0
1107068739343800,1791132730.445916,10445,idle,1546.3,270.8,485.1,,,0,0,0,0
1107068879971500,1791132730.586546,10586,idle,1416.4,441.1,649.3,,,0,0,0,0
1107069022686300,1791132730.729257,10729,idle,4233.3,277.2,1032.0,,,0,0,0,0
1107069164546600,1791132730.871123,10871,idle,4314.6,194.4,434.1,,,0,0,0,0
1107069322435000,1791132731.029013,11029,idle,3828.5,162.6,336.8,,,0,0,0,0
1107069463443800,1791132731.170017,11170,idle,1607.7,285.6,470.6,,,0,0,0,0
1107069604959000,1791132731.311537,11311,idle,1140.3,195.6,373.0,,,0,0,0,0
1107069747250300,1791132731.453829,11453,idle,2735.2,704.2,1018.6,,,0,0,0,0
1107069887204500,1791132731.593785,11593,idle,1632.7,255.7,435.3,,,0,0,0,0
1107070031648400,1791132731.738229,11738,idle,1582.7,232.8,571.8,,,0,0,0,0
1107070174713700,1791132731.881297,11881,idle,1258.4,231.7,494.3,,,0,0,0,0
1107070312632200,1791132732.019212,12019,idle,2430.3,324.7,616.5,,,0,0,0,0
1107070454105300,1791132732.160685,12160,idle,24777.3,253.6,933.5,,,0,0,0,0
1107070612141900,1791132732.318726,12318,idle,11131.8,230.0,421.3,,,0,0,0,0
1107070754591000,1791132732.461173,12461,idle,4073.8,274.5,664.6,,,0,0,0,0
1107070896651100,1791132732.603236,12603,idle,9259.1,266.2,555.4,,,0,0,0,0
1107071038860000,1791132732.745445,12745,idle,1698.6,419.0,711.8,,,0,0,0,0
1107071181654800,1791132732.888243,12888,idle,1326.0,221.4,480.1,,,0,0,0,0
1107071323167500,1791132733.029757,13029,idle,1494.6,193.2,400.7,,,0,0,0,0
1107071465937400,1791132733.172525,13172,idle,1928.5,288.5,736.7,,,0,0,0,0
1107071610499700,1791132733.317079,13317,idle,61388.9,174.3,436.7,,,0,0,0,0
1107071780987500,1791132733.487579,13487,idle,7896.0,504.5,697.5,,,0,0,0,0
1107071921659300,1791132733.628250,13628,idle,2349.9,176.4,420.7,,,0,0,0,0
1107072063375800,1791132733.769966,13769,idle,2917.5,664.8,925.9,,,0,0,0,0
1107072204324900,1791132733.910916,13910,idle,11750.3,213.8,744.3,,,0,0,0,0
1107072360277900,1791132734.066872,14066,idle,1619.5,221.9,678.4,,,0,0,0,0
1107072503810600,1791132734.210403,14210,idle,2821.2,403.3,809.7,,,0,0,0,0
1107072649930500,1791132734.356528,14356,idle,1316.0,375.6,706.2,,,0,0,0,0
1107072800321000,1791132734.506916,14506,idle,1165.5,264.9,492.8,,,0,0,0,0
1107072941420200,1791132734.648017,14648,idle,3845.0,236.7,561.4,,,0,0,0,0
1107073081975400,1791132734.788573,14788,idle,13787.0,285.7,658.9,,,0,0,0,0
1107073223368900,1791132734.929967,14929,idle,1308.3,200.5,532.5,,,0,0,0,0
1107073369214400,1791132735.075812,75,idle,1335.6,207.5,428.8,,,0,0,0,0
1107073516031800,1791132735.222628,222,idle,23126.7,339.2,944.6,,,0,0,0,0
1107073992702300,1791132735.699306,699,idle,7038.7,190.2,420.7,,,0,0,0,0
1107074147982200,1791132735.854588,854,idle,1307.2,255.4,364.8,,,0,0,0,0
1107074289062900,1791132735.995669,995,idle,3168.4,327.8,512.7,,,0,0,0,0
1107074433522000,1791132736.140129,1140,idle,2952.2,284.0,1066.1,,,0,0,0,0
1107074574324900,1791132736.280927,1280,idle,1182.1,267.5,424.2,,,0,0,0,0
1107074730968000,1791132736.437577,1437,idle,1209.4,256.7,428.2,,,0,0,0,0
1107074874168900,1791132736.580776,1580,idle,1621.4,198.3,583.6,,,0,0,0,0
1107075014567800,1791132736.721178,1721,idle,1068.9,222.7,436.8,,,0,0,0,0
1107075155523500,1791132736.862131,1862,idle,6935.9,293.4,668.6,,,0,0,0,0
1107075295867200,1791132737.002479,2002,idle,1355.7,300.7,496.3,,,0,0,0,0
1107075436593800,1791132737.143201,2143,idle,4822.2,231.0,455.4,,,0,0,0,0
1107075575695100,1791132737.282308,2282,idle,1493.5,343.8,557.5,,,0,0,0,0
1107075716742600,1791132737.423356,2423,idle,6212.4,200.1,390.8,,,0,0,0,0
1107075858076800,1791132737.564692,2564,idle,2742.1,172.1,756.9,,,0,0,0,0
1107075999913900,1791132737.706527,2706,idle,1281.9,315.9,496.1,,,0,0,0,0
1107076182620800,1791132737.889237,2889,tx,190505.7,,,,,1,0,0,1
1107076585879200,1791132738.292498,3292,tx,6771.6,163.7,329.1,,,1,0,0,1
1107076723534500,1791132738.430152,3430,tx,1318.3,246.8,456.6,,,1,0,0,1
1107076864698800,1791132738.571316,3571,tx,4537.2,399.1,941.1,,,1,0,0,1
1107077008845200,1791132738.715442,3715,tx,3243.5,313.3,753.0,,,1,0,0,1
1107077148450500,1791132738.855069,3855,tx,5460.5,210.1,485.0,,,1,0,0,1
1107077290800100,1791132738.997411,3997,tx,2484.1,194.1,497.6,,,1,0,0,1
1107077431556000,1791132739.138178,4138,tx,1723.8,270.9,531.0,,,1,0,0,1
1107077571443000,1791132739.278058,4278,tx,14283.7,210.0,424.5,,,1,0,0,1
1107077710461100,1791132739.417085,4417,tx,1196.7,157.1,385.3,,,1,0,0,1
1107077854453500,1791132739.561074,4561,tx,2801.5,272.4,586.5,,,1,0,0,1
1107078010032300,1791132739.716657,4716,tx,10194.4,254.3,568.5,,,1,0,0,1
1107078163415100,1791132739.870043,4870,tx,7880.5,235.4,477.8,,,1,0,0,1
1107078306362700,1791132740.012991,5012,tx,1303.4,202.1,376.4,,,1,0,0,1
1107078446553100,1791132740.153173,5153,tx,8577.2,227.4,426.7,,,1,0,0,1
1107078589191700,1791132740.295822,5295,tx,1832.5,163.3,739.6,,,1,0,0,1
1107078728454400,1791132740.435084,5435,tx,1572.8,224.2,454.4,,,1,0,0,1
1107078868080700,1791132740.574712,5574,tx,1992.1,637.8,833.4,,,1,0,0,1
1107079008295700,1791132740.714927,5714,tx,2192.3,234.9,466.7,,,1,0,0,1
1107079162215500,1791132740.868849,5868,tx,1111.4,333.0,449.4,,,1,0,0,1
1107079308378500,1791132741.015005,6015,tx,3629.4,258.2,692.2,,,1,0,0,1
1107079448847400,1791132741.155457,6155,tx,1600.8,194.5,435.4,,,1,0,0,1
1107079589516100,1791132741.296150,6296,tx,1674.5,188.8,603.8,,,1,0,0,1
1107079729357400,1791132741.435992,6435,tx,1321.3,251.0,477.0,,,1,0,0,1
1107079874787900,1791132741.581423,6581,tx,7582.7,457.7,841.8,,,1,0,0,1
1107080012379800,1791132741.719018,6719,tx,1707.1,208.9,432.7,,,1,0,0,1
1107080154579400,1791132741.861217,6861,tx,1403.3,241.1,431.5,,,1,0,0,1
1107080296598200,1791132742.003232,7003,tx,29515.0,316.3,715.6,,,1,0,0,1
1107080438714900,1791132742.145355,7145,tx,1330.1,202.0,390.0,,,1,0,0,1
1107080581244400,1791132742.287884,7287,tx,2265.6,221.0,802.3,,,1,0,0,1
1107080722039800,1791132742.428680,7428,tx,5788.0,195.4,627.5,,,1,0,0,1
1107080862655000,1791132742.569294,7569,tx,1664.0,222.0,472.7,,,1,0,0,1
1107081005189100,1791132742.711832,7711,tx,1225.8,215.3,417.2,,,1,0,0,1
1107081162369900,1791132742.869014,7869,tx,1122.4,168.9,314.5,,,1,0,0,1
1107081302824300,1791132743.009469,8009,tx,1374.6,244.1,454.0,,,1,0,0,1
1107081443744500,1791132743.150371,8150,tx,1638.5,245.0,488.3,,,1,0,0,1
1107081583870700,1791132743.290517,8290,tx,1460.7,451.8,759.9,,,1,0,0,1
1107081723704900,1791132743.430350,8430,tx,16832.4,315.2,622.5,,,1,0,0,1
1107081865849700,1791132743.572477,8572,tx,1552.1,517.1,831.4,,,1,0,0,1
1107082006308200,1791132743.712956,8712,tx,1519.4,236.2,575.9,,,1,0,0,1
1107082170385500,1791132743.877036,8877,tx,1491.0,144.1,401.5,,,1,0,0,1
1107082324270800,1791132744.030921,9030,tx,1162.4,197.3,383.9,,,1,0,0,1
1107082465098000,1791132744.171748,9171,tx,1826.8,310.6,579.7,,,1,0,0,1
1107082605944400,1791132744.312594,9312,tx,52790.9,421.0,724.7,,,1,0,0,1
1107082772069700,1791132744.478722,9478,tx,1642.9,247.4,590.7,,,1,0,0,1
1107082918696300,1791132744.625341,9625,tx,1267.2,198.3,419.8,,,1,0,0,1
1107083058077000,1791132744.764731,9764,tx,1697.6,283.9,501.7,,,1,0,0,1
1107083201270200,1791132744.907925,9907,tx,1325.3,253.1,458.9,,,1,0,0,1
1107083342640500,1791132745.049295,10049,tx,1003.6,192.3,408.3,,,1,0,0,1
1107083485397000,1791132745.192040,10192,tx,1662.5,227.0,623.4,,,1,0,0,1
1107083661517200,1791132745.368176,10368,tx,1262.1,271.7,499.9,,,1,0,0,1
1107083813101400,1791132745.519756,10519,tx,5487.0,289.0,481.7,,,1,0,0,1
1107083953520500,1791132745.660179,10660,tx,1802.5,156.2,395.9,,,1,0,0,1
1107084097166700,1791132745.803826,10803,tx,1846.6,200.9,593.8,,,1,0,0,1
1107084237740600,1791132745.944402,10944,tx,16597.3,244.3,533.5,,,1,0,0,1
1107084381109900,1791132746.087771,11087,tx,4284.9,298.1,486.8,,,1,0,0,1
1107084524013600,1791132746.230675,11230,tx,1577.2,413.1,608.7,,,1,0,0,1
1107084665738400,1791132746.372402,11372,tx,1758.6,626.0,837.0,,,1,0,0,1
1107084807417000,1791132746.514082,11514,tx,1296.0,321.7,491.6,,,1,0,0,1
1107084949500600,1791132746.656154,11656,tx,1630.3,228.1,431.5,,,1,0,0,1
1107085088403200,1791132746.795062,11795,tx,1516.8,176.1,701.1,,,1,0,0,1
1107085227483100,1791132746.934149,11934,tx,8715.9,203.9,403.4,,,1,0,0,1
1107085366134600,1791132747.072802,12072,tx,1244.4,196.4,410.4,,,1,0,0,1
1107085509459300,1791132747.216125,12216,tx,1546.8,203.6,482.6,,,1,0,0,1
1107085673655800,1791132747.380309,12380,tx,6907.6,395.6,861.0,,,1,0,0,1
1107085822929900,1791132747.529594,12529,tx,1531.7,460.2,678.8,,,1,0,0,1
1107085963314500,1791132747.669984,12669,tx,2081.5,166.8,627.6,,,1,0,0,1
1107086105257700,1791132747.811930,12811,tx,5127.7,230.8,441.8,,,1,0,0,1
1107086249369700,1791132747.956035,12956,tx,1408.4,168.1,359.7,,,1,0,0,1
1107086391042900,1791132748.097717,13097,tx,1477.2,386.0,582.3,,,1,0,0,1
1107086533074100,1791132748.239744,13239,tx,25489.8,260.3,684.6,,,1,0,0,1
1107086688428700,1791132748.395103,13395,tx,1613.6,217.8,411.5,,,1,0,0,1
1107086827422200,1791132748.534096,13534,tx,1435.4,270.9,498.4,,,1,0,0,1
1107086969508800,1791132748.676186,13676,tx,8888.3,229.0,481.3,,,1,0,0,1
1107087110868100,1791132748.817545,13817,tx,48596.2,171.2,323.1,,,1,0,0,1
1107087269804700,1791132748.976480,13976,tx,4036.4,246.0,1243.7,,,1,0,0,1
1107087422426000,1791132749.129099,14129,tx,1611.0,205.6,801.8,,,1,0,0,1
1107087563976600,1791132749.270657,14270,tx,1366.9,362.4,587.3,,,1,0,0,1
1107087703803800,1791132749.410475,14410,tx,2424.9,390.2,860.2,,,1,0,0,1
1107087844056800,1791132749.550734,14550,tx,7119.5,213.6,828.9,,,1,0,0,1
1107087982992800,1791132749.689650,14689,tx,4406.4,495.9,681.8,,,1,0,0,1
1107088164898600,1791132749.871583,14871,tx,1347.1,169.5,351.3,,,1,0,0,1
1107088312274700,1791132750.018958,18,tx,1334.7,199.6,424.2,,,1,0,0,1
1107088457881900,1791132750.164565,164,tx,3319.0,457.6,748.6,,,1,0,0,1
1107088599295800,1791132750.305979,305,tx,2806.2,248.6,751.7,,,1,0,0,1
1107088742607000,1791132750.449293,449,tx,1684.9,284.7,495.5,,,1,0,0,1
1107088889004200,1791132750.595692,595,tx,1628.5,645.9,850.8,,,1,0,0,1
1107089033430700,1791132750.740118,740,tx,1237.1,248.3,410.8,,,1,0,0,1
1107089178701800,1791132750.885390,885,tx,1268.4,221.1,438.8,,,1,0,0,1
1107089323840000,1791132751.030528,1030,tx,1756.6,474.4,809.7,,,1,0,0,1
1107089465759400,1791132751.172450,1172,tx,1042.7,162.9,299.9,,,1,0,0,1
1107089602762200,1791132751.309452,1309,tx,12258.6,293.9,881.4,,,1,0,0,1
1107089749326900,1791132751.456017,1456,tx,1304.1,212.5,458.7,,,1,0,0,1
1107089891385300,1791132751.598079,1598,tx,2421.0,170.8,337.6,,,1,0,0,1
1107090031785100,1791132751.738473,1738,tx,8287.4,163.2,412.8,,,1,0,0,1
1107090174268000,1791132751.880963,1880,tx,1564.4,179.1,320.9,,,1,0,0,1
1107090315174800,1791132752.021870,2021,tx,1906.9,262.4,494.3,,,1,0,0,1
1107090456743400,1791132752.163440,2163,tx,1006.4,166.0,353.5,,,1,0,0,1
1107090598668700,1791132752.305362,2305,tx,9134.3,281.3,1366.6,,,1,0,0,1
1107090741696500,1791132752.448394,2448,tx,2018.8,661.3,880.9,,,1,0,0,1
1107090885649700,1791132752.592348,2592,tx,1240.2,320.3,541.8,,,1,0,0,1
1107091028709300,1791132752.735408,2735,tx,1761.4,220.4,421.8,,,1,0,0,1
1107091184021100,1791132752.890722,2890,tx,1342.2,459.3,571.5,,,1,0,0,1
1107091325527200,1791132753.032229,3032,tx,1717.7,269.5,551.3,,,1,0,0,1
1107091466779100,1791132753.173475,3173,tx,22934.0,421.3,851.9,,,1,0,0,1
1107091609343200,1791132753.316046,3316,tx,5339.6,312.4,562.9,,,1,0,0,1
1107091749215700,1791132753.455919,3455,tx,1487.7,206.9,477.7,,,1,0,0,1
1107091891090100,1791132753.597794,3597,tx,9364.7,272.4,489.0,,,1,0,0,1
1107092033914700,1791132753.740618,3740,tx,1791.1,273.7,819.9,,,1,0,0,1
1107092177156400,1791132753.883862,3883,tx,1249.6,315.5,496.2,,,1,0,0,1
1107092318836400,1791132754.025540,4025,tx,2942.7,371.6,789.9,,,1,0,0,1
1107092475892600,1791132754.182598,4182,tx,4568.9,240.7,1018.7,,,1,0,0,1
1107092615622500,1791132754.322330,4322,tx,1055.1,182.0,384.3,,,1,0,0,1
1107092755407100,1791132754.462111,4462,tx,1665.3,267.3,709.0,,,1,0,0,1
1107092897069900,1791132754.603780,4603,tx,1801.8,222.8,486.1,,,1,0,0,1
1107093039448500,1791132754.746158,4746,tx,1419.1,157.3,363.0,,,1,0,0,1
1107093179482100,1791132754.886194,4886,tx,1363.7,170.5,289.2,,,1,0,0,1
1107093321095400,1791132755.027808,5027,tx,14992.0,237.8,829.9,,,1,0,0,1
1107093461709400,1791132755.168421,5168,tx,2225.7,280.6,972.6,,,1,0,0,1
1107093604697100,1791132755.311411,5311,tx,1268.8,278.1,477.3,,,1,0,0,1
1107093745184700,1791132755.451899,5451,tx,1475.5,201.9,503.6,,,1,0,0,1
1107093887930400,1791132755.593522,5593,tx,1445.0,399.2,621.0,,,1,0,0,1
1107094028498700,1791132755.735206,5735,tx,1924.3,222.3,642.8,,,1,0,0,1
1107094177377100,1791132755.884094,5884,tx,1806.2,191.2,444.9,,,1,0,0,1
1107094327538500,1791132756.034256,6034,tx,1278.2,238.2,423.3,,,1,0,0,1
1107094468630800,1791132756.175349,6175,tx,1543.0,252.9,452.2,,,1,0,0,1
1107094610529300,1791132756.317245,6317,tx,3281.6,271.7,587.2,,,1,0,0,1
1107094752282800,1791132756.459003,6459,tx,1191.8,225.4,433.7,,,1,0,0,1
1107094893735300,1791132756.600455,6600,tx,1266.9,184.4,459.8,,,1,0,0,1
1107095035889500,1791132756.742611,6742,tx,1706.4,484.4,683.9,,,1,0,0,1
1107095177339800,1791132756.884058,6884,tx,21528.1,286.0,753.5,,,1,0,0,1
1107095315641900,1791132757.022364,7022,tx,2701.3,305.0,708.0,,,1,0,0,1
1107095462878000,1791132757.169585,7169,tx,1244.5,207.9,411.0,,,1,0,0,1
1107095603947500,1791132757.310673,7310,tx,1052.6,163.1,334.4,,,1,0,0,1
1107095747501400,1791132757.454227,7454,tx,1426.3,351.8,522.3,,,1,0,0,1
1107095886752600,1791132757.593479,7593,tx,1408.0,182.4,457.3,,,1,0,0,1
1107096030928300,1791132757.737628,7737,tx,2175.1,399.3,626.3,,,1,0,0,1
1107096173548400,1791132757.880277,7880,tx,1372.6,187.7,464.8,,,1,0,0,1
1107096315093100,1791132758.021820,8021,tx,1951.2,252.9,594.4,,,1,0,0,1
1107096456213100,1791132758.162943,8162,tx,1308.2,299.4,486.6,,,1,0,0,1
1107096598923800,1791132758.305654,8305,tx,10016.6,381.8,683.1,,,1,0,0,1
1107096740841600,1791132758.447573,8447,tx,1579.8,636.6,805.4,,,1,0,0,1
1107096883573800,1791132758.590305,8590,tx,1530.7,160.3,517.9,,,1,0,0,1
1107097023370400,1791132758.730099,8730,tx,2751.3,277.9,675.9,,,1,0,0,1
1107097182760600,1791132758.889495,8889,tx,1203.8,173.0,307.8,,,1,0,0,1
1107097322098400,1791132759.028831,9028,tx,2659.3,226.8,748.7,,,1,0,0,1
1107097479496700,1791132759.186232,9186,tx,8590.9,250.9,534.3,,,1,0,0,1
1107097621841800,1791132759.328578,9328,tx,2053.2,752.1,1159.9,,,1,0,0,1
1107097764335800,1791132759.471061,9471,tx,2382.4,235.8,688.7,,,1,0,0,1
1107097904090600,1791132759.610826,9610,tx,1131.0,287.5,484.9,,,1,0,0,1
1107098046768400,1791132759.753505,9753,tx,1198.0,173.4,439.6,,,1,0,0,1
1107098187500400,1791132759.894240,9894,tx,1414.6,239.1,447.8,,,1,0,0,1
1107098329600200,1791132760.036321,10036,tx,2220.8,177.0,488.4,,,1,0,0,1
1107098471533100,1791132760.178271,10178,tx,1122.0,235.6,406.5,,,1,0,0,1
1107098613611100,1791132760.320351,10320,tx,1814.3,248.6,505.7,,,1,0,0,1
1107098755979600,1791132760.462722,10462,tx,6452.9,205.6,695.2,,,1,0,0,1
1107098896122000,1791132760.602866,10602,tx,4586.3,259.2,462.2,,,1,0,0,1
1107099039007100,1791132760.745751,10745,tx,1314.3,406.4,602.2,,,1,0,0,1
1107099197274100,1791132760.904019,10904,tx,1204.8,181.8,509.4,,,1,0,0,1
1107099338631700,1791132761.045377,11045,tx,15953.2,168.2,1399.0,,,1,0,0,1
1107099481340000,1791132761.188086,11188,tx,1233.2,237.8,509.6,,,1,0,0,1
1107099622965700,1791132761.329712,11329,tx,1955.9,690.7,886.8,,,1,0,0,1
1107099764325700,1791132761.471070,11471,tx,3066.4,311.8,728.7,,,1,0,0,1
1107099904326500,1791132761.611074,11611,tx,1233.2,292.0,484.1,,,1,0,0,1
1107100045330000,1791132761.752079,11752,tx,1649.7,258.9,475.7,,,1,0,0,1
1107100190029600,1791132761.896781,11896,tx,1225.0,487.0,632.8,,,1,0,0,1
1107100330968700,1791132762.037719,12037,tx,16503.3,324.8,622.2,,,1,0,0,1
1107100470049000,1791132762.176802,12176,tx,1293.0,383.8,573.4,,,1,0,0,1
1107100609885100,1791132762.316638,12316,tx,2025.9,670.8,907.9,,,1,0,0,1
1107100749887400,1791132762.456641,12456,tx,1843.5,404.0,602.9,,,1,0,0,1
1107100891032400,1791132762.597788,12597,tx,1867.2,692.3,864.3,,,1,0,0,1
1107101031548600,1791132762.738292,12738,tx,1634.9,253.0,483.8,,,1,0,0,1
1107101171786200,1791132762.878543,12878,tx,1221.9,203.2,443.2,,,1,0,0,1
1107101311172400,1791132763.017929,13017,tx,21708.1,214.9,465.2,,,1,0,0,1
1107101453858500,1791132763.160614,13160,tx,1978.0,423.7,784.9,,,1,0,0,1
1107101594162400,1791132763.300891,13300,tx,4110.3,344.8,806.7,,,1,0,0,1
1107101735353900,1791132763.442113,13442,tx,8403.8,228.1,410.2,,,1,0,0,1
1107101876331000,1791132763.583090,13583,tx,1631.2,274.4,461.1,,,1,0,0,1
1107102017369000,1791132763.724130,13724,tx,1921.3,650.2,861.3,,,1,0,0,1
1107102180335000,1791132763.887097,13887,tx,1375.5,262.1,441.5,,,1,0,0,1
1107102331817800,1791132764.038578,14038,tx,7498.5,426.3,761.4,,,1,0,0,1
1107102474912200,1791132764.181669,14181,tx,1282.4,391.3,594.9,,,1,0,0,1
1107102617627100,1791132764.324390,14324,tx,22558.7,231.4,620.4,,,1,0,0,1
1107102758857700,1791132764.465623,14465,tx,1329.4,200.5,398.7,,,1,0,0,1
1107102899278100,1791132764.606041,14606,tx,1525.7,277.4,516.3,,,1,0,0,1
1107103040724900,1791132764.747483,14747,tx,1873.3,404.5,797.5,,,1,0,0,1
1107103183654900,1791132764.890423,14890,tx,928.4,239.9,355.6,,,1,0,0,1
1107103322115200,1791132765.028880,28,tx,2492.9,274.6,915.2,,,1,0,0,1
1107103460077200,1791132765.166846,166,tx,1546.4,239.1,504.5,,,1,0,0,1
1107103604153700,1791132765.310922,310,tx,7911.9,214.0,531.7,,,1,0,0,1
1107103747673900,1791132765.454445,454,tx,1166.3,194.9,380.7,,,1,0,0,1
1107103891726100,1791132765.598498,598,tx,1228.0,138.2,436.6,,,1,0,0,1
1107104029356000,1791132765.736125,736,tx,8041.8,222.6,690.8,,,1,0,0,1
1107104180160100,1791132765.886931,886,tx,1532.7,302.0,496.5,,,1,0,0,1
1107104325263400,1791132766.032038,1032,tx,1692.8,682.3,860.0,,,1,0,0,1
1107104467648500,1791132766.174422,1174,tx,1131.4,211.1,410.3,,,1,0,0,1
1107104609627200,1791132766.316400,1316,tx,1646.2,282.8,532.9,,,1,0,0,1
1107104765687900,1791132766.472453,1472,tx,1726.2,205.4,495.6,,,1,0,0,1
1107104908640700,1791132766.615411,1615,tx,8147.6,263.6,452.5,,,1,0,0,1
1107105050970500,1791132766.757749,1757,tx,1810.9,722.2,891.9,,,1,0,0,1
1107105194251000,1791132766.901030,1901,tx,1210.8,280.1,449.5,,,1,0,0,1
1107105337680600,1791132767.044458,2044,tx,1217.9,171.2,381.1,,,1,0,0,1
1107105479247300,1791132767.186028,2186,tx,2490.6,208.3,635.7,,,1,0,0,1
1107105620514600,1791132767.327296,2327,tx,1664.4,306.0,526.1,,,1,0,0,1
1107105762627300,1791132767.469406,2469,tx,2333.8,254.3,665.0,,,1,0,0,1
1107105904325000,1791132767.611108,2611,tx,5530.3,220.7,479.3,,,1,0,0,1
1107106044486400,1791132767.751260,2751,tx,1370.9,277.2,499.9,,,1,0,0,1
1107106190746900,1791132767.897532,2897,tx,1354.9,255.5,419.5,,,1,0,0,1
1107106327902500,1791132768.034686,3034,tx,1618.8,444.9,684.3,,,1,0,0,1
1107106468430300,1791132768.175216,3175,tx,1421.7,120.8,443.6,,,1,0,0,1
1107106610941900,1791132768.317726,3317,tx,1422.9,403.2,668.4,,,1,0,0,1
1107106753614700,1791132768.460402,3460,tx,1959.2,622.6,855.9,,,1,0,0,1
1107106896241500,1791132768.603029,3603,tx,1285.9,299.5,476.1,,,1,0,0,1
1107107038413500,1791132768.745201,3745,tx,1766.2,288.2,528.4,,,1,0,0,1
1107107179507000,1791132768.886278,3886,tx,1301.6,295.0,536.2,,,1,0,0,1
1107107321885000,1791132769.028676,4028,tx,11909.9,193.8,334.6,,,1,0,0,1
1107107464101500,1791132769.170892,4170,tx,1651.3,164.4,771.0,,,1,0,0,1
1107107606276100,1791132769.313066,4313,tx,1846.7,266.1,548.3,,,1,0,0,1
1107107747572600,1791132769.454365,4454,tx,1452.6,184.8,407.7,,,1,0,0,1
1107107888688900,1791132769.595483,4595,tx,1423.5,298.8,472.9,,,1,0,0,1
1107108032367900,1791132769.739161,4739,tx,1490.5,286.1,478.3,,,1,0,0,1
1107108173814700,1791132769.880611,4880,tx,1216.0,227.3,389.7,,,1,0,0,1
1107108328611200,1791132770.035407,5035,tx,1510.0,174.4,533.2,,,1,0,0,1
1107108471066000,1791132770.177860,5177,tx,1732.8,286.7,500.8,,,1,0,0,1
1107108613266200,1791132770.319905,5319,tx,3714.7,295.8,879.9,,,1,0,0,1
1107108753725100,1791132770.460524,5460,tx,1247.3,221.2,384.2,,,1,0,0,1
1107108895420600,1791132770.602219,5602,tx,1839.2,253.6,713.4,,,1,0,0,1
1107109038821700,1791132770.745613,5745,tx,2487.9,480.2,753.1,,,1,0,0,1
1107109184290200,1791132770.891092,5891,tx,1841.5,228.9,518.9,,,1,0,0,1
1107109321858400,1791132771.028658,6028,tx,1688.1,442.3,660.3,,,1,0,0,1
1107109462818300,1791132771.169620,6169,tx,7207.8,356.7,779.6,,,1,0,0,1
1107109607073600,1791132771.313843,6313,tx,7072.8,320.1,825.6,,,1,0,0,1
1107109747172800,1791132771.453976,6453,tx,2195.2,256.5,542.0,,,1,0,0,1
1107109889200500,1791132771.596003,6596,tx,3088.8,255.3,774.8,,,1,0,0,1
1107110045968800,1791132771.752774,6752,tx,1238.5,426.3,601.3,,,1,0,0,1
1107110187148400,1791132771.893955,6893,tx,1442.8,285.2,415.8,,,1,0,0,1
1107110326028400,1791132772.032833,7032,tx,2447.3,200.2,853.7,,,1,0,0,1
1107110469100100,1791132772.175907,7175,tx,1831.5,225.2,617.1,,,1,0,0,1
1107110611934600,1791132772.318724,7318,tx,1494.3,488.1,694.4,,,1,0,0,1
1107110769578300,1791132772.476354,7476,tx,2310.9,446.7,1005.4,,,1,0,0,1
1107110910902000,1791132772.617712,7617,tx,1438.9,488.1,681.6,,,1,0,0,1
1107111052493200,1791132772.759303,7759,tx,1156.4,228.5,418.9,,,1,0,0,1
1107111203732500,1791132772.910546,7910,tx,1509.2,267.7,418.4,,,1,0,0,1
1107111352846600,1791132773.059655,8059,tx,4981.7,337.1,983.2,,,1,0,0,1
1107111495058700,1791132773.201864,8201,tx,1612.6,175.5,552.2,,,1,0,0,1
1107111635983800,1791132773.342799,8342,tx,1428.3,387.4,584.3,,,1,0,0,1
1107111793590500,1791132773.500402,8500,tx,2677.5,298.9,692.7,,,1,0,0,1
1107111935443100,1791132773.642258,8642,tx,2180.0,681.1,912.4,,,1,0,0,1
1107112074582500,1791132773.781400,8781,tx,1306.5,203.4,368.3,,,1,0,0,1
1107112217097100,1791132773.923913,8923,tx,1285.0,358.1,570.7,,,1,0,0,1
1107112360700600,1791132774.067520,9067,tx,1807.2,338.1,761.4,,,1,0,0,1
1107112503283000,1791132774.210102,9210,tx,1802.8,217.0,466.1,,,1,0,0,1
1107112645870000,1791132774.352691,9352,tx,59822.2,480.3,724.0,,,1,0,0,1
1107112830550400,1791132774.537372,9537,tx,1313.5,272.2,520.6,,,1,0,0,1
1107112974055800,1791132774.680872,9680,tx,1701.3,238.3,661.0,,,1,0,0,1
1107113115250000,1791132774.822074,9822,tx,5304.9,208.7,378.3,,,1,0,0,1
1107113258345100,1791132774.965168,9965,tx,1435.4,200.9,398.9,,,1,0,0,1
1107113399562200,1791132775.106387,10106,tx,1719.4,295.6,579.6,,,1,0,0,1
1107113539531500,1791132775.246323,10246,tx,1103.3,241.2,448.3,,,1,0,0,1
1107113687715300,1791132775.394542,10394,tx,1713.5,160.4,311.2,,,1,0,0,1
1107113824802200,1791132775.531627,10531,tx,2550.5,701.2,982.5,,,1,0,0,1
1107113968482600,1791132775.675311,10675,tx,1331.1,196.3,481.4,,,1,0,0,1
1107114108091900,1791132775.814908,10814,tx,6668.7,287.3,584.5,,,1,0,0,1
1107114251180800,1791132775.958011,10958,tx,1288.4,241.9,436.1,,,1,0,0,1
1107114392529400,1791132776.099357,11099,tx,2293.3,230.5,478.7,,,1,0,0,1
1107114531979900,1791132776.238810,11238,tx,10141.8,327.5,568.3,,,1,0,0,1
1107114673711400,1791132776.380542,11380,tx,1195.6,177.2,402.6,,,1,0,0,1
1107114815672400,1791132776.522505,11522,tx,1742.5,267.3,505.8,,,1,0,0,1
1107114957672700,1791132776.664505,11664,tx,1858.0,210.8,556.9,,,1,0,0,1
1107115099544300,1791132776.806379,11806,tx,1096.2,203.2,396.7,,,1,0,0,1
1107115241207100,1791132776.948041,11948,tx,1473.0,246.6,450.3,,,1,0,0,1
1107115380609700,1791132777.087446,12087,tx,1417.6,205.8,552.1,,,1,0,0,1
1107115522395600,1791132777.229229,12229,tx,25605.3,339.3,843.2,,,1,0,0,1
1107115710013300,1791132777.416852,12416,tx,1569.5,197.0,499.4,,,1,0,0,1
1107115852230400,1791132777.559069,12559,tx,3481.9,178.0,328.6,,,1,0,0,1
1107115993119200,1791132777.699953,12699,tx,1237.8,290.0,486.2,,,1,0,0,1
1107116134460300,1791132777.841300,12841,tx,1516.7,308.9,517.6,,,1,0,0,1
1107116277280800,1791132777.984122,12984,tx,1386.9,248.5,584.4,,,1,0,0,1
1107116418934400,1791132778.125768,13125,tx,1347.4,444.4,725.5,,,1,0,0,1
1107116560572700,1791132778.267414,13267,tx,1887.0,630.9,851.8,,,1,0,0,1
1107116701778700,1791132778.408622,13408,tx,5703.5,206.2,503.3,,,1,0,0,1
1107116842940100,1791132778.549784,13549,tx,4120.8,346.3,542.3,,,1,0,0,1
1107116984352200,1791132778.691197,13691,tx,1333.3,281.9,466.6,,,1,0,0,1
1107117125470700,1791132778.832312,13832,tx,3096.7,293.9,719.7,,,1,0,0,1
1107117266516300,1791132778.973363,13973,tx,8206.8,181.1,433.7,,,1,0,0,1
1107117408758700,1791132779.115605,14115,tx,1308.1,256.5,431.3,,,1,0,0,1
1107117549509900,1791132779.256357,14256,tx,1300.3,199.9,557.3,,,1,0,0,1
1107117692667000,1791132779.399513,14399,tx,1955.4,304.9,555.4,,,1,0,0,1
1107117833141200,1791132779.539989,14539,tx,3227.9,264.6,665.3,,,1,0,0,1
1107117973117000,1791132779.679966,14679,tx,1301.1,308.1,510.4,,,1,0,0,1
1107118115512300,1791132779.822364,14822,tx,1199.6,237.2,488.4,,,1,0,0,1
1107118256781400,1791132779.963624,14963,tx,8313.5,383.2,802.1,,,1,0,0,1
1107118397990500,1791132780.104844,104,tx,1881.5,659.2,990.3,,,1,0,0,1
1107118540769500,1791132780.247622,247,tx,1819.1,640.5,873.9,,,1,0,0,1
1107118712242700,1791132780.419098,419,tx,1224.1,311.3,423.3,,,1,0,0,1
1107118858641700,1791132780.565495,565,tx,1263.0,220.6,452.7,,,1,0,0,1
1107119003208400,1791132780.710061,710,tx,3668.2,310.5,956.2,,,1,0,0,1
1107119465675100,1791132781.172533,1172,tx,12284.8,162.5,360.0,,,1,0,0,1
1107119603243500,1791132781.310102,1310,tx,1236.7,190.6,398.1,,,1,0,0,1
1107119746442800,1791132781.453302,1453,tx,2552.7,232.6,564.5,,,1,0,0,1
1107119888796200,1791132781.595656,1595,tx,1298.3,221.3,465.9,,,1,0,0,1
1107120031035400,1791132781.737893,1737,tx,4402.0,281.1,936.5,,,1,0,0,1
1107120218366800,1791132781.925222,1925,tx,14288.4,313.6,484.8,,,1,0,0,1
1107120360593600,1791132782.067456,2067,tx,1434.1,220.9,566.6,,,1,0,0,1
1107120502189500,1791132782.209052,2209,tx,1295.6,156.9,410.8,,,1,0,0,1
1107120644322700,1791132782.351185,2351,tx,13457.1,307.5,698.8,,,1,0,0,1
1107120785790300,1791132782.492646,2492,tx,1266.4,165.0,419.1,,,1,0,0,1
1107120927227200,1791132782.634094,2634,tx,5061.0,205.2,406.2,,,1,0,0,1
1107121067987100,1791132782.774851,2774,tx,3125.4,304.0,779.3,,,1,0,0,1
1107121210891300,1791132782.917760,2917,tx,7618.6,427.4,601.4,,,1,0,0,1
1107121367057700,1791132783.073927,3073,tx,1330.6,299.2,496.2,,,1,0,0,1
1107121508108600,1791132783.214976,3214,tx,2368.6,265.2,552.0,,,1,0,0,1
1107121649826200,1791132783.356667,3356,tx,71669.5,302.1,876.5,,,1,0,0,1
1107121822793700,1791132783.529661,3529,tx,3826.1,290.6,1191.5,,,1,0,0,1
1107121961024500,1791132783.667897,3667,tx,1413.8,359.6,573.4,,,1,0,0,1
1107122103337500,1791132783.810211,3810,tx,1228.9,278.4,458.5,,,1,0,0,1
1107122244603200,1791132783.951477,3951,tx,1393.2,234.8,465.2,,,1,0,0,1
1107122385566800,1791132784.092438,4092,tx,5810.2,322.4,1155.2,,,1,0,0,1
1107122528731900,1791132784.235605,4235,tx,16168.8,469.6,855.5,,,1,0,0,1
1107122697760400,1791132784.404638,4404,tx,7619.5,449.8,797.9,,,1,0,0,1
1107122842126800,1791132784.549005,4549,tx,1291.8,202.6,397.6,,,1,0,0,1
1107122984081400,1791132784.690952,4690,tx,1465.2,187.0,491.7,,,1,0,0,1
1107123124890500,1791132784.831769,4831,tx,1726.5,443.4,651.9,,,1,0,0,1
1107123266208400,1791132784.973089,4973,tx,2317.3,228.2,562.9,,,1,0,0,1
1107123408507600,1791132785.115389,5115,tx,3287.1,184.4,513.4,,,1,0,0,1
1107123551270800,1791132785.258150,5258,tx,1653.0,175.1,539.7,,,1,0,0,1
1107123692853500,1791132785.399736,5399,tx,1399.0,385.3,631.4,,,1,0,0,1
1107123834758800,1791132785.541641,5541,tx,3348.2,232.3,394.1,,,1,0,0,1
1107123976552900,1791132785.683437,5683,tx,1272.8,174.3,362.5,,,1,0,0,1
1107124118662700,1791132785.825539,5825,tx,1315.3,193.8,429.1,,,1,0,0,1
1107124259159500,1791132785.966045,5966,tx,6226.9,253.8,463.4,,,1,0,0,1
1107124415011100,1791132786.121897,6121,tx,1539.2,279.5,525.4,,,1,0,0,1
1107124557128400,1791132786.264015,6264,tx,1359.4,226.9,445.6,,,1,0,0,1
1107124718598100,1791132786.425487,6425,tx,1317.4,213.8,385.0,,,1,0,0,1
1107124870162300,1791132786.577039,6577,tx,2159.2,207.9,701.7,,,1,0,0,1
1107125011344700,1791132786.718233,6718,tx,1874.0,255.5,608.5,,,1,0,0,1
1107125168382200,1791132786.875273,6875,tx,12709.1,176.6,369.1,,,1,0,0,1
1107125309276700,1791132787.016166,7016,tx,2239.8,162.5,734.9,,,1,0,0,1
1107125449988300,1791132787.156879,7156,tx,2503.8,669.6,954.4,,,1,0,0,1
1107125591442000,1791132787.298334,7298,tx,4312.2,222.4,392.8,,,1,0,0,1
1107125730124400,1791132787.436996,7436,tx,1315.0,332.3,676.6,,,1,0,0,1
1107125871028700,1791132787.577922,7577,tx,2310.9,710.4,947.5,,,1,0,0,1
1107126027591200,1791132787.734486,7734,tx,3244.5,213.0,442.0,,,1,0,0,1
1107126168446000,1791132787.875343,7875,tx,53676.5,189.3,440.3,,,1,0,0,1
1107126323693600,1791132788.030589,8030,tx,2853.1,329.2,877.5,,,1,0,0,1
1107126464924100,1791132788.171820,8171,tx,8026.8,333.9,602.2,,,1,0,0,1
1107126606903700,1791132788.313799,8313,tx,2627.3,356.7,1683.9,,,1,0,0,1
1107126748851500,1791132788.455750,8455,tx,2039.1,434.6,679.9,,,1,0,0,1
1107126892036800,1791132788.598933,8598,tx,18960.2,285.8,856.6,,,1,0,0,1
1107127030056400,1791132788.736952,8736,tx,2802.7,251.9,582.6,,,1,0,0,1
1107127207323100,1791132788.914226,8914,tx,1405.9,256.8,421.9,,,1,0,0,1
1107127360508700,1791132789.067411,9067,tx,1880.3,185.7,511.5,,,1,0,0,1
1107127503147100,1791132789.210051,9210,tx,1468.9,162.4,529.9,,,1,0,0,1
1107127643809500,1791132789.350712,9350,tx,1927.2,790.7,1067.4,,,1,0,0,1
1107127783467000,1791132789.490372,9490,tx,1553.6,221.3,549.4,,,1,0,0,1
1107127924486500,1791132789.631392,9631,tx,7183.4,301.5,521.5,,,1,0,0,1
1107128067284100,1791132789.774170,9774,tx,4560.0,304.3,1384.0,,,1,0,0,1
1107128209137200,1791132789.916044,9916,tx,9744.6,192.8,424.0,,,1,0,0,1
1107128351857200,1791132790.058761,10058,tx,1668.9,397.7,702.6,,,1,0,0,1
1107128494563100,1791132790.201469,10201,tx,1838.0,145.0,584.3,,,1,0,0,1
1107128634772200,1791132790.341677,10341,tx,4081.8,351.5,862.8,,,1,0,0,1
1107128776042700,1791132790.482954,10482,tx,1418.5,415.1,612.8,,,1,0,0,1
1107128917182400,1791132790.624093,10624,tx,1551.2,203.1,424.8,,,1,0,0,1
1107129057406200,1791132790.764315,10764,tx,2905.9,312.1,799.0,,,1,0,0,1
1107129228282700,1791132790.935197,10935,tx,1894.6,294.9,505.0,,,1,0,0,1
1107129371477700,1791132791.078392,11078,tx,1398.7,226.7,576.4,,,1,0,0,1
1107129511708700,1791132791.218623,11218,tx,1363.7,289.3,476.9,,,1,0,0,1
1107129654150200,1791132791.361066,11361,tx,1577.4,633.0,802.3,,,1,0,0,1
1107129798028500,1791132791.504945,11504,tx,1251.1,349.4,578.7,,,1,0,0,1
1107129938404600,1791132791.645323,11645,tx,1410.3,180.7,424.3,,,1,0,0,1
1107130078934200,1791132791.785851,11785,tx,1799.8,670.2,1007.2,,,1,0,0,1
1107130219457800,1791132791.926377,11926,tx,1729.7,659.0,907.6,,,1,0,0,1
1107130361702600,1791132792.068609,12068,tx,4272.7,244.6,976.8,,,1,0,0,1
1107130504025000,1791132792.210946,12210,tx,8227.4,286.1,534.0,,,1,0,0,1
1107130644659500,1791132792.351579,12351,tx,1508.8,292.3,655.6,,,1,0,0,1
1107130784350200,1791132792.491272,12491,tx,1271.8,312.9,470.5,,,1,0,0,1
1107130925658100,1791132792.632579,12632,tx,1242.9,259.3,455.1,,,1,0,0,1
1107131067100500,1791132792.774023,12774,tx,1812.9,277.6,530.3,,,1,0,0,1
1107131208937400,1791132792.915861,12915,tx,2061.0,713.6,900.5,,,1,0,0,1
1107131350162100,1791132793.057088,13057,tx,1382.9,176.1,523.5,,,1,0,0,1
1107131491035500,1791132793.197929,13197,tx,11946.4,202.9,791.8,,,1,0,0,1
1107131633491600,1791132793.340417,13340,tx,1734.3,199.7,463.7,,,1,0,0,1
1107131774596300,1791132793.481524,13481,tx,2077.6,274.9,471.3,,,1,0,0,1
1107131916227200,1791132793.623156,13623,tx,1642.7,229.2,480.2,,,1,0,0,1
1107132056177600,1791132793.763107,13763,tx,1168.7,182.9,382.2,,,1,0,0,1
1107132224375200,1791132793.931306,13931,tx,1335.0,176.2,334.6,,,1,0,0,1
1107132368753500,1791132794.075684,14075,tx,15369.7,486.7,773.3,,,1,0,0,1
1107132509971200,1791132794.216903,14216,tx,1525.6,336.6,541.8,,,1,0,0,1
1107132649135500,1791132794.356068,14356,tx,1009.3,236.2,377.6,,,1,0,0,1
1107132790800300,1791132794.497734,14497,tx,1051.8,209.5,380.1,,,1,0,0,1
1107132932740000,1791132794.639670,14639,tx,1290.6,260.2,455.8,,,1,0,0,1
1107133069979700,1791132794.776915,14776,tx,1548.5,180.9,602.2,,,1,0,0,1
1107133229005700,1791132794.935941,14935,tx,1697.0,276.9,580.8,,,1,0,0,1
1107133371601000,1791132795.078537,78,tx,1810.6,194.3,444.2,,,1,0,0,1
1107133514920100,1791132795.221857,221,tx,2022.1,387.1,661.1,,,1,0,0,1
1107133658207300,1791132795.365145,365,tx,61188.6,180.5,482.5,,,1,0,0,1
1107133830601800,1791132795.537541,537,tx,1380.4,252.5,545.5,,,1,0,0,1
1107133977763800,1791132795.684702,684,tx,1245.5,219.0,436.6,,,1,0,0,1
1107134123286700,1791132795.830222,830,tx,3960.0,445.4,1316.5,,,1,0,0,1
1107134267648500,1791132795.974579,974,tx,1816.9,277.5,524.0,,,1,0,0,1
1107134411687600,1791132796.118629,1118,tx,1519.1,241.8,571.3,,,1,0,0,1
1107134551725400,1791132796.258666,1258,tx,2937.8,374.1,809.8,,,1,0,0,1
1107134701690200,1791132796.408635,1408,tx,1266.5,195.8,520.8,,,1,0,0,1
1107134852674900,1791132796.559618,1559,tx,1469.9,242.5,534.0,,,1,0,0,1
1107134994711700,1791132796.701652,1701,tx,3502.0,239.4,1010.0,,,1,0,0,1
1107135134481100,1791132796.841427,1841,tx,8913.6,199.5,597.7,,,1,0,0,1
1107135277554200,1791132796.984501,1984,tx,1188.7,212.3,387.5,,,1,0,0,1
1107135418137300,1791132797.125084,2125,tx,1230.9,230.5,435.2,,,1,0,0,1
1107135560894600,1791132797.267842,2267,tx,2738.5,255.9,929.3,,,1,0,0,1
1107135702814900,1791132797.409764,2409,tx,1176.0,241.1,423.1,,,1,0,0,1
1107135845044000,1791132797.551994,2551,tx,1527.0,291.3,612.0,,,1,0,0,1
1107135987128400,1791132797.694079,2694,tx,1417.2,261.0,601.7,,,1,0,0,1
1107136130057400,1791132797.836991,2836,tx,1298.5,318.2,577.1,,,1,0,0,1
1107136271810000,1791132797.978762,2978,tx,1434.5,205.6,425.7,,,1,0,0,1
1107136414989200,1791132798.121910,3121,tx,2031.3,204.8,671.7,,,1,0,0,1
1107136555669600,1791132798.262625,3262,tx,1396.9,163.5,340.5,,,1,0,0,1
1107136725866700,1791132798.432822,3432,tx,1694.4,336.5,715.4,,,1,0,0,1
1107136867331400,1791132798.574277,3574,tx,1780.7,197.4,620.4,,,1,0,0,1
1107137008213500,1791132798.715171,3715,tx,1808.2,260.3,508.2,,,1,0,0,1
1107137149435300,1791132798.856392,3856,tx,1768.0,312.9,602.1,,,1,0,0,1
1107137291766200,1791132798.998721,3998,tx,2848.5,425.6,841.2,,,1,0,0,1
1107137434795000,1791132799.141753,4141,tx,1439.6,250.6,467.9,,,1,0,0,1
1107137577325300,1791132799.284284,4284,tx,1403.7,211.9,435.9,,,1,0,0,1
1107137718017900,1791132799.424979,4424,tx,1368.4,390.8,572.0,,,1,0,0,1
1107137860918700,1791132799.567869,4567,tx,11249.1,196.4,641.2,,,1,0,0,1
1107138003045900,1791132799.710009,4710,tx,1600.0,262.1,487.5,,,1,0,0,1
1107138144430100,1791132799.851392,4851,tx,1903.1,264.6,510.8,,,1,0,0,1
1107138285368700,1791132799.992310,4992,tx,1501.1,285.2,512.4,,,1,0,0,1
1107138440211700,1791132800.147173,5147,tx,2099.5,210.8,842.6,,,1,0,0,1
1107138580033500,1791132800.286996,5286,tx,2877.6,239.8,840.7,,,1,0,0,1
1107138722843300,1791132800.429810,5429,tx,7103.1,328.6,694.3,,,1,0,0,1
1107138863077100,1791132800.570043,5570,tx,1344.2,237.4,469.8,,,1,0,0,1
1107139005250500,1791132800.712215,5712,tx,1365.3,261.6,506.9,,,1,0,0,1
1107139147112400,1791132800.854079,5854,tx,2413.4,214.0,515.7,,,1,0,0,1
1107139288313600,1791132800.995279,5995,tx,23453.2,280.7,1540.4,,,1,0,0,1
1107139443101700,1791132801.150072,6150,tx,1477.7,207.5,388.5,,,1,0,0,1
1107139583347900,1791132801.290319,6290,tx,1852.3,672.5,869.5,,,1,0,0,1
1107139722052400,1791132801.429025,6429,tx,7625.0,303.8,543.7,,,1,0,0,1
1107139868288000,1791132801.575260,6575,tx,2175.6,219.4,448.9,,,1,0,0,1
1107140008756900,1791132801.715729,6715,tx,2772.7,732.4,1127.4,,,1,0,0,1
1107140150003100,1791132801.856975,6856,tx,2587.4,284.4,626.3,,,1,0,0,1
1107140291923800,1791132801.998899,6998,tx,1695.8,683.6,898.2,,,1,0,0,1
1107140434561500,1791132802.141538,7141,tx,980.4,180.2,316.1,,,1,0,0,1
1107140575990200,1791132802.282967,7282,tx,2102.0,804.2,1014.3,,,1,0,0,1
1107140918421600,1791132802.625401,7625,tx,14445.7,256.9,508.7,,,1,0,0,1
1107141060706300,1791132802.767685,7767,tx,1270.1,255.8,432.4,,,1,0,0,1
1107141217930700,1791132802.924912,7924,tx,1175.8,173.3,279.2,,,1,0,0,1
1107141357419000,1791132803.064399,8064,tx,1546.5,223.6,483.5,,,1,0,0,1
1107141499212300,1791132803.206192,8206,tx,1517.7,177.6,410.7,,,1,0,0,1
1107141641841300,1791132803.348823,8348,tx,1050.9,205.1,374.8,,,1,0,0,1
1107141781887600,1791132803.488864,8488,tx,1751.5,343.9,546.5,,,1,0,0,1
1107141924505500,1791132803.631485,8631,tx,2153.8,284.4,737.9,,,1,0,0,1
1107142067351700,1791132803.774334,8774,tx,1140.3,139.8,380.2,,,1,0,0,1
1107142206299100,1791132803.913285,8913,tx,1140.7,186.8,351.7,,,1,0,0,1
1107142347156500,1791132804.054142,9054,tx,20442.8,289.6,807.1,,,1,0,0,1
1107142488757500,1791132804.195745,9195,tx,6984.3,191.3,421.4,,,1,0,0,1
1107142630835200,1791132804.337824,9337,tx,1174.3,177.5,352.1,,,1,0,0,1
1107142943728500,1791132804.650716,9650,tx,10495.5,416.8,836.7,,,1,0,0,1
1107143089316100,1791132804.796302,9796,tx,3334.4,231.7,676.7,,,1,0,0,1
1107143233876600,1791132804.940867,9940,tx,11625.0,374.4,656.1,,,1,0,0,1
1107143371855800,1791132805.078844,10078,tx,2345.3,303.4,659.4,,,1,0,0,1
1107143514046100,1791132805.221036,10221,tx,1294.7,192.7,520.8,,,1,0,0,1
1107143655240400,1791132805.362228,10362,tx,6272.2,322.4,672.8,,,1,0,0,1
1107143796711800,1791132805.503705,10503,tx,1978.4,454.9,866.1,,,1,0,0,1
1107143939716900,1791132805.646711,10646,tx,1805.7,216.4,474.0,,,1,0,0,1
1107144080613400,1791132805.787606,10787,tx,3072.8,291.9,662.8,,,1,0,0,1
1107144218779700,1791132805.925777,10925,tx,1508.1,161.4,290.4,,,1,0,0,1
1107144362589000,1791132806.069587,11069,tx,1312.2,265.5,511.0,,,1,0,0,1
1107144502097600,1791132806.209096,11209,tx,1515.3,214.0,590.6,,,1,0,0,1
1107145016610800,1791132806.723609,11723,tx,17448.5,228.7,970.2,,,1,0,0,1
1107145196818100,1791132806.903821,11903,tx,1295.6,116.9,366.5,,,1,0,0,1
1107145347328800,1791132807.054303,12054,tx,1361.4,211.5,536.8,,,1,0,0,1
1107145489203700,1791132807.196202,12196,tx,2363.1,250.1,593.0,,,1,0,0,1
1107145630202000,1791132807.337206,12337,tx,10234.0,241.0,490.2,,,1,0,0,1
1107145771436200,1791132807.478434,12478,tx,1079.6,163.4,435.3,,,1,0,0,1
1107145912629500,1791132807.619621,12619,tx,1673.8,193.4,434.9,,,1,0,0,1
1107146054263400,1791132807.761245,12761,tx,3240.3,298.7,751.5,,,1,0,0,1
1107146195587200,1791132807.902595,12902,tx,1161.8,257.7,460.8,,,1,0,0,1
1107146337977200,1791132808.044985,13044,tx,1448.0,380.9,598.3,,,1,0,0,1
1107146478707600,1791132808.185713,13185,tx,1943.8,176.5,413.7,,,1,0,0,1
1107146619553100,1791132808.326559,13326,tx,11279.2,245.0,596.9,,,1,0,0,1
1107146776047500,1791132808.483058,13483,tx,1451.9,269.5,498.0,,,1,0,0,1
1107146918647000,1791132808.625660,13625,tx,1464.0,149.8,380.1,,,1,0,0,1
1107147058543300,1791132808.765557,13765,tx,3955.2,158.8,314.7,,,1,0,0,1
1107147218756500,1791132808.925771,13925,tx,1315.6,229.7,341.7,,,1,0,0,1
1107147356220000,1791132809.063221,14063,tx,1324.8,143.6,315.7,,,1,0,0,1
1107147496647900,1791132809.203663,14203,tx,1657.2,233.1,423.3,,,1,0,0,1
1107147635679700,1791132809.342696,14342,tx,1367.5,169.0,487.7,,,1,0,0,1
1107147777185000,1791132809.484199,14484,tx,1662.6,207.3,483.5,,,1,0,0,1
1107147919781100,1791132809.626798,14626,tx,1427.2,410.6,641.2,,,1,0,0,1
1107148062173700,1791132809.769191,14769,tx,496479.4,317.7,537.5,,,1,0,0,1
1107148728538500,1791132810.435561,435,tx,1135.7,236.9,397.6,,,1,0,0,1
1107148877386800,1791132810.584407,584,tx,3365.5,335.0,691.9,,,1,0,0,1
1107149022660800,1791132810.729680,729,tx,11512.6,275.6,1124.1,,,1,0,0,1
1107149164983100,1791132810.872006,872,tx,15347.2,343.0,603.7,,,1,0,0,1
1107149626927200,1791132811.333955,1333,tx,7518.8,399.1,591.5,,,1,0,0,1
1107149770115200,1791132811.477142,1477,tx,1888.5,306.1,560.9,,,1,0,0,1
1107149911418700,1791132811.618448,1618,tx,1268.4,280.5,474.4,,,1,0,0,1
1107150051818600,1791132811.758825,1758,tx,1428.0,248.5,480.5,,,1,0,0,1
1107150222397700,1791132811.929429,1929,tx,5802.8,140.5,361.5,,,1,0,0,1
1107150367077800,1791132812.074109,2074,tx,1282.5,278.8,453.2,,,1,0,0,1
1107150510795100,1791132812.217827,2217,tx,1927.9,403.1,771.8,,,1,0,0,1
1107150651694200,1791132812.358724,2358,tx,2487.2,271.8,603.2,,,1,0,0,1
1107150791752200,1791132812.498784,2498,tx,2124.1,230.0,781.5,,,1,0,0,1
1107150932757400,1791132812.639776,2639,tx,1281.7,183.3,387.6,,,1,0,0,1
1107151075056700,1791132812.782089,2782,tx,6786.1,240.4,409.7,,,1,0,0,1
1107151217744000,1791132812.924774,2924,tx,1718.9,188.2,467.2,,,1,0,0,1
1107151360619500,1791132813.067657,3067,tx,1855.6,219.6,614.4,,,1,0,0,1
1107151500691000,1791132813.207728,3207,tx,2045.1,434.7,838.9,,,1,0,0,1
1107151641191700,1791132813.348230,3348,tx,9613.7,208.4,411.0,,,1,0,0,1
1107151780158000,1791132813.487196,3487,tx,1230.1,298.4,584.1,,,1,0,0,1
1107151922734900,1791132813.629766,3629,tx,1568.8,199.4,431.5,,,1,0,0,1
1107152064011900,1791132813.771037,3771,tx,2029.3,799.9,991.4,,,1,0,0,1
1107152205474200,1791132813.912516,3912,tx,1810.3,194.2,430.6,,,1,0,0,1
1107152346102100,1791132814.053138,4053,tx,1370.5,323.7,512.0,,,1,0,0,1
1107152489221900,1791132814.196259,4196,tx,2029.4,219.2,875.8,,,1,0,0,1
1107152630799200,1791132814.337843,4337,tx,8631.6,199.4,435.1,,,1,0,0,1
1107152769867600,1791132814.476913,4476,tx,1526.2,470.1,635.8,,,1,0,0,1
1107152915800400,1791132814.622836,4622,tx,1752.1,468.1,704.9,,,1,0,0,1
1107153056116100,1791132814.763144,4763,tx,3726.5,300.7,989.8,,,1,0,0,1
1107153226306300,1791132814.933354,4933,tx,1297.9,191.7,348.1,,,1,0,0,1
1107153369513800,1791132815.076561,5076,tx,1775.0,280.3,668.3,,,1,0,0,1
1107153508888300,1791132815.215935,5215,tx,15943.5,339.8,683.1,,,1,0,0,1
1107153650505100,1791132815.357556,5357,tx,1785.5,298.3,479.0,,,1,0,0,1
1107153791031700,1791132815.498080,5498,tx,1861.9,172.1,478.7,,,1,0,0,1
1107153931485100,1791132815.638537,5638,tx,1225.6,231.9,381.9,,,1,0,0,1
1107154074469200,1791132815.781521,5781,tx,1691.9,302.6,514.1,,,1,0,0,1
1107154216201000,1791132815.923253,5923,tx,1479.0,198.0,409.4,,,1,0,0,1
1107154356846800,1791132816.063867,6063,tx,5292.9,209.3,959.2,,,1,0,0,1
1107154498504300,1791132816.205559,6205,tx,7020.7,210.0,381.0,,,1,0,0,1
1107154639191400,1791132816.346247,6346,tx,6724.2,211.7,393.8,,,1,0,0,1
1107154780179200,1791132816.487236,6487,tx,1287.8,294.3,464.1,,,1,0,0,1
1107154921478300,1791132816.628534,6628,tx,1470.8,316.2,594.8,,,1,0,0,1
1107155063706800,1791132816.770765,6770,tx,2198.3,685.0,921.5,,,1,0,0,1
1107155206051500,1791132816.913110,6913,tx,1723.5,681.8,900.6,,,1,0,0,1
1107155345804200,1791132817.052864,7052,tx,1586.9,374.9,712.3,,,1,0,0,1
1107155487128500,1791132817.194187,7194,tx,1559.7,239.5,445.0,,,1,0,0,1
1107155628003600,1791132817.335064,7335,tx,1294.6,258.8,494.8,,,1,0,0,1
1107155769261700,1791132817.476321,7476,tx,1868.6,223.5,459.8,,,1,0,0,1
1107155911171700,1791132817.618234,7618,tx,11684.2,201.2,547.1,,,1,0,0,1
1107156049407900,1791132817.756471,7756,tx,1956.1,188.8,549.9,,,1,0,0,1
1107156236494000,1791132817.943559,7943,tx,8902.9,199.4,577.1,,,1,0,0,1
1107156384257700,1791132818.091323,8091,tx,1180.0,276.1,418.7,,,1,0,0,1
1107156527933400,1791132818.235000,8234,tx,1276.0,356.0,575.5,,,1,0,0,1
1107156669465900,1791132818.376531,8376,tx,2700.6,384.2,989.0,,,1,0,0,1
1107156825654500,1791132818.532722,8532,tx,1230.8,298.2,500.0,,,1,0,0,1
1107156967205900,1791132818.674273,8674,tx,1658.6,195.2,462.9,,,1,0,0,1
1107157109293700,1791132818.816362,8816,tx,1835.9,160.8,480.6,,,1,0,0,1
1107157250625400,1791132818.957696,8957,tx,1842.6,253.7,559.4,,,1,0,0,1
1107157393594500,1791132819.100665,9100,tx,1118.7,210.0,383.5,,,1,0,0,1
1107157535319000,1791132819.242390,9242,tx,1110.3,209.2,398.0,,,1,0,0,1
1107157676139100,1791132819.383212,9383,tx,60186.3,168.9,472.9,,,1,0,0,1
1107157866187800,1791132819.573260,9573,tx,2870.0,269.3,1114.0,,,1,0,0,1
1107158006288500,1791132819.713362,9713,tx,1832.2,222.2,436.7,,,1,0,0,1
1107158148609700,1791132819.855685,9855,tx,2767.2,151.1,488.0,,,1,0,0,1
1107158291487000,1791132819.998560,9998,tx,10951.8,243.5,492.3,,,1,0,0,1
1107158431741200,1791132820.138817,10138,tx,10238.2,417.2,766.0,,,1,0,0,1
1107158572610800,1791132820.279688,10279,tx,1320.2,229.1,416.8,,,1,0,0,1
1107158719183300,1791132820.426263,10426,tx,1272.1,154.1,361.1,,,1,0,0,1
1107158871133600,1791132820.578213,10578,tx,4085.8,202.5,583.6,,,1,0,0,1
1107159011939300,1791132820.719018,10719,tx,1633.0,383.5,595.5,,,1,0,0,1
1107159153702900,1791132820.860783,10860,tx,1386.4,231.1,485.7,,,1,0,0,1
1107159294513900,1791132821.001594,11001,tx,1665.3,274.7,515.0,,,1,0,0,1
1107159451743500,1791132821.158824,11158,tx,2103.2,561.2,869.1,,,1,0,0,1
1107159607913600,1791132821.314996,11314,tx,1668.0,712.1,894.2,,,1,0,0,1
1107159749609500,1791132821.456693,11456,tx,7425.1,149.2,505.6,,,1,0,0,1
1107159891931500,1791132821.599015,11599,tx,1522.0,410.8,657.0,,,1,0,0,1
1107160034850800,1791132821.741937,11741,tx,1514.6,353.4,574.7,,,1,0,0,1
1107160177491600,1791132821.884574,11884,tx,36907.5,286.9,695.6,,,1,0,0,1
1107160337071400,1791132822.044156,12044,tx,4981.5,344.6,1221.1,,,1,0,0,1
1107160476960500,1791132822.184048,12184,tx,2638.2,353.6,586.6,,,1,0,0,1
1107160617150900,1791132822.324238,12324,tx,9385.8,238.9,574.7,,,1,0,0,1
1107160757467100,1791132822.464556,12464,tx,1682.1,258.6,504.9,,,1,0,0,1
1107160896425200,1791132822.603509,12603,tx,1923.0,279.7,708.0,,,1,0,0,1
1107161038599800,1791132822.745689,12745,tx,2620.9,191.8,555.7,,,1,0,0,1
1107161178535700,1791132822.885628,12885,tx,6504.4,166.1,469.6,,,1,0,0,1
1107161319771000,1791132823.026863,13026,tx,1165.2,251.3,451.6,,,1,0,0,1
1107161460976600,1791132823.168071,13168,tx,1534.5,335.2,500.3,,,1,0,0,1
1107161602399000,1791132823.309492,13309,tx,10561.7,253.3,574.3,,,1,0,0,1
1107161745414900,1791132823.452511,13452,tx,1072.1,234.7,454.7,,,1,0,0,1
1107161887108900,1791132823.594202,13594,tx,10812.2,259.4,618.6,,,1,0,0,1
1107162027564500,1791132823.734660,13734,tx,1406.0,211.3,443.0,,,1,0,0,1
1107162169370200,1791132823.876468,13876,tx,1238.8,183.9,487.3,,,1,0,0,1
1107162327209700,1791132824.034307,14034,tx,1870.5,286.2,644.7,,,1,0,0,1
1107162467762400,1791132824.174861,14174,tx,1116.1,221.6,446.2,,,1,0,0,1
1107162610486700,1791132824.317587,14317,tx,1565.6,129.3,515.1,,,1,0,0,1
1107162753368600,1791132824.460463,14460,tx,1343.6,216.1,456.0,,,1,0,0,1
1107162894344800,1791132824.601442,14601,tx,1746.9,145.2,588.6,,,1,0,0,1
1107163031829600,1791132824.738928,14738,tx,18430.7,346.9,950.8,,,1,0,0,1
1107163210868400,1791132824.917973,14917,tx,1040.5,251.6,349.7,,,1,0,0,1
1107163363196700,1791132825.070296,70,tx,3223.0,180.1,341.4,,,1,0,0,1
1107163509607800,1791132825.216712,216,tx,1393.1,184.0,419.7,,,1,0,0,1
1107163654780400,1791132825.361887,361,tx,1827.4,399.9,790.3,,,1,0,0,1
1107163798409900,1791132825.505517,505,tx,1548.0,208.5,623.3,,,1,0,0,1
1107163942425900,1791132825.649526,649,tx,1335.4,228.7,430.1,,,1,0,0,1
1107164087998000,1791132825.795107,795,tx,1398.0,136.9,437.5,,,1,0,0,1
1107164233340400,1791132825.940450,940,tx,4123.9,168.6,311.4,,,1,0,0,1
1107164375471700,1791132826.082582,1082,tx,1815.9,191.6,719.9,,,1,0,0,1
1107164517465500,1791132826.224575,1224,tx,1256.6,297.8,495.8,,,1,0,0,1
1107164658768900,1791132826.365825,1365,tx,3595.5,343.2,799.5,,,1,0,0,1
1107164797979400,1791132826.505092,1505,tx,1174.8,288.4,495.6,,,1,0,0,1
1107164939205600,1791132826.646317,1646,tx,1480.3,185.6,493.3,,,1,0,0,1
1107165080762100,1791132826.787876,1787,tx,1087.7,206.2,401.2,,,1,0,0,1
1107165235166100,1791132826.942282,1942,tx,2634.0,127.2,412.7,,,1,0,0,1
1107165378210200,1791132827.085327,2085,tx,1470.5,295.1,481.0,,,1,0,0,1
1107165521075800,1791132827.228189,2228,tx,17504.7,302.1,687.7,,,1,0,0,1
1107165661769600,1791132827.368886,2368,tx,22752.9,415.7,714.8,,,1,0,0,1
1107165815625800,1791132827.522743,2522,tx,1339.3,307.3,516.7,,,1,0,0,1
1107165963930700,1791132827.671046,2671,tx,1759.6,287.2,601.2,,,1,0,0,1
1107166448112900,1791132828.155232,3155,tx,23914.7,259.9,795.9,,,1,0,0,1
1107166599306600,1791132828.306416,3306,tx,1738.6,249.4,656.1,,,1,0,0,1
1107166749304000,1791132828.456427,3456,tx,1471.7,333.5,565.3,,,1,0,0,1
1107166906759400,1791132828.613881,3613,idle,2016.5,366.8,783.9,,,0,0,0,0
1107167110480800,1791132828.817607,3817,idle,9929.1,,,,,0,0,0,0
1107167251852300,1791132828.958979,3958,idle,16031.9,,,,,0,0,0,0
1107167455272200,1791132829.162399,4162,tx,7860.6,212.7,692.2,,,1,0,0,1
1107167597565800,1791132829.304691,4304,tx,1301.2,228.1,471.4,,,1,0,0,1
1107167740586400,1791132829.447716,4447,tx,8519.5,161.0,291.6,,,1,0,0,1
1107167880343900,1791132829.587472,4587,tx,1986.0,272.2,731.5,,,1,0,0,1
1107168021622000,1791132829.728750,4728,tx,2608.1,713.1,1146.6,,,1,0,0,1
1107168160783400,1791132829.867905,4867,tx,1143.8,220.5,419.1,,,1,0,0,1
1107168301849600,1791132830.008981,5008,tx,1472.6,448.2,672.6,,,1,0,0,1
1107168442839100,1791132830.149971,5149,tx,1967.1,739.4,985.5,,,1,0,0,1
1107168583032300,1791132830.290165,5290,tx,1317.1,266.8,489.9,,,1,0,0,1
1107168741023500,1791132830.448158,5448,tx,1631.7,333.8,524.3,,,1,0,0,1
1107168880699700,1791132830.587834,5587,tx,2073.3,438.4,825.7,,,1,0,0,1
1107169023805300,1791132830.730942,5730,tx,1138.9,208.5,388.5,,,1,0,0,1
1107169162884000,1791132830.870020,5870,tx,6786.1,361.3,618.9,,,1,0,0,1
1107169303597700,1791132831.010735,6010,tx,1989.0,215.9,443.8,,,1,0,0,1
1107169445286800,1791132831.152425,6152,tx,1244.9,225.6,470.1,,,1,0,0,1
1107169587627500,1791132831.294765,6294,tx,9110.6,193.6,498.8,,,1,0,0,1
1107169729412600,1791132831.436552,6436,tx,1600.7,158.8,427.7,,,1,0,0,1
1107169870670500,1791132831.577809,6577,tx,1976.4,440.1,844.9,,,1,0,0,1
1107170013363500,1791132831.720500,6720,tx,2752.1,292.4,650.5,,,1,0,0,1
1107170155098500,1791132831.862238,6862,tx,9988.6,276.7,687.5,,,1,0,0,1
1107170311828100,1791132832.018971,7018,tx,1583.1,330.0,702.8,,,1,0,0,1
1107170454726600,1791132832.161870,7161,tx,1949.9,731.6,1136.7,,,1,0,0,1
1107170596411200,1791132832.303556,7303,tx,2243.9,449.5,1004.0,,,1,0,0,1
1107170735876600,1791132832.443023,7443,tx,1430.6,272.1,380.3,,,1,0,0,1
1107170876889900,1791132832.584037,7584,tx,7648.1,430.7,634.4,,,1,0,0,1
1107171019090600,1791132832.726223,7726,tx,8005.3,237.0,583.9,,,1,0,0,1
1107171158717300,1791132832.865865,7865,tx,1340.0,113.7,436.7,,,1,0,0,1
1107171300913500,1791132833.008060,8008,tx,1604.2,208.6,609.9,,,1,0,0,1
1107171442073000,1791132833.149223,8149,tx,1435.3,277.4,669.2,,,1,0,0,1
1107171583539400,1791132833.290680,8290,tx,2293.2,1395.8,1629.8,,,1,0,0,1
1107171740771000,1791132833.447923,8447,tx,1455.4,302.2,764.6,,,1,0,0,1
1107171881341100,1791132833.588493,8588,tx,1214.7,291.1,447.9,,,1,0,0,1
1107172021737800,1791132833.728891,8728,tx,1432.8,293.8,534.0,,,1,0,0,1
1107172162793400,1791132833.869947,8869,tx,2013.0,699.7,940.6,,,1,0,0,1
1107172304572500,1791132834.011722,9011,tx,5523.8,236.4,434.1,,,1,0,0,1
1107172442109500,1791132834.149264,9149,tx,9268.0,228.0,433.4,,,1,0,0,1
1107172585442500,1791132834.292598,9292,tx,1476.0,256.8,459.8,,,1,0,0,1
1107172724619000,1791132834.431776,9431,tx,1381.8,211.6,501.8,,,1,0,0,1
1107172865441500,1791132834.572598,9572,tx,1065.3,196.6,419.3,,,1,0,0,1
1107173007820800,1791132834.714979,9714,tx,1167.0,275.8,450.8,,,1,0,0,1
1107173150332300,1791132834.857491,9857,tx,10323.0,229.3,424.1,,,1,0,0,1
1107173291948000,1791132834.999095,9999,tx,1278.8,403.5,541.9,,,1,0,0,1
1107173432222000,1791132835.139383,10139,tx,11458.6,172.0,372.4,,,1,0,0,1
1107173570389500,1791132835.277551,10277,tx,1674.3,269.2,642.3,,,1,0,0,1
1107173736104700,1791132835.443268,10443,tx,1539.9,158.7,392.2,,,1,0,0,1
1107173885839500,1791132835.593003,10593,tx,1884.4,827.8,1090.9,,,1,0,0,1
1107174026696300,1791132835.733858,10733,tx,2541.3,809.7,1141.4,,,1,0,0,1
1107174168715100,1791132835.875873,10875,tx,1297.0,223.4,416.3,,,1,0,0,1
1107174310929600,1791132836.018094,11018,tx,16330.9,243.7,495.3,,,1,0,0,1
1107174453069000,1791132836.160236,11160,tx,1436.5,317.1,495.9,,,1,0,0,1
1107174593668500,1791132836.300834,11300,tx,2084.9,431.5,847.0,,,1,0,0,1
1107174743671100,1791132836.450840,11450,tx,1137.7,181.4,404.6,,,1,0,0,1
1107174892699100,1791132836.599868,11599,tx,1615.5,328.9,531.6,,,1,0,0,1
1107175034998500,1791132836.742167,11742,tx,1534.9,175.5,560.8,,,1,0,0,1
1107175176257900,1791132836.883429,11883,tx,7242.3,198.8,387.1,,,1,0,0,1
1107175317167300,1791132837.024337,12024,tx,1511.5,309.4,523.2,,,1,0,0,1
1107175458835800,1791132837.166008,12166,tx,2139.0,759.7,983.3,,,1,0,0,1
1107175600210900,1791132837.307357,12307,tx,5032.7,293.4,741.7,,,1,0,0,1
1107175741638300,1791132837.448812,12448,tx,1240.6,230.2,414.3,,,1,0,0,1
1107175880351200,1791132837.587523,12587,tx,1552.0,304.8,560.1,,,1,0,0,1
1107176021575600,1791132837.728749,12728,tx,1563.8,175.8,567.8,,,1,0,0,1
1107176163888700,1791132837.871065,12871,tx,8198.5,354.4,628.2,,,1,0,0,1
1107176306010800,1791132838.013187,13013,tx,1311.4,374.4,559.8,,,1,0,0,1
1107176448380500,1791132838.155556,13155,tx,1899.2,302.0,539.3,,,1,0,0,1
1107176589330100,1791132838.296509,13296,tx,1149.3,205.1,328.7,,,1,0,0,1
1107176736192600,1791132838.443372,13443,tx,7252.8,190.5,323.9,,,1,0,0,1
1107176873527000,1791132838.580699,13580,tx,1352.8,203.8,426.5,,,1,0,0,1
1107177010764400,1791132838.717944,13717,tx,2080.1,325.4,800.9,,,1,0,0,1
1107177157625200,1791132838.864807,13864,tx,1172.4,184.7,369.3,,,1,0,0,1
1107177299527700,1791132839.006710,14006,tx,1728.7,663.1,848.4,,,1,0,0,1
1107177440811900,1791132839.147992,14147,tx,1936.9,416.6,736.7,,,1,0,0,1
1107177580732300,1791132839.287917,14287,tx,7896.8,192.7,365.7,,,1,0,0,1
1107177740910000,1791132839.448096,14448,tx,1430.1,428.5,530.0,,,1,0,0,1
1107177878815800,1791132839.585994,14585,tx,1981.2,167.8,618.7,,,1,0,0,1
1107178021190400,1791132839.728377,14728,tx,14593.0,175.4,390.6,,,1,0,0,1
1107178164539000,1791132839.871726,14871,tx,1448.7,288.5,549.4,,,1,0,0,1
1107178305037900,1791132840.012224,12,tx,1804.0,203.6,481.1,,,1,0,0,1
1107178446079000,1791132840.153264,153,tx,3822.4,239.3,934.7,,,1,0,0,1
1107178588542100,1791132840.295731,295,tx,1407.5,233.7,409.1,,,1,0,0,1
1107178734049100,1791132840.441240,441,tx,1362.3,299.1,492.5,,,1,0,0,1
1107178876995900,1791132840.584182,584,tx,2883.6,346.4,804.3,,,1,0,0,1
1107179172056500,1791132840.879250,879,tx,6986.6,296.8,449.3,,,1,0,0,1
1107179322991000,1791132841.030184,1030,tx,1593.9,351.6,639.0,,,1,0,0,1
1107179464110500,1791132841.171302,1171,tx,10619.6,244.7,680.7,,,1,0,0,1
1107179603861300,1791132841.311043,1311,tx,1901.0,686.9,882.8,,,1,0,0,1
1107179760540800,1791132841.467735,1467,tx,1912.8,213.7,500.9,,,1,0,0,1
1107179902769800,1791132841.609965,1609,tx,16923.4,468.1,807.8,,,1,0,0,1
1107180045924600,1791132841.753112,1753,tx,1948.5,407.3,668.2,,,1,0,0,1
1107180188900500,1791132841.896099,1896,tx,13534.9,258.9,569.0,,,1,0,0,1
1107180336838700,1791132842.044038,2044,tx,10833.6,384.9,583.5,,,1,0,0,1
1107180488309400,1791132842.195508,2195,tx,9589.1,196.4,479.6,,,1,0,0,1
1107180630256600,1791132842.337458,2337,tx,1361.2,201.4,380.9,,,1,0,0,1
1107180771503600,1791132842.478706,2478,tx,6394.9,168.3,556.4,,,1,0,0,1
1107180911747600,1791132842.618949,2618,tx,1370.2,227.7,435.2,,,1,0,0,1
1107181053553000,1791132842.760750,2760,tx,5384.7,449.4,981.3,,,1,0,0,1
1107181195734600,1791132842.902780,2902,tx,46883.6,251.2,479.2,,,1,0,0,1
1107181367442200,1791132843.074646,3074,tx,1567.7,191.7,589.8,,,1,0,0,1
1107181508309000,1791132843.215513,3215,tx,2360.5,277.2,595.3,,,1,0,0,1
1107181647198400,1791132843.354406,3354,tx,5047.7,186.2,390.2,,,1,0,0,1
1107181789415700,1791132843.496623,3496,tx,1493.8,306.2,491.9,,,1,0,0,1
1107181930213900,1791132843.637419,3637,tx,1791.5,301.2,648.3,,,1,0,0,1
1107182072142400,1791132843.779352,3779,tx,1479.8,240.9,426.0,,,1,0,0,1
1107182214355400,1791132843.921566,3921,tx,32088.7,216.7,394.8,,,1,0,0,1
1107182363311400,1791132844.070521,4070,tx,1395.1,202.5,495.0,,,1,0,0,1
1107182511952900,1791132844.219164,4219,tx,14401.4,217.0,522.2,,,1,0,0,1
1107182657760800,1791132844.364972,4364,tx,3114.4,298.8,734.2,,,1,0,0,1
1107182809168100,1791132844.516350,4516,tx,1311.8,215.5,626.2,,,1,0,0,1
1107182950716700,1791132844.657928,4657,tx,2718.9,420.7,847.5,,,1,0,0,1
1107183105567400,1791132844.812782,4812,tx,1787.7,272.3,518.7,,,1,0,0,1
1107183247164700,1791132844.954380,4954,tx,1270.5,266.9,493.9,,,1,0,0,1
1107183389912000,1791132845.097125,5097,tx,2007.7,228.1,544.2,,,1,0,0,1
1107183545432500,1791132845.252648,5252,tx,1406.6,214.1,462.1,,,1,0,0,1
1107183685779200,1791132845.392979,5392,tx,2364.2,432.7,746.2,,,1,0,0,1
1107183827166400,1791132845.534384,5534,tx,6372.3,264.2,588.4,,,1,0,0,1
1107183968577200,1791132845.675797,5675,tx,1913.1,224.8,404.5,,,1,0,0,1
1107184110473300,1791132845.817686,5817,tx,14950.6,235.6,476.9,,,1,0,0,1
1107184268127000,1791132845.975349,5975,tx,9602.8,200.3,400.4,,,1,0,0,1
1107184408394400,1791132846.115615,6115,tx,1951.6,214.3,455.3,,,1,0,0,1
1107184550999300,1791132846.258222,6258,tx,1422.3,317.4,555.3,,,1,0,0,1
1107184691224600,1791132846.398434,6398,tx,2156.1,266.1,589.1,,,1,0,0,1
1107184833373100,1791132846.540598,6540,tx,1795.2,246.4,828.6,,,1,0,0,1
1107184975917400,1791132846.683142,6683,tx,1860.0,682.3,947.8,,,1,0,0,1
1107185118904500,1791132846.826128,6826,tx,2027.6,392.9,669.2,,,1,0,0,1
1107185259641700,1791132846.966869,6966,tx,6509.4,207.8,368.8,,,1,0,0,1
1107185399524500,1791132847.106753,7106,tx,1184.7,155.8,518.7,,,1,0,0,1
1107185538452700,1791132847.245680,7245,tx,1780.5,249.4,502.3,,,1,0,0,1
1107185680274100,1791132847.387503,7387,tx,1292.0,218.8,440.6,,,1,0,0,1
1107185821069000,1791132847.528298,7528,tx,2500.9,248.1,681.9,,,1,0,0,1
1107185960419700,1791132847.667651,7667,tx,1609.8,323.0,665.2,,,1,0,0,1
1107186102773900,1791132847.810006,7810,tx,1213.2,167.3,336.3,,,1,0,0,1
1107186241664000,1791132847.948897,7948,tx,7522.6,210.6,545.6,,,1,0,0,1
1107186382473000,1791132848.089705,8089,tx,1123.7,226.0,436.8,,,1,0,0,1
1107186522590200,1791132848.229817,8229,tx,1713.5,242.3,592.7,,,1,0,0,1
1107186664410400,1791132848.371642,8371,tx,3912.0,814.0,1385.8,,,1,0,0,1
1107186803848700,1791132848.511085,8511,tx,1363.3,400.9,663.2,,,1,0,0,1
1107186946324100,1791132848.653558,8653,tx,1150.5,200.9,430.7,,,1,0,0,1
1107187086552000,1791132848.793789,8793,tx,1051.7,198.4,418.6,,,1,0,0,1
1107187271748100,1791132848.978987,8978,tx,1627.1,179.5,446.6,,,1,0,0,1
1107187419725400,1791132849.126963,9126,tx,2368.4,461.2,812.4,,,1,0,0,1
1107187564956000,1791132849.272196,9272,tx,1538.9,530.2,698.7,,,1,0,0,1
1107187707586900,1791132849.414828,9414,tx,18810.3,162.3,319.8,,,1,0,0,1
1107187849595300,1791132849.556835,9556,tx,1349.0,205.8,407.5,,,1,0,0,1
1107187990798500,1791132849.698016,9698,tx,18100.1,200.8,763.6,,,1,0,0,1
1107188130722600,1791132849.837966,9837,tx,1558.0,395.7,874.0,,,1,0,0,1
1107188273745900,1791132849.980990,9980,tx,1685.7,637.8,793.8,,,1,0,0,1
1107188414789500,1791132850.122033,10122,tx,1334.6,442.9,644.1,,,1,0,0,1
1107188554579500,1791132850.261817,10261,tx,1261.2,224.4,593.0,,,1,0,0,1
1107188696935200,1791132850.404182,10404,tx,1250.4,373.9,496.8,,,1,0,0,1
1107188838118300,1791132850.545364,10545,tx,1371.0,313.4,503.1,,,1,0,0,1
1107188977379100,1791132850.684623,10684,tx,16487.3,275.0,682.7,,,1,0,0,1
1107189115972200,1791132850.823220,10823,tx,1575.4,218.2,571.8,,,1,0,0,1
1107189259544900,1791132850.966794,10966,tx,1220.4,188.8,395.7,,,1,0,0,1
1107189401706200,1791132851.108956,11108,tx,1892.1,426.8,919.8,,,1,0,0,1
1107189560699600,1791132851.267951,11267,tx,1481.5,408.7,779.5,,,1,0,0,1
1107189700743200,1791132851.407996,11407,tx,1136.4,197.1,351.7,,,1,0,0,1
1107189841755600,1791132851.549005,11549,tx,2068.2,466.0,750.0,,,1,0,0,1
1107189984566800,1791132851.691809,11691,tx,2085.6,218.7,456.9,,,1,0,0,1
1107190127023000,1791132851.834273,11834,tx,5419.0,257.7,502.8,,,1,0,0,1
1107190264129800,1791132851.971385,11971,tx,1084.3,235.7,378.4,,,1,0,0,1
1107190401815200,1791132852.109071,12109,tx,12302.7,193.6,360.9,,,1,0,0,1
1107190552721100,1791132852.259972,12259,tx,1992.2,374.4,798.9,,,1,0,0,1
1107190691198200,1791132852.398428,12398,tx,1473.9,201.0,490.3,,,1,0,0,1
1107190833770300,1791132852.541027,12541,tx,11112.5,202.3,718.7,,,1,0,0,1
1107190975562000,1791132852.682821,12682,tx,1341.3,227.1,431.0,,,1,0,0,1
1107191115990800,1791132852.823251,12823,tx,1600.5,284.9,466.0,,,1,0,0,1
1107191271632600,1791132852.978894,12978,tx,8727.8,261.1,518.4,,,1,0,0,1
1107191414424300,1791132853.121686,13121,tx,1396.7,224.0,448.5,,,1,0,0,1
1107191556313800,1791132853.263575,13263,tx,2361.8,180.8,597.0,,,1,0,0,1
1107191699986300,1791132853.407248,13407,tx,1777.6,290.9,545.2,,,1,0,0,1
1107191839355200,1791132853.546620,13546,tx,1072.5,200.6,392.0,,,1,0,0,1
1107191980932800,1791132853.688196,13688,tx,1306.0,297.0,609.2,,,1,0,0,1
1107192122003500,1791132853.829254,13829,tx,1183.0,373.8,561.1,,,1,0,0,1
1107192263225600,1791132853.970490,13970,tx,6199.1,226.7,512.8,,,1,0,0,1
1107192419560200,1791132854.126820,14126,tx,1244.2,277.0,590.6,,,1,0,0,1
1107192562029600,1791132854.269297,14269,tx,1429.8,187.9,412.1,,,1,0,0,1
1107192703111700,1791132854.410379,14410,tx,2083.4,230.2,491.5,,,1,0,0,1
1107192845399500,1791132854.552668,14552,tx,2691.4,196.4,1466.2,,,1,0,0,1
1107192986195700,1791132854.693465,14693,tx,3888.5,240.0,689.1,,,1,0,0,1
1107193128913500,1791132854.836184,14836,tx,11784.6,386.1,650.3,,,1,0,0,1
1107193268915100,1791132854.976187,14976,tx,1317.6,435.1,599.1,,,1,0,0,1
1107193413676300,1791132855.120949,120,tx,2192.0,718.8,1030.6,,,1,0,0,1
1107193557569000,1791132855.264842,264,tx,1295.7,185.2,468.3,,,1,0,0,1
1107193702437000,1791132855.409712,409,tx,1189.1,245.9,431.4,,,1,0,0,1
1107193847200600,1791132855.554474,554,tx,1821.9,283.6,642.5,,,1,0,0,1
1107193988299500,1791132855.695576,695,tx,1557.2,243.2,497.4,,,1,0,0,1
1107194132567400,1791132855.839816,839,tx,1221.5,206.8,417.4,,,1,0,0,1
1107194276035900,1791132855.983314,983,tx,1841.3,662.1,862.9,,,1,0,0,1
1107194416838500,1791132856.124115,1124,tx,3366.8,267.8,746.4,,,1,0,0,1
1107194558733800,1791132856.266012,1266,tx,14817.8,456.6,681.4,,,1,0,0,1
1107194701285500,1791132856.408561,1408,tx,1242.9,326.2,508.3,,,1,0,0,1
1107194842094000,1791132856.549373,1549,tx,11121.0,320.5,636.4,,,1,0,0,1
1107194982617200,1791132856.689898,1689,tx,1321.7,286.3,483.0,,,1,0,0,1
1107195124305500,1791132856.831585,1831,tx,2120.1,283.7,605.3,,,1,0,0,1
1107195268607700,1791132856.975888,1975,tx,1312.5,225.0,418.4,,,1,0,0,1
1107195409988800,1791132857.117264,2117,tx,1133.1,177.0,463.8,,,1,0,0,1
1107195552862200,1791132857.260146,2260,tx,1683.4,656.0,835.3,,,1,0,0,1
1107195695090100,1791132857.402375,2402,tx,1276.6,254.9,452.1,,,1,0,0,1
1107195836492100,1791132857.543779,2543,tx,9495.7,219.1,552.3,,,1,0,0,1
1107195980758500,1791132857.688046,2688,tx,1587.0,631.5,813.2,,,1,0,0,1
1107196124395800,1791132857.831679,2831,tx,2886.5,984.2,1213.9,,,1,0,0,1
1107196287366900,1791132857.994657,2994,tx,7657.1,159.5,408.5,,,1,0,0,1
1107196434425000,1791132858.141712,3141,tx,2032.8,390.5,749.2,,,1,0,0,1
1107196575746800,1791132858.283037,3283,tx,1434.0,284.5,468.2,,,1,0,0,1
1107196717871500,1791132858.425159,3425,tx,3276.4,257.0,676.7,,,1,0,0,1
1107196875058800,1791132858.582351,3582,tx,1887.6,682.2,882.8,,,1,0,0,1
1107197032096000,1791132858.739383,3739,tx,3848.3,321.3,1077.5,,,1,0,0,1
1107197170734300,1791132858.878027,3878,tx,6008.4,375.6,731.1,,,1,0,0,1
1107197316536400,1791132859.023830,4023,tx,1306.2,266.4,473.2,,,1,0,0,1
1107197459531800,1791132859.166826,4166,tx,1156.6,239.1,453.9,,,1,0,0,1
1107197601483200,1791132859.308773,4308,tx,5208.9,437.5,1100.1,,,1,0,0,1
1107197787508900,1791132859.494807,4494,tx,1236.0,216.3,467.0,,,1,0,0,1
1107197933048700,1791132859.640342,4640,tx,2375.9,194.3,539.6,,,1,0,0,1
1107198092136200,1791132859.799428,4799,tx,1389.5,325.0,534.9,,,1,0,0,1
1107198233598800,1791132859.940899,4940,tx,4671.6,178.2,499.6,,,1,0,0,1
1107198374978600,1791132860.082279,5082,tx,15673.4,767.8,943.0,,,1,0,0,1
1107198517160100,1791132860.224461,5224,tx,8564.8,229.2,437.7,,,1,0,0,1
1107198657625200,1791132860.364920,5364,tx,1842.5,408.3,768.0,,,1,0,0,1
1107198799440700,1791132860.506736,5506,tx,1202.1,212.0,397.3,,,1,0,0,1
1107198940291500,1791132860.647595,5647,tx,2202.6,202.7,683.8,,,1,0,0,1
1107199082671500,1791132860.789974,5789,tx,1398.5,208.6,413.6,,,1,0,0,1
1107199223355900,1791132860.930644,5930,tx,61822.9,210.8,459.9,,,1,0,0,1
1107199410631000,1791132861.117937,6117,tx,1311.7,219.9,481.8,,,1,0,0,1
1107199554965400,1791132861.262272,6262,tx,1833.7,251.0,500.7,,,1,0,0,1
1107199696852300,1791132861.404160,6404,tx,1759.6,224.0,621.5,,,1,0,0,1
1107199839460600,1791132861.546764,6546,tx,1248.5,223.7,423.0,,,1,0,0,1
1107199982066500,1791132861.689376,6689,tx,1385.3,172.8,389.9,,,1,0,0,1
1107200124866800,1791132861.832177,6832,tx,9225.2,363.4,624.9,,,1,0,0,1
1107200265620900,1791132861.972933,6972,tx,7634.1,302.3,890.3,,,1,0,0,1
1107200405009000,1791132862.112318,7112,tx,1074.3,262.3,450.6,,,1,0,0,1
1107200545499000,1791132862.252810,7252,tx,1923.7,167.2,670.0,,,1,0,0,1
1107200686661400,1791132862.393975,7393,tx,1204.5,170.5,374.3,,,1,0,0,1
1107200843873500,1791132862.551175,7551,tx,1372.6,438.6,682.9,,,1,0,0,1
1107200986587300,1791132862.693902,7693,tx,1582.4,235.8,469.2,,,1,0,0,1
1107201128803300,1791132862.836113,7836,tx,1378.6,346.2,669.0,,,1,0,0,1
1107201271032100,1791132862.978349,7978,tx,1533.0,371.1,560.1,,,1,0,0,1
1107201413990000,1791132863.121305,8121,tx,2663.7,304.0,692.2,,,1,0,0,1
1107201555304000,1791132863.262623,8262,tx,5480.5,173.6,324.0,,,1,0,0,1
1107201696544800,1791132863.403862,8403,tx,1576.3,207.2,605.2,,,1,0,0,1
1107201838546200,1791132863.545864,8545,tx,2180.3,178.5,489.0,,,1,0,0,1
1107201995196800,1791132863.702518,8702,tx,1785.4,258.7,490.4,,,1,0,0,1
1107202134941900,1791132863.842261,8842,tx,10770.2,195.7,611.6,,,1,0,0,1
1107202285638300,1791132863.992961,8992,tx,1277.9,208.2,323.9,,,1,0,0,1
1107202434149600,1791132864.141467,9141,tx,9646.7,299.5,653.7,,,1,0,0,1
1107202591587100,1791132864.298911,9298,tx,1553.7,302.4,531.9,,,1,0,0,1
1107202734771400,1791132864.442096,9442,tx,1753.4,394.4,664.3,,,1,0,0,1
1107202875108000,1791132864.582432,9582,tx,9430.3,264.0,528.8,,,1,0,0,1
1107203031375400,1791132864.738702,9738,tx,1246.3,233.5,419.4,,,1,0,0,1
1107203174811700,1791132864.882135,9882,tx,2027.3,311.8,651.1,,,1,0,0,1
1107203314872300,1791132865.022201,10022,tx,1949.8,350.4,536.4,,,1,0,0,1
1107203456404000,1791132865.163733,10163,tx,1405.0,219.4,562.3,,,1,0,0,1
1107203598078400,1791132865.305404,10305,tx,3964.1,312.9,889.8,,,1,0,0,1
1107203785824700,1791132865.493156,10493,tx,2327.1,514.9,729.1,,,1,0,0,1
1107203927999200,1791132865.635327,10635,tx,4031.1,331.5,737.4,,,1,0,0,1
1107204070353700,1791132865.777683,10777,tx,7979.5,258.4,669.7,,,1,0,0,1
1107204212474200,1791132865.919807,10919,tx,1331.3,194.2,410.7,,,1,0,0,1
1107204352218000,1791132866.059550,11059,tx,1505.1,190.5,507.5,,,1,0,0,1
1107204497223900,1791132866.204551,11204,tx,5229.0,307.0,871.0,,,1,0,0,1
1107204638498700,1791132866.345834,11345,tx,5272.4,266.6,560.8,,,1,0,0,1
1107204779128900,1791132866.486465,11486,tx,1497.7,211.8,561.6,,,1,0,0,1
1107204920965400,1791132866.628300,11628,tx,1955.0,214.8,477.6,,,1,0,0,1
1107205063781600,1791132866.771119,11771,tx,1558.3,351.6,755.9,,,1,0,0,1
1107205202842400,1791132866.910178,11910,tx,2160.9,423.6,619.4,,,1,0,0,1
1107205347462400,1791132867.054800,12054,tx,1754.1,231.1,547.7,,,1,0,0,1
1107205488636400,1791132867.195973,12195,tx,6092.9,451.7,865.2,,,1,0,0,1
1107205630206400,1791132867.337547,12337,tx,1363.9,206.7,473.5,,,1,0,0,1
1107205770900100,1791132867.478237,12478,tx,9007.6,246.5,584.7,,,1,0,0,1
1107205912923400,1791132867.620246,12620,tx,4037.5,289.5,926.9,,,1,0,0,1
1107206054177900,1791132867.761519,12761,tx,6125.3,191.8,579.9,,,1,0,0,1
1107206196064700,1791132867.903406,12903,tx,2525.5,292.7,556.0,,,1,0,0,1
1107206336567500,1791132868.043911,13043,tx,1779.9,259.7,573.9,,,1,0,0,1
1107206478341900,1791132868.185683,13185,tx,3769.6,445.3,1136.3,,,1,0,0,1
1107206635215400,1791132868.342561,13342,tx,1215.4,334.7,572.2,,,1,0,0,1
1107206780638900,1791132868.487987,13487,tx,1064.1,244.0,368.0,,,1,0,0,1
1107206917935800,1791132868.625283,13625,tx,1454.1,225.3,494.0,,,1,0,0,1
1107207059248500,1791132868.766598,13766,tx,1064.2,242.8,442.1,,,1,0,0,1
1107207200854600,1791132868.908205,13908,tx,1838.6,265.8,742.0,,,1,0,0,1
1107207341300900,1791132869.048648,14048,tx,2660.4,256.2,631.6,,,1,0,0,1
1107207499419400,1791132869.206756,14206,tx,1307.4,275.7,513.6,,,1,0,0,1
1107207655168900,1791132869.362521,14362,tx,6421.4,276.5,462.7,,,1,0,0,1
1107207798930600,1791132869.506284,14506,tx,8610.3,314.8,550.6,,,1,0,0,1
1107207940961400,1791132869.648304,14648,tx,1552.6,288.3,502.4,,,1,0,0,1
1107208081604200,1791132869.788944,14788,tx,1627.1,440.6,815.0,,,1,0,0,1
1107208222727100,1791132869.930082,14930,tx,59334.2,169.5,394.0,,,1,0,0,1
1107208390629400,1791132870.097987,97,tx,1326.1,159.6,319.2,,,1,0,0,1
1107208533609100,1791132870.240966,240,tx,2624.3,643.0,1018.3,,,1,0,0,1
1107208676445700,1791132870.383802,383,tx,14973.3,221.3,479.3,,,1,0,0,1
1107208820442200,1791132870.527801,527,tx,1515.6,210.8,486.9,,,1,0,0,1
1107208965197200,1791132870.672555,672,tx,1911.4,280.5,755.8,,,1,0,0,1
1107209311901500,1791132871.019264,1019,tx,13440.5,421.9,554.9,,,1,0,0,1
1107209458747300,1791132871.166109,1166,tx,1244.5,168.5,369.2,,,1,0,0,1
1107209600774200,1791132871.308137,1308,tx,9610.1,405.7,641.3,,,1,0,0,1
1107209740142300,1791132871.447504,1447,tx,68733.2,252.9,773.3,,,1,0,0,1
1107209931471900,1791132871.638835,1638,tx,4937.8,292.2,1146.5,,,1,0,0,1
1107210070970700,1791132871.778334,1778,tx,1825.9,191.2,688.8,,,1,0,0,1
1107210212285000,1791132871.919652,1919,tx,8155.3,316.9,525.0,,,1,0,0,1
1107210353945600,1791132872.061313,2061,tx,1436.4,307.5,527.3,,,1,0,0,1
1107210494841200,1791132872.202209,2202,tx,1410.0,411.9,610.9,,,1,0,0,1
1107210637317300,1791132872.344683,2344,tx,3227.1,249.7,629.2,,,1,0,0,1
1107210781079600,1791132872.488450,2488,tx,1580.4,147.3,392.4,,,1,0,0,1
1107210920866100,1791132872.628233,2628,tx,2663.7,262.1,640.1,,,1,0,0,1
1107211062762300,1791132872.770130,2770,tx,3098.6,359.1,1123.7,,,1,0,0,1
1107211204812700,1791132872.912183,2912,tx,1422.2,378.3,634.9,,,1,0,0,1
1107211345714100,1791132873.053087,3053,tx,1135.9,249.6,475.5,,,1,0,0,1
1107211485579300,1791132873.192935,3192,tx,3834.8,421.9,1032.4,,,1,0,0,1
1107211628463700,1791132873.335836,3335,tx,10143.6,259.0,582.6,,,1,0,0,1
1107211769965700,1791132873.477341,3477,tx,1614.2,216.6,647.4,,,1,0,0,1
1107211911676300,1791132873.619049,3619,tx,2645.9,402.6,794.7,,,1,0,0,1
1107212054208900,1791132873.761580,3761,tx,3905.9,458.6,1299.3,,,1,0,0,1
1107212195080700,1791132873.902459,3902,tx,1242.2,221.5,396.6,,,1,0,0,1
1107212336640400,1791132874.044017,4044,tx,1323.2,263.1,484.1,,,1,0,0,1
1107212479468200,1791132874.186844,4186,tx,3265.2,254.8,650.8,,,1,0,0,1
1107212618904900,1791132874.326280,4326,tx,13739.5,380.5,575.8,,,1,0,0,1
1107212798747400,1791132874.506130,4506,tx,1212.3,186.5,387.0,,,1,0,0,1
1107212948767700,1791132874.656151,4656,tx,1956.7,398.4,613.4,,,1,0,0,1
1107213106315000,1791132874.813698,4813,tx,1451.2,191.9,429.3,,,1,0,0,1
1107213249279000,1791132874.956625,4956,tx,11410.6,226.9,629.2,,,1,0,0,1
1107213388462300,1791132875.095846,5095,tx,27814.1,210.0,565.5,,,1,0,0,1
1107213530190500,1791132875.237576,5237,tx,2160.0,132.4,388.7,,,1,0,0,1
1107213673224000,1791132875.380609,5380,tx,2446.0,244.7,784.4,,,1,0,0,1
1107213815373200,1791132875.522760,5522,tx,9058.6,261.5,737.0,,,1,0,0,1
1107213957300000,1791132875.664688,5664,tx,1405.6,222.7,564.8,,,1,0,0,1
1107214098554600,1791132875.805943,5805,tx,1292.6,247.7,442.4,,,1,0,0,1
1107214239648100,1791132875.947038,5947,tx,56170.8,130.6,366.8,,,1,0,0,1
1107214395612600,1791132876.103002,6103,tx,1623.0,223.6,560.9,,,1,0,0,1
1107214536810600,1791132876.244196,6244,tx,3485.0,280.9,749.9,,,1,0,0,1
1107214678064200,1791132876.385451,6385,tx,3742.4,334.7,1139.8,,,1,0,0,1
1107214835759200,1791132876.543152,6543,tx,1681.8,463.4,712.9,,,1,0,0,1
1107214978618300,1791132876.686012,6686,tx,1263.2,152.9,330.3,,,1,0,0,1
1107215121117600,1791132876.828506,6828,tx,3825.3,249.3,790.0,,,1,0,0,1
1107215279825900,1791132876.987222,6987,tx,1421.3,490.6,645.8,,,1,0,0,1
1107215420081700,1791132877.127475,7127,tx,2620.3,245.8,456.4,,,1,0,0,1
1107215562652800,1791132877.270049,7270,tx,4008.2,396.7,733.3,,,1,0,0,1
1107215703745500,1791132877.411143,7411,tx,1751.0,315.3,492.8,,,1,0,0,1
1107215845581200,1791132877.552980,7552,tx,1203.7,321.3,529.9,,,1,0,0,1
1107215987087400,1791132877.694473,7694,tx,1375.2,252.7,459.0,,,1,0,0,1
1107216127980200,1791132877.835381,7835,tx,1305.5,216.3,519.9,,,1,0,0,1
1107216268597400,1791132877.975998,7975,tx,1231.7,227.2,383.7,,,1,0,0,1
1107216409434800,1791132878.116836,8116,tx,1076.2,185.2,327.4,,,1,0,0,1
1107216551117800,1791132878.258516,8258,tx,25979.4,347.0,806.4,,,1,0,0,1
1107216707371800,1791132878.414775,8414,tx,1116.0,306.8,516.4,,,1,0,0,1
1107216862694500,1791132878.570099,8570,tx,9129.7,200.3,363.1,,,1,0,0,1
1107217002827100,1791132878.710229,8710,tx,3167.9,189.6,718.1,,,1,0,0,1
1107217144929200,1791132878.852332,8852,tx,1449.7,296.3,484.2,,,1,0,0,1
1107217307274500,1791132879.014682,9014,tx,22572.5,259.0,661.9,,,1,0,0,1
1107217458929300,1791132879.166336,9166,tx,1756.2,663.3,861.8,,,1,0,0,1
1107217600469100,1791132879.307876,9307,tx,2148.3,290.9,582.5,,,1,0,0,1
1107217743778600,1791132879.451188,9451,tx,11236.7,223.4,390.8,,,1,0,0,1
1107217886319300,1791132879.593728,9593,tx,1349.3,265.2,595.4,,,1,0,0,1
1107218028388400,1791132879.735798,9735,tx,1523.5,314.7,544.1,,,1,0,0,1
1107218169333500,1791132879.876738,9876,tx,2243.1,222.6,649.9,,,1,0,0,1
1107218309915400,1791132880.017311,10017,tx,3477.4,298.7,493.0,,,1,0,0,1
1107218450392900,1791132880.157806,10157,tx,1115.1,250.7,456.3,,,1,0,0,1
1107218593146900,1791132880.300559,10300,tx,2264.6,691.3,932.8,,,1,0,0,1
1107218735447400,1791132880.442862,10442,tx,61329.8,198.7,419.2,,,1,0,0,1
1107218924827900,1791132880.632241,10632,tx,2245.5,279.5,813.5,,,1,0,0,1
1107219065420800,1791132880.772835,10772,tx,10652.0,268.6,611.1,,,1,0,0,1
1107219206891100,1791132880.914308,10914,tx,3443.7,181.2,657.2,,,1,0,0,1
1107219346090600,1791132881.053499,11053,tx,1411.8,208.1,436.5,,,1,0,0,1
1107219486692100,1791132881.194101,11194,tx,2273.1,510.5,832.3,,,1,0,0,1
1107219641983100,1791132881.349401,11349,tx,2037.7,217.4,684.4,,,1,0,0,1
1107219783546900,1791132881.490966,11490,tx,1589.4,226.8,541.1,,,1,0,0,1
1107219924785900,1791132881.632204,11632,tx,3314.8,332.6,886.2,,,1,0,0,1
1107220066528400,1791132881.773949,11773,tx,1235.1,177.7,398.8,,,1,0,0,1
1107220207170200,1791132881.914593,11914,tx,1256.8,141.4,372.5,,,1,0,0,1
1107220350474000,1791132882.057895,12057,tx,1574.1,250.5,535.0,,,1,0,0,1
1107220492647600,1791132882.200069,12200,tx,21775.2,476.6,854.4,,,1,0,0,1
1107220634838200,1791132882.342262,12342,tx,3641.1,225.4,635.8,,,1,0,0,1
1107221131589900,1791132882.839019,12839,tx,7938.8,222.9,396.5,,,1,0,0,1
1107221282169200,1791132882.989599,12989,tx,1285.0,265.7,533.2,,,1,0,0,1
1107221433357500,1791132883.140787,13140,tx,1250.0,230.0,405.3,,,1,0,0,1
1107221577426800,1791132883.284850,13284,tx,7757.6,380.4,837.2,,,1,0,0,1
1107221717451600,1791132883.424880,13424,tx,1380.5,248.7,446.7,,,1,0,0,1
1107221857783200,1791132883.565214,13565,tx,997.7,209.7,383.1,,,1,0,0,1
1107221998331600,1791132883.705765,13705,tx,1623.2,257.8,505.8,,,1,0,0,1
1107222141218200,1791132883.848652,13848,tx,1253.0,191.7,388.7,,,1,0,0,1
1107222283083800,1791132883.990517,13990,tx,1539.8,204.8,646.0,,,1,0,0,1
1107222426103100,1791132884.133537,14133,tx,2225.3,251.8,526.8,,,1,0,0,1
1107222570089100,1791132884.277521,14277,tx,10870.2,223.0,507.3,,,1,0,0,1
1107222711778700,1791132884.419214,14419,tx,1419.5,338.9,659.5,,,1,0,0,1
1107222852687000,1791132884.560123,14560,tx,1501.2,209.0,424.0,,,1,0,0,1
1107222993951600,1791132884.701385,14701,tx,3163.2,266.9,702.3,,,1,0,0,1
1107223135877700,1791132884.843317,14843,tx,1368.7,403.0,584.4,,,1,0,0,1
1107223297582800,1791132885.005023,5,tx,1146.7,127.8,247.0,,,1,0,0,1
1107223439680600,1791132885.147121,147,tx,8914.7,177.4,364.8,,,1,0,0,1
1107223584187900,1791132885.291624,291,tx,1238.5,230.9,393.7,,,1,0,0,1
1107223728565900,1791132885.436007,436,tx,2262.1,218.4,584.5,,,1,0,0,1
1107223873188600,1791132885.580628,580,tx,3567.0,351.2,908.7,,,1,0,0,1
1107224014267400,1791132885.721712,721,tx,1111.4,181.7,322.4,,,1,0,0,1
1107224158869200,1791132885.866313,866,tx,1817.8,666.9,888.7,,,1,0,0,1
1107224304993600,1791132886.012440,1012,tx,1152.8,228.7,459.6,,,1,0,0,1
1107224446806200,1791132886.154252,1154,tx,14054.7,358.0,624.4,,,1,0,0,1
1107224605078800,1791132886.312524,1312,tx,1883.4,298.0,555.3,,,1,0,0,1
1107224746675300,1791132886.454120,1454,tx,52360.0,194.6,1465.6,,,1,0,0,1
1107224929724700,1791132886.637174,1637,tx,1489.5,143.7,391.4,,,1,0,0,1
1107225078574200,1791132886.786020,1786,tx,4083.8,503.3,901.2,,,1,0,0,1
1107225220531400,1791132886.927977,1927,tx,1284.9,271.6,443.9,,,1,0,0,1
1107225360690000,1791132887.068141,2068,tx,2033.9,320.5,770.1,,,1,0,0,1
1107225502515700,1791132887.209959,2209,tx,3813.8,284.4,1035.6,,,1,0,0,1
1107225645469300,1791132887.352913,2352,tx,11451.6,378.4,996.7,,,1,0,0,1
1107225800910500,1791132887.508364,2508,tx,1291.6,268.7,568.0,,,1,0,0,1
1107225942605300,1791132887.650058,2650,tx,1741.7,400.1,857.7,,,1,0,0,1
1107226085176900,1791132887.792633,2792,tx,6350.8,194.2,462.0,,,1,0,0,1
1107226227555000,1791132887.935012,2935,tx,2051.2,472.0,977.8,,,1,0,0,1
1107226367660400,1791132888.075118,3075,tx,1370.5,157.8,371.3,,,1,0,0,1
1107226510721400,1791132888.218178,3218,tx,1911.0,256.1,763.2,,,1,0,0,1
1107226652255700,1791132888.359713,3359,tx,1251.4,273.4,469.4,,,1,0,0,1
1107226794255100,1791132888.501715,3501,tx,1478.9,229.4,471.8,,,1,0,0,1
1107226934733900,1791132888.642191,3642,tx,2740.4,172.5,901.8,,,1,0,0,1
1107227076025400,1791132888.783486,3783,tx,7932.9,248.9,598.0,,,1,0,0,1
1107227217255900,1791132888.924670,3924,tx,1457.7,230.3,447.5,,,1,0,0,1
1107227358033600,1791132889.065480,4065,tx,3626.6,305.8,728.2,,,1,0,0,1
1107227500111100,1791132889.207570,4207,tx,24339.6,317.0,718.4,,,1,0,0,1
1107227641256200,1791132889.348721,4348,tx,1762.9,181.0,541.6,,,1,0,0,1
1107227798723300,1791132889.506189,4506,tx,8106.0,397.0,714.7,,,1,0,0,1
1107227940564800,1791132889.648027,4648,tx,10435.7,471.5,885.0,,,1,0,0,1
1107228082749400,1791132889.790217,4790,tx,8888.2,219.5,375.3,,,1,0,0,1
1107228223792300,1791132889.931259,4931,tx,1667.3,367.1,568.8,,,1,0,0,1
1107228366901000,1791132890.074369,5074,tx,1824.5,215.6,610.5,,,1,0,0,1
1107228508523000,1791132890.215993,5215,tx,1668.1,676.6,843.5,,,1,0,0,1
1107228650635200,1791132890.358105,5358,tx,1965.8,213.5,435.2,,,1,0,0,1
1107228790873600,1791132890.498344,5498,tx,1207.9,422.0,597.0,,,1,0,0,1
1107228933419700,1791132890.640892,5640,tx,6857.0,244.9,410.3,,,1,0,0,1
1107229074646400,1791132890.782119,5782,tx,1236.3,202.1,379.5,,,1,0,0,1
1107229215825200,1791132890.923299,5923,tx,930.7,189.4,298.8,,,1,0,0,1
1107229354829200,1791132891.062300,6062,tx,1289.3,321.1,671.7,,,1,0,0,1
1107229498640400,1791132891.206109,6206,tx,1287.8,201.4,417.2,,,1,0,0,1
1107229640598700,1791132891.348075,6348,tx,3399.5,206.6,398.1,,,1,0,0,1
1107229782518600,1791132891.489995,6489,tx,1514.7,218.8,438.6,,,1,0,0,1
1107229924705500,1791132891.632183,6632,tx,1239.7,199.2,417.6,,,1,0,0,1
1107230067713000,1791132891.775181,6775,tx,1956.3,405.3,658.7,,,1,0,0,1
1107230207656400,1791132891.915135,6915,tx,2363.5,645.5,875.0,,,1,0,0,1
1107230349407700,1791132892.056887,7056,tx,16915.9,207.4,543.3,,,1,0,0,1
1107230490227500,1791132892.197708,7197,tx,1292.1,183.0,359.8,,,1,0,0,1
1107230629605000,1791132892.337087,7337,tx,1380.8,206.1,440.8,,,1,0,0,1
1107230799899700,1791132892.507382,7507,tx,1472.0,474.2,700.9,,,1,0,0,1
1107230943647700,1791132892.651130,7651,tx,1380.5,293.7,480.0,,,1,0,0,1
1107231084888700,1791132892.792372,7792,tx,9428.2,346.0,608.1,,,1,0,0,1
1107231226541000,1791132892.934021,7934,tx,8629.7,262.3,883.4,,,1,0,0,1
1107231365338300,1791132893.072822,8072,tx,1561.9,196.9,461.0,,,1,0,0,1
1107231509737900,1791132893.217223,8217,tx,2146.9,670.6,915.4,,,1,0,0,1
1107231650843600,1791132893.358330,8358,tx,9747.8,416.6,668.9,,,1,0,0,1
1107231793818500,1791132893.501287,8501,tx,1576.3,484.5,691.1,,,1,0,0,1
1107231936095900,1791132893.643582,8643,tx,1980.7,285.6,585.0,,,1,0,0,1
1107232077515900,1791132893.785006,8785,tx,1232.0,165.1,293.3,,,1,0,0,1
1107232219151800,1791132893.926640,8926,tx,1173.2,190.4,507.5,,,1,0,0,1
1107232360702000,1791132894.068192,9068,tx,2024.5,760.5,1126.3,,,1,0,0,1
1107232501602600,1791132894.209091,9209,tx,4741.8,430.2,829.3,,,1,0,0,1
1107232642621300,1791132894.350114,9350,tx,9511.3,216.7,493.0,,,1,0,0,1
1107232785575100,1791132894.493068,9493,tx,1261.8,260.6,417.0,,,1,0,0,1
1107232929932900,1791132894.637413,9637,tx,1203.1,166.4,489.1,,,1,0,0,1
1107233070745000,1791132894.778231,9778,tx,1048.9,196.3,374.0,,,1,0,0,1
1107233211970800,1791132894.919465,9919,tx,3694.0,245.0,806.9,,,1,0,0,1
1107233354718100,1791132895.062213,10062,tx,1270.2,218.3,454.4,,,1,0,0,1
1107233495653800,1791132895.203151,10203,tx,1523.2,382.9,715.1,,,1,0,0,1
1107233635990700,1791132895.343474,10343,tx,9098.0,188.5,450.3,,,1,0,0,1
1107233800139400,1791132895.507639,10507,tx,7226.0,184.4,637.9,,,1,0,0,1
1107233949621800,1791132895.657122,10657,tx,1706.1,176.7,404.7,,,1,0,0,1
1107234105992900,1791132895.813483,10813,tx,1174.5,222.3,432.6,,,1,0,0,1
1107234246249900,1791132895.953752,10953,tx,12749.2,185.8,338.5,,,1,0,0,1
1107234387172800,1791132896.094676,11094,tx,1367.6,272.0,465.1,,,1,0,0,1
1107234902564400,1791132896.610067,11610,tx,13889.7,481.1,969.3,,,1,0,0,1
1107235043606400,1791132896.751112,11751,tx,1900.9,301.4,494.7,,,1,0,0,1
1107235184135900,1791132896.891643,11891,tx,1178.3,202.9,420.9,,,1,0,0,1
1107235323621500,1791132897.031129,12031,tx,1160.8,211.5,367.9,,,1,0,0,1
1107235462402900,1791132897.169911,12169,tx,1355.1,340.9,517.4,,,1,0,0,1
1107235603743000,1791132897.311249,12311,tx,11399.7,427.1,691.5,,,1,0,0,1
1107235746325700,1791132897.453836,12453,tx,15065.1,216.9,408.4,,,1,0,0,1
1107235887012200,1791132897.594521,12594,tx,4771.9,250.7,585.5,,,1,0,0,1
1107236044058600,1791132897.751568,12751,tx,11824.3,245.4,586.4,,,1,0,0,1
1107236202699200,1791132897.910211,12910,tx,1297.3,234.6,487.0,,,1,0,0,1
1107236342516300,1791132898.050029,13050,tx,1417.1,265.3,510.3,,,1,0,0,1
1107236485076200,1791132898.192589,13192,tx,2191.1,259.6,655.0,,,1,0,0,1
1107236624994600,1791132898.332507,13332,tx,1905.0,215.9,480.8,,,1,0,0,1
1107236795078100,1791132898.502594,13502,tx,1375.2,178.7,319.0,,,1,0,0,1
1107236938606700,1791132898.646122,13646,tx,1530.7,408.1,841.4,,,1,0,0,1
1107237081192900,1791132898.788709,13788,tx,1994.6,236.1,541.6,,,1,0,0,1
1107237222349300,1791132898.929867,13929,tx,1627.6,226.7,449.0,,,1,0,0,1
1107237363654500,1791132899.071173,14071,tx,1781.4,377.9,831.9,,,1,0,0,1
1107237507473700,1791132899.214993,14214,tx,1232.1,183.2,543.5,,,1,0,0,1
1107237649839200,1791132899.357356,14357,tx,3151.6,323.6,770.7,,,1,0,0,1
1107237790604000,1791132899.498126,14498,tx,8712.0,247.5,421.1,,,1,0,0,1
1107237948695100,1791132899.656217,14656,tx,1866.9,426.4,725.2,,,1,0,0,1
1107238091552600,1791132899.799072,14799,tx,2251.0,264.7,626.6,,,1,0,0,1
1107238231465300,1791132899.938989,14938,tx,65641.1,249.6,491.4,,,1,0,0,1
1107238402166100,1791132900.109690,109,tx,2470.0,312.3,886.3,,,1,0,0,1
1107238544655400,1791132900.252181,252,tx,1354.5,218.0,410.1,,,1,0,0,1
1107238688646000,1791132900.396172,396,tx,1998.5,172.5,355.9,,,1,0,0,1
1107238833241300,1791132900.540767,540,tx,1953.1,250.7,592.0,,,1,0,0,1
1107238977506800,1791132900.685034,685,tx,1330.7,256.0,466.6,,,1,0,0,1
1107239123610000,1791132900.831134,831,tx,24912.2,317.2,995.8,,,1,0,0,1
1107239282341600,1791132900.989872,989,tx,9516.4,188.4,350.0,,,1,0,0,1
1107239425014500,1791132901.132531,1132,tx,2022.6,208.6,506.9,,,1,0,0,1
1107239566938800,1791132901.274424,1274,tx,1416.8,254.1,600.0,,,1,0,0,1
1107239709469500,1791132901.417000,1416,tx,1834.2,182.6,620.2,,,1,0,0,1
1107239850222000,1791132901.557754,1557,tx,1166.3,224.7,427.1,,,1,0,0,1
1107239991076400,1791132901.698597,1698,tx,16669.3,232.4,650.9,,,1,0,0,1
1107240131194700,1791132901.838729,1838,tx,1085.5,147.0,408.7,,,1,0,0,1
1107240271526400,1791132901.979050,1979,tx,1490.7,249.3,455.3,,,1,0,0,1
1107240414076400,1791132902.121599,2121,tx,2723.5,224.1,583.4,,,1,0,0,1
1107240554810400,1791132902.262336,2262,tx,7662.7,274.3,977.0,,,1,0,0,1
1107240695420300,1791132902.402956,2402,tx,1610.0,194.4,551.9,,,1,0,0,1
1107240836525100,1791132902.544055,2544,tx,1459.1,215.0,432.5,,,1,0,0,1
1107240978566100,1791132902.686101,2686,tx,7500.1,462.6,865.8,,,1,0,0,1
1107241120256200,1791132902.827795,2827,tx,1283.3,215.7,449.1,,,1,0,0,1
1107241306910300,1791132903.014452,3014,tx,14819.4,230.6,654.8,,,1,0,0,1
1107241452937200,1791132903.160479,3160,tx,1538.8,383.5,575.9,,,1,0,0,1
1107241595984600,1791132903.303511,3303,tx,1363.5,271.2,434.3,,,1,0,0,1
1107241737585700,1791132903.445110,3445,tx,13241.8,192.3,536.8,,,1,0,0,1
1107241880628800,1791132903.588172,3588,tx,1196.1,236.1,428.3,,,1,0,0,1
1107242021371700,1791132903.728917,3728,tx,1518.3,218.8,623.8,,,1,0,0,1
1107242162541700,1791132903.870084,3870,tx,3294.0,472.9,884.8,,,1,0,0,1
1107242304142300,1791132904.011689,4011,tx,1403.4,253.4,563.5,,,1,0,0,1
1107242445866000,1791132904.153410,4153,tx,3642.6,363.9,648.1,,,1,0,0,1
1107242586924400,1791132904.294470,4294,tx,1468.7,278.7,510.2,,,1,0,0,1
1107242729584000,1791132904.437125,4437,tx,70091.1,300.7,865.2,,,1,0,0,1
1107242927753100,1791132904.635299,4635,tx,20376.3,281.7,772.4,,,1,0,0,1
1107243076531400,1791132904.784076,4784,tx,1117.7,228.0,393.7,,,1,0,0,1
1107243233993800,1791132904.941544,4941,tx,1578.4,256.4,568.9,,,1,0,0,1
1107243376893200,1791132905.084444,5084,tx,17817.4,278.5,618.9,,,1,0,0,1
1107243518720800,1791132905.226274,5226,tx,2576.3,239.4,668.1,,,1,0,0,1
1107243658743200,1791132905.366297,5366,tx,1327.4,155.9,383.3,,,1,0,0,1
1107243801209000,1791132905.508764,5508,tx,1313.7,301.3,512.5,,,1,0,0,1
1107243941640400,1791132905.649197,5649,tx,1486.9,162.1,444.1,,,1,0,0,1
1107244082810600,1791132905.790365,5790,tx,1722.1,467.9,656.7,,,1,0,0,1
1107244225822500,1791132905.933378,5933,tx,2115.1,186.6,620.8,,,1,0,0,1
1107244366798200,1791132906.074350,6074,tx,16567.1,372.8,685.4,,,1,0,0,1
1107244507898700,1791132906.215458,6215,tx,1328.4,387.1,560.7,,,1,0,0,1
1107244648534300,1791132906.356090,6356,tx,1966.3,287.1,564.1,,,1,0,0,1
1107244788940200,1791132906.496498,6496,tx,2156.0,254.9,540.5,,,1,0,0,1
1107244930372400,1791132906.637933,6637,tx,1302.5,325.2,516.0,,,1,0,0,1
1107245073494100,1791132906.781055,6781,tx,1961.0,212.2,505.4,,,1,0,0,1
1107245215189600,1791132906.922742,6922,tx,2730.4,220.9,618.9,,,1,0,0,1
1107245354513000,1791132907.062077,7062,tx,5670.5,249.6,440.7,,,1,0,0,1
1107245510668700,1791132907.218230,7218,tx,2784.9,385.6,738.6,,,1,0,0,1
1107245651316000,1791132907.358876,7358,tx,1622.0,227.7,581.6,,,1,0,0,1
1107245803327400,1791132907.510894,7510,tx,1457.7,134.1,247.4,,,1,0,0,1
1107245949430300,1791132907.656996,7656,tx,1417.5,236.5,532.1,,,1,0,0,1
1107246089389700,1791132907.796956,7796,tx,2401.2,365.5,1079.1,,,1,0,0,1
1107246231117700,1791132907.938687,7938,tx,3423.4,227.3,418.7,,,1,0,0,1
1107246387656000,1791132908.095226,8095,tx,1298.5,233.8,428.7,,,1,0,0,1
1107246527327900,1791132908.234898,8234,tx,11184.6,188.3,465.4,,,1,0,0,1
1107246668964200,1791132908.376529,8376,tx,11736.2,350.4,572.0,,,1,0,0,1
1107246809067100,1791132908.516639,8516,tx,1580.0,190.5,506.1,,,1,0,0,1
1107246952041000,1791132908.659612,8659,tx,1902.5,215.6,495.0,,,1,0,0,1
1107247108253500,1791132908.815823,8815,tx,9715.5,309.2,758.1,,,1,0,0,1
1107247309063300,1791132909.016638,9016,tx,21120.8,161.6,346.8,,,1,0,0,1
1107247455000500,1791132909.162576,9162,tx,1579.0,182.0,526.4,,,1,0,0,1
1107247597295800,1791132909.304863,9304,tx,1358.7,228.3,470.7,,,1,0,0,1
1107247739639300,1791132909.447213,9447,tx,17347.3,177.8,765.6,,,1,0,0,1
1107247897496400,1791132909.605071,9605,tx,3479.2,782.9,1237.1,,,1,0,0,1
1107248040833100,1791132909.748411,9748,tx,1212.8,367.1,575.8,,,1,0,0,1
1107248182977900,1791132909.890554,9890,tx,4169.6,201.2,934.6,,,1,0,0,1
1107248323717700,1791132910.031298,10031,tx,1394.6,283.2,488.9,,,1,0,0,1
1107248462479300,1791132910.170059,10170,tx,2373.9,682.7,1145.4,,,1,0,0,1
1107248603381200,1791132910.310961,10310,tx,2141.9,281.8,570.3,,,1,0,0,1
1107248745825000,1791132910.453393,10453,tx,60066.8,464.6,653.7,,,1,0,0,1
1107248927444700,1791132910.635027,10635,tx,3277.4,212.4,686.7,,,1,0,0,1
1107249075766300,1791132910.783345,10783,tx,15532.6,397.2,715.4,,,1,0,0,1
1107249230892700,1791132910.938477,10938,tx,1421.0,396.9,587.6,,,1,0,0,1
1107249371084900,1791132911.078670,11078,tx,3007.5,199.8,791.1,,,1,0,0,1
1107249512922200,1791132911.220510,11220,tx,1127.1,356.7,516.8,,,1,0,0,1
1107249655803900,1791132911.363392,11363,tx,1835.2,393.4,643.1,,,1,0,0,1
1107249797452200,1791132911.505040,11505,tx,1482.0,259.1,582.9,,,1,0,0,1
1107249941473300,1791132911.649049,11649,tx,24823.8,369.8,1013.9,,,1,0,0,1
1107250084802800,1791132911.792392,11792,tx,2492.8,216.8,591.6,,,1,0,0,1
1107250226840100,1791132911.934431,11934,tx,11368.4,470.7,680.9,,,1,0,0,1
1107250368817700,1791132912.076408,12076,tx,1473.7,376.0,592.1,,,1,0,0,1
1107250509349200,1791132912.216940,12216,tx,1434.1,224.3,538.6,,,1,0,0,1
1107250651491500,1791132912.359080,12359,tx,4173.6,994.2,1448.3,,,1,0,0,1
1107250792774900,1791132912.500368,12500,tx,1500.5,450.4,666.3,,,1,0,0,1
1107250932610300,1791132912.640201,12640,tx,22076.2,309.2,1038.5,,,1,0,0,1
1107251086782000,1791132912.794378,12794,tx,1635.5,128.4,262.0,,,1,0,0,1
1107251229263400,1791132912.936859,12936,tx,1988.0,201.6,478.3,,,1,0,0,1
1107251382519700,1791132913.090116,13090,tx,17418.7,237.5,630.8,,,1,0,0,1
1107251528261400,1791132913.235860,13235,tx,1781.8,201.8,549.4,,,1,0,0,1
1107251670675000,1791132913.378273,13378,tx,2575.9,689.8,956.5,,,1,0,0,1
1107251812020600,1791132913.519619,13519,tx,1219.9,255.5,623.9,,,1,0,0,1
1107251951283000,1791132913.658884,13658,tx,1141.1,255.6,459.5,,,1,0,0,1
1107252092764400,1791132913.800365,13800,tx,2000.7,520.5,742.3,,,1,0,0,1
1107252235396900,1791132913.942999,13942,tx,13824.2,628.6,837.5,,,1,0,0,1
1107252376227300,1791132914.083830,14083,tx,1234.8,317.8,488.5,,,1,0,0,1
1107252515136700,1791132914.222739,14222,tx,1307.8,280.4,599.6,,,1,0,0,1
1107252659036700,1791132914.366631,14366,tx,1476.0,212.7,526.9,,,1,0,0,1
1107252800895200,1791132914.508501,14508,tx,1822.4,699.3,947.1,,,1,0,0,1
1107252942659300,1791132914.650263,14650,tx,1441.4,217.9,397.8,,,1,0,0,1
1107253085152200,1791132914.792755,14792,tx,3963.1,385.1,721.3,,,1,0,0,1
1107253226683400,1791132914.934287,14934,tx,71251.9,436.1,779.8,,,1,0,0,1
1107253423177600,1791132915.130787,130,tx,1493.1,227.9,409.7,,,1,0,0,1
1107253566742300,1791132915.274349,274,tx,6671.5,288.8,801.8,,,1,0,0,1
1107253710730700,1791132915.418340,418,tx,1778.6,432.4,730.3,,,1,0,0,1
1107253853926700,1791132915.561535,561,tx,11171.6,188.9,595.1,,,1,0,0,1
1107253997414900,1791132915.705027,705,tx,9908.2,179.6,607.2,,,1,0,0,1
1107254142488200,1791132915.850100,850,tx,1558.1,235.4,450.1,,,1,0,0,1
1107254284873400,1791132915.992487,992,tx,1466.3,361.8,566.2,,,1,0,0,1
1107254426469300,1791132916.134083,1134,tx,8436.5,197.8,426.7,,,1,0,0,1
1107254569322500,1791132916.276937,1276,tx,1566.6,148.0,552.3,,,1,0,0,1
1107254711181600,1791132916.418795,1418,tx,1712.8,207.2,478.3,,,1,0,0,1
1107254851837900,1791132916.559449,1559,tx,3076.4,268.2,763.3,,,1,0,0,1
1107254993342600,1791132916.700958,1700,tx,2197.0,274.8,566.7,,,1,0,0,1
1107255135476700,1791132916.843093,1843,tx,1758.6,263.2,517.7,,,1,0,0,1
1107255277041200,1791132916.984661,1984,tx,1548.6,279.0,449.2,,,1,0,0,1
1107255419241100,1791132917.126859,2126,tx,6340.5,234.1,511.3,,,1,0,0,1
1107255577778700,1791132917.285398,2285,tx,2336.7,282.4,755.2,,,1,0,0,1
1107255721494500,1791132917.429108,2429,tx,2321.3,266.6,581.6,,,1,0,0,1
1107255862341500,1791132917.569961,2569,tx,2221.9,266.7,622.8,,,1,0,0,1
1107256005983100,1791132917.713606,2713,tx,1295.8,172.0,527.7,,,1,0,0,1
1107256148582600,1791132917.856205,2856,tx,1424.6,269.8,546.8,,,1,0,0,1
1107256299597100,1791132918.007222,3007,tx,1080.1,251.2,363.8,,,1,0,0,1
1107256445404500,1791132918.153029,3153,tx,1195.5,203.0,525.7,,,1,0,0,1
1107256586848500,1791132918.294471,3294,tx,3419.9,328.6,878.1,,,1,0,0,1
1107256729440000,1791132918.437068,3437,tx,1770.1,236.9,466.4,,,1,0,0,1
1107256871972500,1791132918.579601,3579,tx,1606.7,635.5,805.7,,,1,0,0,1
1107257014499600,1791132918.722126,3722,tx,2357.2,322.0,618.3,,,1,0,0,1
1107257156448000,1791132918.864076,3864,tx,9332.6,442.9,895.3,,,1,0,0,1
1107257297547700,1791132919.005178,4005,tx,1516.4,289.5,450.4,,,1,0,0,1
1107257439023500,1791132919.146654,4146,tx,10209.5,217.6,787.6,,,1,0,0,1
1107257580441400,1791132919.288074,4288,idle,1210.1,185.3,356.0,,,0,0,0,0
1107257721944100,1791132919.429577,4429,idle,183942.3,,,,,0,0,0,1
1107258061614800,1791132919.769250,4769,tx,7332.1,185.7,329.2,,,1,0,0,1
1107258209219400,1791132919.916854,4916,tx,1252.7,161.4,486.5,,,1,0,0,1
1107258348773600,1791132920.056410,5056,tx,1570.9,339.5,690.0,,,1,0,0,1
1107258491874900,1791132920.199506,5199,tx,31478.5,314.4,847.1,,,1,0,0,1
1107258648890700,1791132920.356530,5356,tx,1798.5,196.5,626.2,,,1,0,0,1
1107258788707600,1791132920.496346,5496,tx,1311.6,468.1,657.7,,,1,0,0,1
1107258931739800,1791132920.639375,5639,tx,3823.3,427.4,644.1,,,1,0,0,1
1107259074039300,1791132920.781679,5781,tx,1657.9,317.5,567.6,,,1,0,0,1
1107259214181900,1791132920.921823,5921,tx,1288.9,270.2,433.2,,,1,0,0,1
1107259353685600,1791132921.061326,6061,tx,1623.8,288.9,489.7,,,1,0,0,1
1107259497628800,1791132921.205256,6205,tx,1219.6,305.7,502.2,,,1,0,0,1
1107259638677400,1791132921.346321,6346,tx,1330.8,351.8,739.4,,,1,0,0,1
1107259788635200,1791132921.496280,6496,tx,1373.5,159.4,281.4,,,1,0,0,1
1107259937628900,1791132921.645275,6645,tx,1659.5,630.9,799.3,,,1,0,0,1
1107260080501700,1791132921.788144,6788,tx,1239.8,207.9,492.6,,,1,0,0,1
1107260222524300,1791132921.930162,6930,tx,1521.4,210.5,478.4,,,1,0,0,1
1107260363921500,1791132922.071570,7071,tx,1162.5,383.6,567.3,,,1,0,0,1
1107260504757700,1791132922.212406,7212,tx,1833.3,701.4,889.5,,,1,0,0,1
1107260646141600,1791132922.353788,7353,tx,2675.9,239.2,752.0,,,1,0,0,1
1107260787616900,1791132922.495267,7495,tx,4375.2,182.8,365.9,,,1,0,0,1
1107260930912900,1791132922.638563,7638,tx,1276.4,434.1,606.2,,,1,0,0,1
1107261073093000,1791132922.780742,7780,tx,1766.8,161.9,686.8,,,1,0,0,1
1107261214398700,1791132922.922048,7922,tx,30142.7,296.6,739.6,,,1,0,0,1
1107261371554100,1791132923.079207,8079,tx,1590.2,160.0,451.8,,,1,0,0,1
1107261515616200,1791132923.223264,8223,tx,5958.8,210.1,432.1,,,1,0,0,1
1107261658389400,1791132923.366035,8366,tx,20989.7,185.2,645.9,,,1,0,0,1
1107261807952900,1791132923.515608,8515,tx,1906.3,303.1,764.3,,,1,0,0,1
1107261959605200,1791132923.667261,8667,tx,1736.1,407.0,769.9,,,1,0,0,1
1107262101435300,1791132923.809093,8809,tx,1742.0,279.9,467.0,,,1,0,0,1
1107262242387800,1791132923.950047,8950,tx,49206.5,160.3,338.3,,,1,0,0,1
1107262400062900,1791132924.107721,9107,tx,2086.2,165.4,671.8,,,1,0,0,1
1107262542261400,1791132924.249921,9249,tx,10234.7,204.3,469.5,,,1,0,0,1
1107262685275700,1791132924.392936,9392,tx,1128.1,210.4,405.1,,,1,0,0,1
1107262824792700,1791132924.532436,9532,tx,1278.0,504.6,671.1,,,1,0,0,1
1107262965660300,1791132924.673323,9673,tx,1668.2,317.3,515.5,,,1,0,0,1
1107263108401400,1791132924.816065,9816,tx,1372.7,283.1,452.7,,,1,0,0,1
1107263260604500,1791132924.968269,9968,tx,1181.5,237.6,377.6,,,1,0,0,1
1107263408705300,1791132925.116369,10116,tx,11534.0,428.8,660.6,,,1,0,0,1
1107263550709100,1791132925.258374,10258,tx,2291.0,302.2,463.9,,,1,0,0,1
1107263692458200,1791132925.400113,10400,tx,2140.1,174.9,455.9,,,1,0,0,1
1107263832045700,1791132925.539713,10539,tx,1370.1,181.3,486.7,,,1,0,0,1
1107263972566000,1791132925.680233,10680,tx,1227.9,186.0,399.1,,,1,0,0,1
1107264114092100,1791132925.821760,10821,tx,2237.1,286.5,528.6,,,1,0,0,1
1107264287355800,1791132925.995026,10995,tx,5812.2,210.7,419.6,,,1,0,0,1
1107264428268400,1791132926.135895,11135,tx,2227.3,219.0,1552.6,,,1,0,0,1
1107264569121400,1791132926.276787,11276,tx,3865.3,385.5,931.1,,,1,0,0,1
1107264710354100,1791132926.418024,11418,tx,3289.4,472.2,1143.4,,,1,0,0,1
1107264849531300,1791132926.557204,11557,tx,10539.7,241.7,438.6,,,1,0,0,1
1107264992327600,1791132926.699997,11699,tx,1841.5,210.5,514.8,,,1,0,0,1
1107265134912900,1791132926.842586,11842,tx,1359.5,372.1,560.1,,,1,0,0,1
1107265301362400,1791132927.009038,12009,tx,2374.5,255.7,668.5,,,1,0,0,1
1107265451087000,1791132927.158761,12158,tx,1876.0,258.2,507.7,,,1,0,0,1
1107265592875900,1791132927.300544,12300,tx,2336.0,230.3,671.1,,,1,0,0,1
1107265736125300,1791132927.443796,12443,tx,47492.7,186.3,494.2,,,1,0,0,1
1107265903981900,1791132927.611659,12611,tx,4400.1,287.8,864.2,,,1,0,0,1
1107266048204300,1791132927.755884,12755,tx,1192.0,231.6,509.7,,,1,0,0,1
1107266190085100,1791132927.897764,12897,tx,1337.1,219.8,443.7,,,1,0,0,1
1107266329536100,1791132928.037215,13037,tx,1191.3,172.3,461.0,,,1,0,0,1
1107266472470300,1791132928.180147,13180,tx,22960.1,346.6,1124.4,,,1,0,0,1
1107266614531100,1791132928.322212,13322,tx,1507.7,176.5,413.5,,,1,0,0,1
1107266785120200,1791132928.492804,13492,tx,1485.1,131.8,475.7,,,1,0,0,1
1107266927595400,1791132928.635278,13635,tx,1717.1,236.5,492.3,,,1,0,0,1
1107267068713600,1791132928.776375,13776,tx,1348.4,436.4,636.6,,,1,0,0,1
1107267207980000,1791132928.915663,13915,tx,3085.7,224.9,478.3,,,1,0,0,1
1107267349941500,1791132929.057628,14057,tx,17770.5,235.4,627.4,,,1,0,0,1
1107267487797700,1791132929.195485,14195,tx,1500.7,351.2,608.0,,,1,0,0,1
1107267633316400,1791132929.341003,14341,tx,2097.9,250.8,533.2,,,1,0,0,1
1107267774595700,1791132929.482283,14482,tx,1920.1,422.5,842.8,,,1,0,0,1
1107267917586800,1791132929.625277,14625,tx,1194.7,114.5,351.5,,,1,0,0,1
1107268061244200,1791132929.768934,14768,tx,1389.2,234.4,447.1,,,1,0,0,1
1107268201092900,1791132929.908785,14908,tx,1339.7,203.5,398.4,,,1,0,0,1
1107268342257600,1791132930.049949,49,tx,7778.7,121.3,443.0,,,1,0,0,1
1107268493480600,1791132930.201149,201,tx,13411.8,396.0,976.0,,,1,0,0,1
1107268639185800,1791132930.346879,346,tx,2707.8,291.7,533.5,,,1,0,0,1
1107268781364200,1791132930.489060,489,tx,1787.0,199.5,440.1,,,1,0,0,1
1107268926546800,1791132930.634242,634,tx,1342.4,214.4,444.8,,,1,0,0,1
1107269069780900,1791132930.777477,777,tx,1800.8,654.0,881.5,,,1,0,0,1
1107269515411000,1791132931.223110,1223,tx,13603.1,199.7,379.3,,,1,0,0,1
1107269662229900,1791132931.369925,1369,tx,1301.6,190.5,527.5,,,1,0,0,1
1107269802151900,1791132931.509845,1509,tx,1107.4,270.0,483.9,,,1,0,0,1
1107269944824300,1791132931.652526,1652,tx,1893.4,609.7,834.2,,,1,0,0,1
1107270085876800,1791132931.793579,1793,tx,7953.9,371.2,532.7,,,1,0,0,1
1107270223159000,1791132931.930861,1930,tx,1212.3,198.3,394.6,,,1,0,0,1
1107270369536900,1791132932.077240,2077,tx,1242.6,273.7,469.4,,,1,0,0,1
1107270512640500,1791132932.220345,2220,tx,1710.2,216.2,419.4,,,1,0,0,1
1107270654120700,1791132932.361825,2361,tx,430175.1,280.4,495.2,,,1,0,0,1
1107271207697800,1791132932.915406,2915,tx,1710.1,487.8,793.6,,,1,0,0,1
1107271349445900,1791132933.057155,3057,tx,1368.6,307.3,473.9,,,1,0,0,1
1107271492125200,1791132933.199835,3199,tx,1218.2,204.9,374.8,,,1,0,0,1
1107271632337300,1791132933.340047,3340,tx,1203.0,306.0,584.5,,,1,0,0,1
1107271782073800,1791132933.489786,3489,tx,1163.6,160.2,408.2,,,1,0,0,1
1107271929699300,1791132933.637409,3637,tx,2402.0,409.1,761.0,,,1,0,0,1
1107272071335100,1791132933.779042,3779,tx,2302.3,159.8,389.2,,,1,0,0,1
1107272211766800,1791132933.919479,3919,tx,1807.4,334.7,721.5,,,1,0,0,1
1107272354710200,1791132934.062423,4062,tx,1857.8,387.4,626.6,,,1,0,0,1
1107272497017700,1791132934.204732,4204,tx,1998.2,255.1,477.1,,,1,0,0,1
1107272639523900,1791132934.347232,4347,tx,1280.0,295.1,485.8,,,1,0,0,1
1107272787327700,1791132934.495046,4495,tx,10665.9,205.7,328.2,,,1,0,0,1
1107272939188300,1791132934.646906,4646,tx,1538.0,219.2,602.3,,,1,0,0,1
1107273081016000,1791132934.788733,4788,tx,1558.9,247.7,490.3,,,1,0,0,1
1107273221496400,1791132934.929213,4929,tx,3152.6,176.9,531.1,,,1,0,0,1
1107273364183000,1791132935.071899,5071,tx,18049.3,317.0,832.4,,,1,0,0,1
1107273522229700,1791132935.229949,5229,tx,1261.5,213.5,533.6,,,1,0,0,1
1107273663721900,1791132935.371444,5371,tx,1953.9,790.8,1064.5,,,1,0,0,1
1107273806505300,1791132935.514228,5514,tx,4057.9,223.4,404.9,,,1,0,0,1
1107273948222200,1791132935.655946,5655,tx,1163.5,276.9,481.9,,,1,0,0,1
1107274089580900,1791132935.797304,5797,tx,2323.5,439.6,859.6,,,1,0,0,1
1107274231129500,1791132935.938844,5938,tx,3794.0,249.8,766.4,,,1,0,0,1
1107274371530500,1791132936.079257,6079,tx,5895.9,218.5,425.2,,,1,0,0,1
1107274512434800,1791132936.220097,6220,tx,1124.2,230.7,499.2,,,1,0,0,1
1107274653863800,1791132936.361588,6361,tx,3130.1,270.1,685.2,,,1,0,0,1
1107274810015700,1791132936.517735,6517,tx,1130.2,287.8,489.6,,,1,0,0,1
1107274952966300,1791132936.660695,6660,tx,2632.2,679.2,939.5,,,1,0,0,1
1107275095684400,1791132936.803413,6803,tx,1759.3,436.6,699.4,,,1,0,0,1
1107275236713200,1791132936.944444,6944,tx,12869.7,482.7,699.1,,,1,0,0,1
1107275377815800,1791132937.085547,7085,tx,1385.2,359.2,542.0,,,1,0,0,1
1107275520862100,1791132937.228592,7228,tx,4293.7,221.5,923.4,,,1,0,0,1
1107275662517700,1791132937.370234,7370,tx,11447.4,223.6,455.2,,,1,0,0,1
1107275804504900,1791132937.512239,7512,tx,1388.3,212.9,342.6,,,1,0,0,1
1107275946277100,1791132937.654009,7654,tx,1800.2,311.1,563.9,,,1,0,0,1
1107276090592600,1791132937.798327,7798,tx,1867.2,232.2,522.4,,,1,0,0,1
1107276232316400,1791132937.940053,7940,tx,1765.3,198.2,421.4,,,1,0,0,1
1107276373914600,1791132938.081651,8081,tx,12828.6,274.7,466.3,,,1,0,0,1
1107276514685000,1791132938.222402,8222,tx,2685.5,259.8,887.0,,,1,0,0,1
1107276652231800,1791132938.359969,8359,tx,14047.4,242.6,541.1,,,1,0,0,1
1107276798304000,1791132938.506043,8506,tx,1662.1,234.6,463.5,,,1,0,0,1
1107276940077200,1791132938.647816,8647,tx,2012.9,281.3,565.4,,,1,0,0,1
1107277083365600,1791132938.791101,8791,tx,6418.5,227.1,598.0,,,1,0,0,1
1107277224652600,1791132938.932395,8932,tx,1354.8,248.2,465.9,,,1,0,0,1
1107277365497200,1791132939.073240,9073,tx,1361.2,226.7,542.8,,,1,0,0,1
1107277510139600,1791132939.217883,9217,tx,1387.0,152.0,447.1,,,1,0,0,1
1107277653028100,1791132939.360772,9360,tx,1391.3,196.6,427.1,,,1,0,0,1
1107277793913600,1791132939.501659,9501,tx,1450.3,292.3,501.2,,,1,0,0,1
1107277935788200,1791132939.643533,9643,tx,2371.0,778.6,1000.7,,,1,0,0,1
1107278077998800,1791132939.785746,9785,tx,3233.2,228.3,556.8,,,1,0,0,1
1107278219635900,1791132939.927379,9927,tx,1962.1,125.0,352.3,,,1,0,0,1
1107278361702400,1791132940.069448,10069,tx,2570.9,353.5,710.7,,,1,0,0,1
1107278503737300,1791132940.211481,10211,tx,11471.4,213.0,1267.8,,,1,0,0,1
1107278645829200,1791132940.353579,10353,tx,3284.9,190.2,507.4,,,1,0,0,1
1107278790619900,1791132940.498372,10498,tx,1337.1,274.7,377.5,,,1,0,0,1
1107278928307000,1791132940.636058,10636,tx,1754.4,202.9,541.7,,,1,0,0,1
1107279070609100,1791132940.778359,10778,tx,1300.3,163.6,361.0,,,1,0,0,1
1107279212141100,1791132940.919888,10919,tx,1207.3,229.2,423.6,,,1,0,0,1
1107279353363400,1791132941.061115,11061,tx,1824.7,209.6,479.6,,,1,0,0,1
1107279496056300,1791132941.203811,11203,tx,10269.9,344.4,656.8,,,1,0,0,1
1107279637820800,1791132941.345563,11345,tx,1671.6,431.3,655.8,,,1,0,0,1
1107279778962800,1791132941.486719,11486,tx,1330.8,201.1,424.8,,,1,0,0,1
1107279920652700,1791132941.628409,11628,tx,12052.9,215.4,418.2,,,1,0,0,1
1107280063546200,1791132941.771305,11771,tx,241433.8,174.3,350.5,,,1,0,0,1
1107280408244000,1791132942.116004,12116,tx,2689.2,244.6,511.5,,,1,0,0,1
1107280549769800,1791132942.257525,12257,tx,3690.7,315.7,791.4,,,1,0,0,1
1107280693158400,1791132942.400905,12400,tx,23880.7,291.2,928.0,,,1,0,0,1
1107280832322700,1791132942.540084,12540,tx,1335.2,264.3,506.3,,,1,0,0,1
1107280973993500,1791132942.681755,12681,tx,1496.7,220.8,535.2,,,1,0,0,1
1107281114924700,1791132942.822628,12822,tx,2955.5,244.0,727.4,,,1,0,0,1
1107281255192900,1791132942.962947,12962,tx,13079.2,182.5,671.0,,,1,0,0,1
1107281397306900,1791132943.105070,13105,tx,1304.3,191.9,401.2,,,1,0,0,1
1107281537892800,1791132943.245655,13245,tx,4306.8,294.2,1056.2,,,1,0,0,1
1107281677870200,1791132943.385637,13385,tx,9222.6,371.0,537.4,,,1,0,0,1
1107281815319400,1791132943.523088,13523,tx,1445.2,323.5,463.4,,,1,0,0,1
1107281958495900,1791132943.666265,13666,tx,1463.4,167.1,359.4,,,1,0,0,1
1107282102254800,1791132943.810023,13810,tx,2442.3,172.0,719.4,,,1,0,0,1
1107282243885100,1791132943.951649,13951,tx,1455.8,184.9,679.0,,,1,0,0,1
1107282382941400,1791132944.090709,14090,tx,1623.6,249.5,544.9,,,1,0,0,1
1107282524635900,1791132944.232406,14232,tx,2189.2,480.9,739.9,,,1,0,0,1
1107282665097700,1791132944.372870,14372,tx,6005.7,192.7,422.7,,,1,0,0,1
1107282806400300,1791132944.514174,14514,tx,1431.3,217.0,407.1,,,1,0,0,1
1107282947776500,1791132944.655545,14655,tx,2727.4,220.0,653.3,,,1,0,0,1
1107283090935600,1791132944.798706,14798,tx,5686.2,262.7,754.0,,,1,0,0,1
1107283231987600,1791132944.939761,14939,tx,1594.6,210.1,606.2,,,1,0,0,1
1107283381119400,1791132945.088895,88,tx,1481.3,214.2,407.5,,,1,0,0,1
1107283524767000,1791132945.232541,232,tx,3458.1,343.9,990.7,,,1,0,0,1
1107283668204300,1791132945.375982,375,tx,10878.6,254.7,518.4,,,1,0,0,1
1107283811523200,1791132945.519303,519,tx,1611.1,217.4,415.9,,,1,0,0,1
1107283959910700,1791132945.667687,667,tx,2668.2,253.3,679.5,,,1,0,0,1
1107284102346600,1791132945.810125,810,tx,5192.3,187.6,663.6,,,1,0,0,1
1107284246843500,1791132945.954625,954,tx,1406.9,430.3,620.7,,,1,0,0,1
1107284390216200,1791132946.097978,1097,tx,2434.3,245.0,540.1,,,1,0,0,1
1107284531217400,1791132946.238999,1238,tx,12583.3,193.8,467.1,,,1,0,0,1
1107284687812300,1791132946.395596,1395,tx,1284.9,383.9,583.9,,,1,0,0,1
1107284830760900,1791132946.538544,1538,tx,1873.1,736.6,935.1,,,1,0,0,1
1107284973680400,1791132946.681466,1681,tx,1421.9,319.3,498.3,,,1,0,0,1
1107285115642300,1791132946.823419,1823,tx,1414.7,432.3,845.6,,,1,0,0,1
1107285257102300,1791132946.964871,1964,tx,47415.0,169.1,646.9,,,1,0,0,1
1107285425097700,1791132947.132885,2132,tx,9162.3,286.8,587.3,,,1,0,0,1
1107285570987300,1791132947.278777,2278,tx,1055.8,236.2,356.1,,,1,0,0,1
1107285713672000,1791132947.421433,2421,tx,3291.0,412.7,849.9,,,1,0,0,1
1107285855381600,1791132947.563172,2563,tx,1195.4,278.4,595.8,,,1,0,0,1
1107285995447700,1791132947.703239,2703,tx,1927.6,182.0,555.2,,,1,0,0,1
1107286136168500,1791132947.843959,2843,tx,1745.9,270.4,543.9,,,1,0,0,1
1107286466014400,1791132948.173809,3173,tx,10170.7,262.3,443.8,,,1,0,0,1
1107286608974700,1791132948.316769,3316,tx,8345.2,208.3,531.6,,,1,0,0,1
1107286746363800,1791132948.454158,3454,tx,1238.5,324.2,521.5,,,1,0,0,1
1107286888689300,1791132948.596486,3596,tx,1146.4,290.6,469.1,,,1,0,0,1
1107287031179400,1791132948.738976,3738,tx,8678.5,271.3,463.7,,,1,0,0,1
1107287187818900,1791132948.895613,3895,tx,3065.3,330.3,672.8,,,1,0,0,1
1107287330445500,1791132949.038243,4038,tx,2732.0,689.6,1017.6,,,1,0,0,1
1107287472441300,1791132949.180222,4180,tx,11018.6,221.8,566.4,,,1,0,0,1
1107287612607800,1791132949.320407,4320,tx,1499.8,203.7,419.4,,,1,0,0,1
1107287756251000,1791132949.464051,4464,tx,53113.7,194.8,609.3,,,1,0,0,1
1107287916653300,1791132949.624455,4624,tx,6560.5,176.4,388.6,,,1,0,0,1
1107288053853300,1791132949.761654,4761,tx,1494.6,181.2,632.8,,,1,0,0,1
1107288194644600,1791132949.902446,4902,tx,1817.3,423.9,767.0,,,1,0,0,1
1107288335838100,1791132950.043643,5043,tx,1468.4,347.7,570.2,,,1,0,0,1
1107288475805200,1791132950.183611,5183,tx,1185.3,410.0,593.6,,,1,0,0,1
1107288618135000,1791132950.325936,5325,tx,1481.0,215.2,456.0,,,1,0,0,1
1107288760688800,1791132950.468495,5468,tx,12752.4,451.1,671.5,,,1,0,0,1
1107288900995900,1791132950.608799,5608,tx,1564.1,139.1,331.9,,,1,0,0,1
1107289042893600,1791132950.750702,5750,tx,1324.1,312.4,474.7,,,1,0,0,1
1107289182860300,1791132950.890670,5890,tx,1768.2,192.4,644.9,,,1,0,0,1
1107289324279300,1791132951.032084,6032,tx,21376.9,174.0,447.6,,,1,0,0,1
1107289465740600,1791132951.173552,6173,tx,1504.3,400.7,577.5,,,1,0,0,1
1107289621310300,1791132951.329120,6329,tx,1864.5,324.1,674.8,,,1,0,0,1
1107289763334900,1791132951.471143,6471,tx,40049.6,322.0,590.2,,,1,0,0,1
1107289916973600,1791132951.624788,6624,tx,1379.5,160.7,475.9,,,1,0,0,1
1107290063826300,1791132951.771641,6771,tx,1283.1,167.7,612.0,,,1,0,0,1
1107290205101500,1791132951.912915,6912,tx,8704.6,193.4,487.2,,,1,0,0,1
1107290345132300,1791132952.052924,7052,tx,3744.7,213.9,934.8,,,1,0,0,1
1107290486263200,1791132952.194079,7194,tx,1779.0,220.3,474.0,,,1,0,0,1
1107290625891700,1791132952.333688,7333,tx,3416.4,265.2,871.8,,,1,0,0,1
1107290802726000,1791132952.510529,7510,tx,1670.0,432.6,707.6,,,1,0,0,1
1107290954607900,1791132952.662426,7662,tx,1474.9,239.3,477.5,,,1,0,0,1
1107291097048700,1791132952.804863,7804,tx,12660.8,263.9,617.8,,,1,0,0,1
1107291237832000,1791132952.945646,7945,tx,6313.8,343.3,572.7,,,1,0,0,1
1107291380719300,1791132953.088539,8088,tx,2452.5,193.7,705.8,,,1,0,0,1
1107291523675900,1791132953.231498,8231,tx,2762.7,389.6,632.8,,,1,0,0,1
1107291664593300,1791132953.372416,8372,tx,1360.5,194.6,356.7,,,1,0,0,1
1107291806278900,1791132953.514101,8514,tx,1373.2,232.2,428.0,,,1,0,0,1
1107291947610100,1791132953.655433,8655,tx,1750.5,216.3,454.3,,,1,0,0,1
1107292088233800,1791132953.796053,8796,tx,1474.6,261.3,557.3,,,1,0,0,1
1107292230044300,1791132953.937866,8937,tx,1480.5,244.1,536.2,,,1,0,0,1
1107292371432400,1791132954.079256,9079,tx,2639.8,412.9,943.9,,,1,0,0,1
1107292511519400,1791132954.219346,9219,tx,5065.1,245.9,534.3,,,1,0,0,1
1107292652705200,1791132954.360533,9360,tx,3627.7,165.5,381.9,,,1,0,0,1
1107292811116900,1791132954.518947,9518,tx,1623.6,291.0,539.9,,,1,0,0,1
1107292968119700,1791132954.675950,9675,tx,1842.6,633.8,821.7,,,1,0,0,1
1107293111114000,1791132954.818946,9818,tx,2322.2,195.4,348.4,,,1,0,0,1
1107293252105300,1791132954.959934,9959,tx,14401.2,205.5,772.7,,,1,0,0,1
1107293394721400,1791132955.102554,10102,tx,1618.6,374.7,622.7,,,1,0,0,1
1107293536808400,1791132955.244641,10244,tx,1714.4,646.9,821.0,,,1,0,0,1
1107293677731500,1791132955.385565,10385,tx,2408.9,781.1,1042.7,,,1,0,0,1
1107293820552400,1791132955.528381,10528,tx,8476.8,416.5,839.7,,,1,0,0,1
1107293962269500,1791132955.670105,10670,tx,1533.0,221.3,514.4,,,1,0,0,1
1107294104612600,1791132955.812449,10812,tx,1253.8,177.6,378.8,,,1,0,0,1
1107294245988100,1791132955.953823,10953,tx,2978.6,268.7,880.8,,,1,0,0,1
1107294386800400,1791132956.094638,11094,tx,1322.4,459.6,651.4,,,1,0,0,1
1107294528702300,1791132956.236540,11236,tx,1507.1,435.5,698.5,,,1,0,0,1
1107294669497000,1791132956.377336,11377,tx,11193.8,199.0,401.4,,,1,0,0,1
1107294812295200,1791132956.520136,11520,tx,8536.0,200.6,409.3,,,1,0,0,1
1107294955649400,1791132956.663489,11663,tx,2335.7,257.6,458.7,,,1,0,0,1
1107295097787900,1791132956.805630,11805,tx,1604.8,362.1,621.5,,,1,0,0,1
1107295240161500,1791132956.948002,11948,tx,62768.3,257.9,811.2,,,1,0,0,1
1107295414208400,1791132957.122052,12122,tx,1589.5,229.3,545.7,,,1,0,0,1
1107295555620300,1791132957.263465,12263,tx,1208.6,130.8,336.6,,,1,0,0,1
1107295696947700,1791132957.404791,12404,tx,4180.0,218.5,707.2,,,1,0,0,1
1107295838318400,1791132957.546164,12546,tx,1203.5,149.7,401.5,,,1,0,0,1
1107295980458400,1791132957.688304,12688,tx,2429.4,425.2,923.9,,,1,0,0,1
1107296122370600,1791132957.830208,12830,tx,12813.4,183.6,539.5,,,1,0,0,1
1107296268124800,1791132957.975974,12975,tx,7102.0,200.7,437.8,,,1,0,0,1
1107296405831600,1791132958.113680,13113,tx,2705.9,656.0,886.6,,,1,0,0,1
1107296549118400,1791132958.256969,13256,tx,7518.8,219.8,402.5,,,1,0,0,1
1107296691107000,1791132958.398955,13398,tx,1125.7,266.2,472.6,,,1,0,0,1
