t_send_ns,t_unix,phase_ms,window,lat_status_us,lat_pin_us,lat_e2e_us,lat_rts_us,lat_unkey_us,was_tx,rts_before,decoding,transmitting
1107851857812600,1791133513.568765,13568,tx,1100.7,109.0,293.0,,,1,0,0,1
1107851997719900,1791133513.708680,13708,tx,1087.8,168.8,330.2,,,1,0,0,1
1107852145904300,1791133513.856796,13856,tx,9076.6,127.3,261.6,,,1,0,0,1
1107852284431200,1791133513.995394,13995,tx,1046.0,134.3,313.1,,,1,0,0,1
1107852423755100,1791133514.134718,14134,tx,1672.5,174.9,379.1,,,1,0,0,1
1107852564842900,1791133514.275807,14275,tx,1184.5,117.1,296.3,,,1,0,0,1
1107852711344100,1791133514.422309,14422,tx,1263.5,271.8,416.0,,,1,0,0,1
1107852863441600,1791133514.574407,14574,tx,1167.9,208.0,379.3,,,1,0,0,1
1107853003682100,1791133514.714648,14714,tx,1174.0,187.7,377.3,,,1,0,0,1
1107853142095100,1791133514.853062,14853,tx,1190.8,109.2,241.4,,,1,0,0,1
1107853287394800,1791133514.998363,14998,tx,1399.0,207.2,391.5,,,1,0,0,1
1107853439964000,1791133515.150927,150,tx,1104.9,143.6,347.6,,,1,0,0,1
1107853583204000,1791133515.294173,294,tx,1277.0,330.2,515.5,,,1,0,0,1
1107853726647800,1791133515.437618,437,tx,1160.7,171.0,365.3,,,1,0,0,1
1107853868399700,1791133515.579371,579,tx,8824.4,239.7,401.1,,,1,0,0,1
1107854012993500,1791133515.723965,723,tx,1628.0,212.2,477.9,,,1,0,0,1
1107854224398600,1791133515.935372,935,tx,1219.3,272.6,380.2,,,1,0,0,1
1107854377225800,1791133516.088196,1088,tx,1324.0,240.3,586.4,,,1,0,0,1
1107854518478100,1791133516.229446,1229,tx,10071.2,153.1,332.6,,,1,0,0,1
1107854661576500,1791133516.372532,1372,tx,1024.4,126.8,308.1,,,1,0,0,1
1107854803411400,1791133516.514388,1514,tx,1058.1,160.1,332.1,,,1,0,0,1
1107854943670100,1791133516.654648,1654,tx,4761.4,243.3,402.3,,,1,0,0,1
1107855083989300,1791133516.794964,1794,tx,1222.0,158.6,367.0,,,1,0,0,1
1107855225207900,1791133516.936186,1936,tx,1191.3,124.0,284.0,,,1,0,0,1
1107855364226900,1791133517.075207,2075,tx,1240.1,304.1,537.9,,,1,0,0,1
1107855506992400,1791133517.217968,2217,tx,8596.9,145.5,315.2,,,1,0,0,1
1107855710596000,1791133517.421578,2421,tx,1151.8,129.5,233.4,,,1,0,0,1
1107855851137300,1791133517.562119,2562,tx,1425.4,367.4,617.4,,,1,0,0,1
1107855992311200,1791133517.703295,2703,tx,1207.1,177.2,445.2,,,1,0,0,1
1107856133683400,1791133517.844667,2844,tx,12772.3,202.2,447.1,,,1,0,0,1
1107856273464500,1791133517.984449,2984,tx,2126.8,138.2,293.1,,,1,0,0,1
1107856413425900,1791133518.124411,3124,tx,1271.9,226.6,392.9,,,1,0,0,1
1107856552594000,1791133518.263577,3263,tx,1180.7,177.4,391.3,,,1,0,0,1
1107856694600700,1791133518.405587,3405,tx,1093.9,139.7,307.1,,,1,0,0,1
1107856834482100,1791133518.545470,3545,tx,1079.9,110.6,260.6,,,1,0,0,1
1107856974658300,1791133518.685647,3685,tx,1067.3,134.0,295.0,,,1,0,0,1
1107857114872600,1791133518.825861,3825,tx,1694.8,193.7,401.1,,,1,0,0,1
1107857257246900,1791133518.968117,3968,tx,9448.3,349.1,525.0,,,1,0,0,1
1107857396923700,1791133519.107914,4107,tx,1006.9,161.8,317.3,,,1,0,0,1
1107857537013000,1791133519.248004,4248,tx,1071.4,123.0,309.4,,,1,0,0,1
1107857677438300,1791133519.388431,4388,tx,1026.7,178.0,326.3,,,1,0,0,1
1107857817310300,1791133519.528304,4528,tx,1562.8,232.6,459.5,,,1,0,0,1
1107857961028100,1791133519.672022,4672,tx,979.4,164.6,338.2,,,1,0,0,1
1107858103262900,1791133519.814257,4814,tx,1420.9,202.1,525.0,,,1,0,0,1
1107858242656600,1791133519.953652,4953,tx,8949.3,163.3,336.7,,,1,0,0,1
1107858400527400,1791133520.111524,5111,tx,1115.0,194.1,348.8,,,1,0,0,1
1107858542265500,1791133520.253263,5253,tx,1276.4,367.2,525.8,,,1,0,0,1
1107858719526500,1791133520.430525,5430,tx,1096.5,100.0,214.9,,,1,0,0,1
1107858857415200,1791133520.568410,5568,tx,2319.1,181.8,387.6,,,1,0,0,1
1107858999023200,1791133520.710023,5710,tx,1198.2,140.5,318.5,,,1,0,0,1
1107859138271600,1791133520.849272,5849,tx,1221.8,108.7,210.9,,,1,0,0,1
1107859282901000,1791133520.993877,5993,tx,1271.5,129.8,323.3,,,1,0,0,1
1107859424540300,1791133521.135542,6135,tx,1088.6,109.0,325.1,,,1,0,0,1
1107859564312000,1791133521.275297,6275,tx,1242.5,346.8,527.4,,,1,0,0,1
1107859706691400,1791133521.417692,6417,tx,1047.3,155.3,295.2,,,1,0,0,1
1107859847374000,1791133521.558378,6558,tx,1165.3,159.3,384.1,,,1,0,0,1
1107859988802700,1791133521.699806,6699,tx,9648.8,206.6,403.9,,,1,0,0,1
1107860130481700,1791133521.841487,6841,tx,86192.4,131.7,316.3,,,1,0,0,1
1107860346938400,1791133522.057946,7057,tx,1166.4,196.6,337.2,,,1,0,0,1
1107860491925200,1791133522.202933,7202,tx,1793.1,139.7,370.5,,,1,0,0,1
1107860632244000,1791133522.343253,7343,tx,14954.1,200.3,543.8,,,1,0,0,1
1107860771519900,1791133522.482530,7482,tx,1077.3,197.0,351.5,,,1,0,0,1
1107860911500800,1791133522.622511,7622,tx,1528.1,151.4,344.0,,,1,0,0,1
1107861051780500,1791133522.762792,7762,tx,1663.7,172.5,352.0,,,1,0,0,1
1107861191543900,1791133522.902551,7902,tx,9196.8,150.9,348.5,,,1,0,0,1
1107861331527600,1791133523.042540,8042,tx,1259.2,134.2,350.0,,,1,0,0,1
1107861473328800,1791133523.184337,8184,tx,1521.4,217.9,419.6,,,1,0,0,1
1107861614579900,1791133523.325594,8325,tx,1247.5,121.1,375.6,,,1,0,0,1
1107861756906800,1791133523.467916,8467,tx,1388.2,271.9,490.9,,,1,0,0,1
1107861899148800,1791133523.610160,8610,tx,1151.2,163.2,353.6,,,1,0,0,1
1107862041442000,1791133523.752459,8752,tx,1336.9,249.6,415.6,,,1,0,0,1
1107862184259400,1791133523.895277,8895,tx,9535.5,337.0,524.8,,,1,0,0,1
1107862326075400,1791133524.037089,9037,tx,1229.9,146.4,343.8,,,1,0,0,1
1107862466323900,1791133524.177337,9177,tx,1646.5,144.5,427.8,,,1,0,0,1
1107862608419300,1791133524.319440,9319,tx,1551.2,125.7,332.0,,,1,0,0,1
1107862748993800,1791133524.460015,9460,tx,1105.2,157.1,341.2,,,1,0,0,1
1107862889255200,1791133524.600277,9600,tx,2727.8,337.7,450.2,,,1,0,0,1
1107863030778700,1791133524.741795,9741,tx,1570.0,170.8,381.3,,,1,0,0,1
1107863211107100,1791133524.922131,9922,tx,1082.8,193.0,295.0,,,1,0,0,1
1107863359448200,1791133525.070470,10070,tx,1141.4,144.8,325.6,,,1,0,0,1
1107863499154200,1791133525.210179,10210,tx,7637.1,168.4,337.5,,,1,0,0,1
1107863642003300,1791133525.353029,10353,tx,7803.5,183.3,292.1,,,1,0,0,1
1107863783553700,1791133525.494575,10494,tx,1867.0,193.5,445.5,,,1,0,0,1
1107863923448300,1791133525.634475,10634,tx,12736.3,187.7,340.3,,,1,0,0,1
1107864065572800,1791133525.776601,10776,tx,1140.1,107.4,270.3,,,1,0,0,1
1107864206497000,1791133525.917526,10917,tx,1666.4,134.2,327.0,,,1,0,0,1
1107864346950400,1791133526.057979,11057,tx,1168.3,166.0,302.4,,,1,0,0,1
1107864486281100,1791133526.197312,11197,tx,1321.1,313.8,502.6,,,1,0,0,1
1107864627031100,1791133526.338057,11338,tx,83860.5,135.7,361.6,,,1,0,0,1
1107864817574700,1791133526.528606,11528,tx,1501.1,142.9,294.0,,,1,0,0,1
1107864956828800,1791133526.667862,11667,tx,1181.0,151.7,365.1,,,1,0,0,1
1107865095741100,1791133526.806774,11806,tx,1506.2,171.5,385.0,,,1,0,0,1
1107865236369000,1791133526.947404,11947,tx,9143.1,160.7,389.6,,,1,0,0,1
1107865376532200,1791133527.087568,12087,tx,1343.0,127.9,279.6,,,1,0,0,1
1107865515075800,1791133527.226112,12226,tx,1542.0,175.6,337.5,,,1,0,0,1
1107865656400300,1791133527.367432,12367,tx,1187.2,195.5,425.8,,,1,0,0,1
1107865812108000,1791133527.523146,12523,tx,1258.2,140.9,365.5,,,1,0,0,1
1107865954968200,1791133527.666007,12666,tx,1194.1,120.7,283.2,,,1,0,0,1
1107866094445100,1791133527.805383,12805,tx,1091.2,155.3,345.7,,,1,0,0,1
1107866234335200,1791133527.945376,12945,tx,8962.5,220.9,405.6,,,1,0,0,1
1107866375999300,1791133528.087039,13087,tx,1325.1,128.5,355.3,,,1,0,0,1
1107866517459800,1791133528.228502,13228,tx,1492.3,161.8,405.0,,,1,0,0,1
1107866657879300,1791133528.368895,13368,tx,8925.8,156.8,604.1,,,1,0,0,1
1107866797522700,1791133528.508561,13508,tx,1412.2,141.7,376.4,,,1,0,0,1
1107866937798700,1791133528.648843,13648,tx,1265.5,176.5,379.0,,,1,0,0,1
1107867080050400,1791133528.791096,13791,tx,1314.4,169.4,402.9,,,1,0,0,1
1107867220435400,1791133528.931477,13931,tx,1300.9,175.4,374.2,,,1,0,0,1
1107867361144200,1791133529.072188,14072,tx,1502.2,341.8,596.7,,,1,0,0,1
1107867501336900,1791133529.212364,14212,tx,1272.1,184.3,402.2,,,1,0,0,1
1107867711114900,1791133529.422163,14422,tx,1208.5,117.8,237.0,,,1,0,0,1
1107867861837000,1791133529.572882,14572,tx,9030.7,169.4,421.2,,,1,0,0,1
1107868003657400,1791133529.714703,14714,tx,1429.1,189.0,457.1,,,1,0,0,1
1107868141176800,1791133529.852228,14852,tx,1202.6,167.7,294.9,,,1,0,0,1
1107868284686500,1791133529.995738,14995,tx,1139.5,110.7,261.1,,,1,0,0,1
1107868425423300,1791133530.136472,136,tx,1382.3,189.0,430.4,,,1,0,0,1
1107868568142000,1791133530.279193,279,tx,1075.7,128.0,305.4,,,1,0,0,1
1107868707482100,1791133530.418516,418,tx,1050.3,160.6,326.2,,,1,0,0,1
1107868851199000,1791133530.562254,562,tx,9184.2,214.0,666.3,,,1,0,0,1
1107868994990600,1791133530.706046,706,tx,1114.1,219.6,416.6,,,1,0,0,1
1107869137141800,1791133530.848193,848,tx,330961.3,115.6,302.7,,,1,0,0,1
1107869468313900,1791133531.179373,1179,tx,11595.7,250.9,415.4,,,1,0,0,1
1107869613409100,1791133531.324468,1324,tx,6333.5,230.8,339.7,,,1,0,0,1
1107869766157400,1791133531.477212,1477,tx,1928.6,350.8,622.6,,,1,0,0,1
1107869907487300,1791133531.618543,1618,tx,1135.8,183.4,387.1,,,1,0,0,1
1107870047627100,1791133531.758689,1758,tx,9001.3,130.5,328.3,,,1,0,0,1
1107870189424000,1791133531.900486,1900,tx,1179.7,235.6,410.0,,,1,0,0,1
1107870330249400,1791133532.041307,2041,tx,1713.3,143.2,496.8,,,1,0,0,1
1107870470729300,1791133532.181789,2181,tx,1252.7,163.9,339.3,,,1,0,0,1
1107870613491400,1791133532.324556,2324,tx,3014.8,169.6,337.6,,,1,0,0,1
1107870753427300,1791133532.464493,2464,tx,1452.0,184.9,343.1,,,1,0,0,1
1107870893277500,1791133532.604339,2604,tx,1183.1,236.6,463.0,,,1,0,0,1
1107871036822100,1791133532.747889,2747,tx,6776.5,208.5,436.2,,,1,0,0,1
1107871175104400,1791133532.886173,2886,tx,1147.7,178.2,340.9,,,1,0,0,1
1107871319285000,1791133533.030350,3030,tx,1598.5,340.9,495.1,,,1,0,0,1
1107871460532800,1791133533.171602,3171,tx,1219.2,146.2,315.3,,,1,0,0,1
1107871602399700,1791133533.313465,3313,tx,1497.2,170.2,459.8,,,1,0,0,1
1107871743510200,1791133533.454581,3454,tx,1238.9,138.4,356.0,,,1,0,0,1
1107871883743300,1791133533.594811,3594,tx,1138.6,134.1,301.7,,,1,0,0,1
1107872026473500,1791133533.737546,3737,tx,5328.0,177.4,366.6,,,1,0,0,1
1107872219011400,1791133533.930085,3930,tx,1128.4,174.5,278.7,,,1,0,0,1
1107872372593400,1791133534.083650,4083,tx,1474.7,178.0,441.4,,,1,0,0,1
1107872511388200,1791133534.222464,4222,tx,1175.0,285.8,450.6,,,1,0,0,1
1107872652014200,1791133534.363091,4363,tx,1112.8,175.0,372.9,,,1,0,0,1
1107872793401900,1791133534.504479,4504,tx,6569.9,270.6,430.4,,,1,0,0,1
1107872935419300,1791133534.646490,4646,tx,1340.1,160.6,372.7,,,1,0,0,1
1107873074952900,1791133534.786026,4786,tx,1173.0,180.1,402.9,,,1,0,0,1
1107873216714400,1791133534.927794,4927,tx,1052.7,137.0,301.0,,,1,0,0,1
1107873358136600,1791133535.069217,5069,tx,1347.3,362.7,591.8,,,1,0,0,1
1107873512685100,1791133535.223766,5223,tx,1071.8,168.2,334.2,,,1,0,0,1
1107873654539600,1791133535.365622,5365,tx,67362.7,148.1,315.8,,,1,0,0,1
1107873830289000,1791133535.541372,5541,tx,1464.8,374.4,495.8,,,1,0,0,1
1107873969745900,1791133535.680830,5680,tx,1184.5,156.5,354.2,,,1,0,0,1
1107874109497900,1791133535.820580,5820,tx,1436.0,220.5,418.8,,,1,0,0,1
1107874249692900,1791133535.960778,5960,tx,1150.5,157.6,355.8,,,1,0,0,1
1107874389266400,1791133536.100353,6100,tx,2027.8,380.2,568.1,,,1,0,0,1
1107874544495400,1791133536.255583,6255,tx,1167.0,129.0,306.9,,,1,0,0,1
1107874686608000,1791133536.397696,6397,tx,1068.0,182.3,339.4,,,1,0,0,1
1107874827822000,1791133536.538911,6538,tx,954.8,118.0,274.2,,,1,0,0,1
1107874967693800,1791133536.678778,6678,tx,1255.9,227.5,440.7,,,1,0,0,1
1107875107808400,1791133536.818898,6818,tx,1099.4,112.7,334.9,,,1,0,0,1
1107875248401300,1791133536.959492,6959,tx,4878.7,119.0,345.0,,,1,0,0,1
1107875607736600,1791133537.318811,7318,tx,8298.0,180.6,409.4,,,1,0,0,1
1107875750280300,1791133537.461374,7461,tx,7664.3,409.8,523.7,,,1,0,0,1
1107875889125300,1791133537.600200,7600,tx,1407.0,151.2,321.1,,,1,0,0,1
1107876029260900,1791133537.740356,7740,tx,1532.9,225.7,485.4,,,1,0,0,1
1107876168972300,1791133537.880064,7880,tx,1386.0,208.2,593.2,,,1,0,0,1
1107876311021200,1791133538.022118,8022,tx,1443.4,386.0,741.4,,,1,0,0,1
1107876450058600,1791133538.161156,8161,tx,1060.4,205.2,356.2,,,1,0,0,1
1107876605369400,1791133538.316468,8316,tx,1216.2,252.9,420.8,,,1,0,0,1
1107876745988100,1791133538.457087,8457,tx,1253.2,120.0,328.3,,,1,0,0,1
1107876887614200,1791133538.598714,8598,tx,1032.1,165.0,324.1,,,1,0,0,1
1107877030539700,1791133538.741641,8741,tx,1041.1,99.9,199.1,,,1,0,0,1
1107877170852900,1791133538.881949,8881,tx,1129.4,117.6,278.2,,,1,0,0,1
1107877326383200,1791133539.037485,9037,tx,1386.5,167.7,390.5,,,1,0,0,1
1107877467727200,1791133539.178826,9178,tx,2346.1,165.6,418.1,,,1,0,0,1
1107877608139600,1791133539.319243,9319,tx,7039.1,112.3,326.8,,,1,0,0,1
1107877749427100,1791133539.460531,9460,tx,1131.2,141.7,322.8,,,1,0,0,1
1107877890877400,1791133539.601983,9601,tx,1170.3,153.9,332.3,,,1,0,0,1
1107878033800700,1791133539.744905,9744,tx,8580.7,164.4,322.6,,,1,0,0,1
1107878214020300,1791133539.925128,9925,tx,1749.9,182.0,293.7,,,1,0,0,1
1107878363425100,1791133540.074533,10074,tx,17164.8,127.8,329.1,,,1,0,0,1
1107878505127500,1791133540.216236,10216,tx,1535.3,376.1,614.8,,,1,0,0,1
1107878644992600,1791133540.356097,10356,tx,1179.9,165.0,401.7,,,1,0,0,1
1107878787130100,1791133540.498241,10498,tx,1098.0,156.5,326.5,,,1,0,0,1
1107878927012000,1791133540.638118,10638,tx,1142.1,212.4,406.3,,,1,0,0,1
1107879066760000,1791133540.777872,10777,tx,2814.2,164.9,324.9,,,1,0,0,1
1107879207499600,1791133540.918608,10918,tx,1417.9,214.4,423.9,,,1,0,0,1
1107879346956400,1791133541.058066,11058,tx,17015.9,166.8,368.0,,,1,0,0,1
1107879491686400,1791133541.202801,11202,tx,1425.0,251.7,402.1,,,1,0,0,1
1107879631878600,1791133541.342994,11342,tx,82092.3,235.8,400.6,,,1,0,0,1
1107879831002500,1791133541.542119,11542,tx,1366.1,177.1,317.0,,,1,0,0,1
1107879976693000,1791133541.687810,11687,tx,1382.9,217.2,471.9,,,1,0,0,1
1107880117592200,1791133541.828710,11828,tx,7338.8,187.2,377.8,,,1,0,0,1
1107880259190500,1791133541.970307,11970,tx,1297.8,321.2,585.1,,,1,0,0,1
1107880399376000,1791133542.110496,12110,tx,1096.8,187.9,365.3,,,1,0,0,1
1107880542510400,1791133542.253631,12253,tx,1382.4,198.2,390.2,,,1,0,0,1
1107880683213500,1791133542.394335,12394,tx,1584.7,296.3,528.5,,,1,0,0,1
1107880824110900,1791133542.535233,12535,tx,1201.5,133.9,325.1,,,1,0,0,1
1107880965863500,1791133542.676986,12676,tx,1088.4,172.2,322.3,,,1,0,0,1
1107881106663100,1791133542.817787,12817,tx,9706.1,160.9,344.2,,,1,0,0,1
1107881249354900,1791133542.960479,12960,tx,1317.2,228.1,440.9,,,1,0,0,1
1107881391011600,1791133543.102137,13102,tx,1381.7,151.6,377.7,,,1,0,0,1
1107881546378400,1791133543.257504,13257,tx,4678.0,164.7,342.8,,,1,0,0,1
1107881686611400,1791133543.397738,13397,tx,1287.2,191.6,515.3,,,1,0,0,1
1107881827283600,1791133543.538412,13538,tx,1283.4,301.6,481.0,,,1,0,0,1
1107881968120200,1791133543.679249,13679,tx,2978.9,120.3,291.9,,,1,0,0,1
1107882108831900,1791133543.819915,13819,tx,1397.9,228.8,407.1,,,1,0,0,1
1107882248487300,1791133543.959618,13959,tx,1001.7,137.3,292.8,,,1,0,0,1
1107882389711800,1791133544.100843,14100,tx,1689.7,169.5,323.1,,,1,0,0,1
1107882545454900,1791133544.256576,14256,tx,1190.6,118.2,345.1,,,1,0,0,1
1107882713368400,1791133544.424501,14424,tx,1564.1,335.5,433.6,,,1,0,0,1
1107882856986200,1791133544.568120,14568,tx,6841.9,143.9,321.2,,,1,0,0,1
1107882995064700,1791133544.706199,14706,tx,1139.5,166.0,275.4,,,1,0,0,1
1107883136748900,1791133544.847884,14847,tx,2108.5,137.4,299.2,,,1,0,0,1
1107883277463600,1791133544.988599,14988,tx,1133.5,149.9,335.3,,,1,0,0,1
1107883425461600,1791133545.136575,136,tx,1187.9,151.7,522.5,,,1,0,0,1
1107883568746700,1791133545.279884,279,tx,982.0,119.5,269.9,,,1,0,0,1
1107883711345700,1791133545.422478,422,tx,1211.5,334.5,484.2,,,1,0,0,1
1107883855021200,1791133545.566161,566,tx,1222.4,178.6,397.9,,,1,0,0,1
1107883998768200,1791133545.709908,709,tx,1179.8,152.1,342.7,,,1,0,0,1
1107884211248600,1791133545.922390,922,tx,1419.5,369.0,487.5,,,1,0,0,1
1107884348515100,1791133546.059657,1059,tx,1162.9,216.3,405.0,,,1,0,0,1
1107884488830600,1791133546.199973,1199,tx,1194.7,159.9,375.0,,,1,0,0,1
1107884630643400,1791133546.341787,1341,tx,12518.6,229.3,405.0,,,1,0,0,1
1107884771290600,1791133546.482435,1482,tx,3043.4,341.0,488.3,,,1,0,0,1
1107884912614400,1791133546.623754,1623,tx,1212.6,199.8,417.1,,,1,0,0,1
1107885054369600,1791133546.765516,1765,tx,5837.1,242.7,412.4,,,1,0,0,1
1107885195225900,1791133546.906373,1906,tx,1832.8,287.4,533.9,,,1,0,0,1
1107885336525900,1791133547.047673,2047,tx,1059.5,122.0,301.0,,,1,0,0,1
1107885477410600,1791133547.188552,2188,tx,1337.6,154.2,376.2,,,1,0,0,1
1107885617629800,1791133547.328760,2328,tx,1129.6,125.4,318.6,,,1,0,0,1
1107885757705400,1791133547.468855,2468,tx,1175.4,133.2,317.8,,,1,0,0,1
1107885898411400,1791133547.609562,2609,tx,1118.4,242.1,403.5,,,1,0,0,1
1107886038127300,1791133547.749279,2749,tx,4965.2,110.2,269.3,,,1,0,0,1
1107886177864400,1791133547.888994,2888,tx,1458.3,152.6,441.2,,,1,0,0,1
1107886318130300,1791133548.029283,3029,tx,1494.8,361.9,590.7,,,1,0,0,1
1107886455578800,1791133548.166714,3166,tx,1185.5,184.4,402.8,,,1,0,0,1
1107886596171700,1791133548.307327,3307,tx,1364.3,357.4,518.6,,,1,0,0,1
1107886753466500,1791133548.464602,3464,tx,1413.2,153.4,398.1,,,1,0,0,1
1107886896603300,1791133548.607760,3607,tx,1036.8,167.3,326.7,,,1,0,0,1
1107887037718400,1791133548.748876,3748,tx,1140.6,129.3,286.5,,,1,0,0,1
1107887215583000,1791133548.926742,3926,tx,1143.1,155.2,273.5,,,1,0,0,1
1107887357579100,1791133549.068738,4068,tx,10750.5,152.0,267.7,,,1,0,0,1
1107887508265800,1791133549.219425,4219,tx,1195.5,298.2,497.4,,,1,0,0,1
1107887663462600,1791133549.374624,4374,tx,1190.5,157.4,315.9,,,1,0,0,1
1107887804598900,1791133549.515760,4515,tx,1261.9,191.4,395.8,,,1,0,0,1
1107887944875500,1791133549.656031,4656,tx,1141.4,151.3,367.2,,,1,0,0,1
1107888084576800,1791133549.795733,4795,tx,1206.4,201.6,410.8,,,1,0,0,1
1107888225817700,1791133549.936963,4936,tx,3833.1,124.5,302.1,,,1,0,0,1
1107888365429300,1791133550.076594,5076,tx,2714.3,119.7,357.1,,,1,0,0,1
1107888505759300,1791133550.216921,5216,tx,978.8,168.0,305.3,,,1,0,0,1
1107888715456600,1791133550.426623,5426,tx,1945.7,108.2,259.9,,,1,0,0,1
1107888866453700,1791133550.577621,5577,tx,1184.5,149.4,369.7,,,1,0,0,1
1107889005994400,1791133550.717163,5717,tx,1083.5,112.2,263.1,,,1,0,0,1
1107889144225300,1791133550.855394,5855,tx,1368.5,352.7,485.7,,,1,0,0,1
1107889289509200,1791133551.000650,6000,tx,1194.4,131.0,345.6,,,1,0,0,1
1107889429618100,1791133551.140788,6140,tx,9120.6,140.9,323.7,,,1,0,0,1
1107889586918200,1791133551.298090,6298,tx,1247.1,216.5,395.7,,,1,0,0,1
1107890016827300,1791133551.728001,6728,tx,8377.8,165.8,274.4,,,1,0,0,1
1107890219235500,1791133551.930410,6930,tx,1884.4,342.1,535.5,,,1,0,0,1
1107890367522500,1791133552.078698,7078,tx,1046.5,177.4,346.3,,,1,0,0,1
1107890510268600,1791133552.221445,7221,tx,5318.8,327.3,477.7,,,1,0,0,1
1107890665057300,1791133552.376235,7376,tx,1163.1,114.9,336.4,,,1,0,0,1
1107890804731200,1791133552.515910,7515,tx,1081.6,181.1,358.0,,,1,0,0,1
1107890946607900,1791133552.657786,7657,tx,1091.4,150.9,320.9,,,1,0,0,1
1107891085924200,1791133552.797083,7797,tx,1219.9,163.3,353.4,,,1,0,0,1
1107891227004300,1791133552.938185,7938,tx,1959.7,127.5,424.3,,,1,0,0,1
1107891369735000,1791133553.080911,8080,tx,1138.0,222.7,399.7,,,1,0,0,1
1107891511089700,1791133553.222221,8222,tx,13608.9,128.2,286.3,,,1,0,0,1
1107891710446700,1791133553.421629,8421,tx,1192.8,149.2,301.9,,,1,0,0,1
1107891853686700,1791133553.564864,8564,tx,1270.3,182.2,406.9,,,1,0,0,1
1107891995498200,1791133553.706677,8706,tx,1165.9,194.8,385.5,,,1,0,0,1
1107892136218800,1791133553.847402,8847,tx,12808.6,399.7,559.8,,,1,0,0,1
1107892275890100,1791133553.987076,8987,tx,1043.1,114.6,280.1,,,1,0,0,1
1107892416725400,1791133554.127913,9127,tx,5230.4,173.1,509.1,,,1,0,0,1
1107892558024200,1791133554.269200,9269,tx,1317.7,203.7,437.5,,,1,0,0,1
1107892696725700,1791133554.407909,9407,tx,1103.2,151.1,370.8,,,1,0,0,1
1107892837812900,1791133554.549002,9549,tx,3799.9,165.7,890.4,,,1,0,0,1
1107892979165300,1791133554.690356,9690,tx,1291.0,374.7,580.3,,,1,0,0,1
1107893121395400,1791133554.832586,9832,tx,1231.1,231.9,430.9,,,1,0,0,1
1107893262109200,1791133554.973301,9973,tx,6451.3,142.3,301.8,,,1,0,0,1
1107893403465100,1791133555.114658,10114,tx,1235.8,191.8,432.1,,,1,0,0,1
1107893544608000,1791133555.255796,10255,tx,991.9,118.1,297.2,,,1,0,0,1
1107893687180000,1791133555.398375,10398,tx,1417.2,366.6,619.6,,,1,0,0,1
1107893828951100,1791133555.540143,10540,tx,1378.0,224.5,453.4,,,1,0,0,1
1107893971030600,1791133555.682227,10682,tx,1413.3,430.6,633.5,,,1,0,0,1
1107894110729400,1791133555.821926,10821,tx,1073.1,161.4,327.4,,,1,0,0,1
1107894251027200,1791133555.962224,10962,tx,2035.9,163.6,450.3,,,1,0,0,1
1107894391146100,1791133556.102345,11102,tx,1532.7,324.0,593.4,,,1,0,0,1
1107894532516200,1791133556.243710,11243,tx,1170.5,178.9,350.0,,,1,0,0,1
1107894711964400,1791133556.423165,11423,tx,1312.8,107.5,212.2,,,1,0,0,1
1107894859887900,1791133556.571025,11571,tx,1784.3,203.8,374.2,,,1,0,0,1
1107895001444900,1791133556.712647,11712,tx,8715.9,125.9,289.5,,,1,0,0,1
1107895143303700,1791133556.854506,11854,tx,12768.7,259.1,531.9,,,1,0,0,1
1107895284464900,1791133556.995668,11995,tx,1058.5,112.7,273.3,,,1,0,0,1
1107895426851100,1791133557.137970,12137,tx,1183.3,170.0,372.1,,,1,0,0,1
1107895567554100,1791133557.278758,12278,tx,1136.5,196.0,396.7,,,1,0,0,1
1107895709388800,1791133557.420594,12420,tx,1087.3,130.1,317.8,,,1,0,0,1
1107895851297200,1791133557.562503,12562,tx,1689.8,210.3,452.8,,,1,0,0,1
1107895992302900,1791133557.703510,12703,tx,8838.6,272.2,490.7,,,1,0,0,1
1107896131380900,1791133557.842583,12842,tx,1331.9,217.5,416.3,,,1,0,0,1
1107896269586300,1791133557.980789,12980,tx,1169.9,153.1,310.1,,,1,0,0,1
1107896410300700,1791133558.121511,13121,tx,1501.3,245.4,488.5,,,1,0,0,1
1107896551493100,1791133558.262704,13262,tx,1113.4,151.9,338.3,,,1,0,0,1
1107896693369100,1791133558.404575,13404,tx,1330.9,138.2,407.3,,,1,0,0,1
1107896834816100,1791133558.546010,13546,tx,1159.9,138.7,410.1,,,1,0,0,1
1107896978120700,1791133558.689333,13689,tx,2679.5,325.7,539.8,,,1,0,0,1
1107897119416200,1791133558.830629,13830,tx,1194.4,192.9,398.5,,,1,0,0,1
1107897261306200,1791133558.972517,13972,tx,1270.9,284.8,499.0,,,1,0,0,1
1107897403561700,1791133559.114776,14114,tx,1177.4,166.4,338.3,,,1,0,0,1
1107897544886100,1791133559.256102,14256,tx,1119.7,118.0,280.6,,,1,0,0,1
1107897727007300,1791133559.438224,14438,tx,1148.3,142.5,260.1,,,1,0,0,1
1107897875549200,1791133559.586767,14586,tx,1127.5,130.9,302.7,,,1,0,0,1
1107898016861200,1791133559.728080,14728,tx,1263.8,175.0,475.6,,,1,0,0,1
1107898161222300,1791133559.872442,14872,tx,1382.3,393.8,523.8,,,1,0,0,1
1107898302598200,1791133560.013818,13,tx,1132.5,129.8,308.0,,,1,0,0,1
1107898442313600,1791133560.153534,153,tx,1188.8,248.6,406.7,,,1,0,0,1
1107898583296400,1791133560.294518,294,tx,1394.7,154.6,414.1,,,1,0,0,1
1107898725243300,1791133560.436460,436,tx,8766.6,287.6,458.2,,,1,0,0,1
1107898866605100,1791133560.577822,577,tx,1355.8,177.6,416.6,,,1,0,0,1
1107899005978500,1791133560.717203,717,tx,1188.1,148.8,348.2,,,1,0,0,1
1107899147574900,1791133560.858799,858,tx,85600.1,177.7,359.8,,,1,0,0,1
1107899339047300,1791133561.050270,1050,tx,1316.8,130.7,320.1,,,1,0,0,1
1107899479531400,1791133561.190758,1190,tx,1031.5,133.8,301.6,,,1,0,0,1
1107899622223000,1791133561.333451,1333,tx,3120.0,381.6,572.2,,,1,0,0,1
1107899765010700,1791133561.476236,1476,tx,1286.2,126.7,386.6,,,1,0,0,1
1107899905665600,1791133561.616894,1616,tx,1122.9,109.0,273.1,,,1,0,0,1
1107900045842700,1791133561.757072,1757,tx,2434.4,148.3,361.6,,,1,0,0,1
1107900186986700,1791133561.898217,1898,tx,1213.9,183.0,370.1,,,1,0,0,1
1107900328026600,1791133562.039258,2039,tx,1309.8,154.2,419.9,,,1,0,0,1
1107900468814000,1791133562.180046,2180,tx,1099.3,167.1,362.7,,,1,0,0,1
1107900609450700,1791133562.320684,2320,tx,1313.9,131.3,306.7,,,1,0,0,1
1107900750121600,1791133562.461355,2461,tx,1058.8,131.7,300.7,,,1,0,0,1
1107900891498200,1791133562.602727,2602,tx,1121.1,209.9,394.1,,,1,0,0,1
1107901033701400,1791133562.744937,2744,tx,1249.3,181.6,337.0,,,1,0,0,1
1107901175397800,1791133562.886634,2886,tx,1363.0,154.7,362.2,,,1,0,0,1
1107901317188600,1791133563.028426,3028,tx,1369.1,368.3,555.1,,,1,0,0,1
1107901461229300,1791133563.172467,3172,tx,9706.7,355.2,571.3,,,1,0,0,1
1107901601776200,1791133563.313010,3313,tx,1262.0,123.5,338.1,,,1,0,0,1
1107901742404200,1791133563.453644,3453,tx,1285.0,175.5,341.7,,,1,0,0,1
1107901883464700,1791133563.594705,3594,tx,1021.4,149.9,303.9,,,1,0,0,1
1107902025286400,1791133563.736521,3736,tx,1346.9,251.0,443.1,,,1,0,0,1
1107902238931100,1791133563.950173,3950,tx,1992.6,234.7,388.6,,,1,0,0,1
1107902387744300,1791133564.098987,4098,tx,1660.0,196.9,367.1,,,1,0,0,1
1107902528524700,1791133564.239763,4239,tx,1236.0,109.3,386.6,,,1,0,0,1
1107902686594300,1791133564.397839,4397,tx,980.0,146.6,311.0,,,1,0,0,1
1107902827871400,1791133564.539112,4539,tx,1227.0,197.5,401.5,,,1,0,0,1
1107902969556000,1791133564.680798,4680,tx,1883.6,201.1,546.1,,,1,0,0,1
1107903111666000,1791133564.822913,4822,tx,1097.2,162.7,375.7,,,1,0,0,1
1107903253364100,1791133564.964612,4964,tx,3157.4,171.9,339.0,,,1,0,0,1
1107903394862200,1791133565.106111,5106,tx,1281.4,121.6,329.5,,,1,0,0,1
1107903535259000,1791133565.246504,5246,tx,8436.7,282.0,459.7,,,1,0,0,1
1107903726212800,1791133565.437463,5437,tx,1343.0,320.7,458.7,,,1,0,0,1
1107903866851700,1791133565.578102,5578,tx,7932.0,138.6,348.9,,,1,0,0,1
1107904007988200,1791133565.719229,5719,tx,1339.7,151.7,384.5,,,1,0,0,1
1107904150634800,1791133565.861887,5861,tx,12654.5,226.8,381.3,,,1,0,0,1
1107904292285500,1791133566.003539,6003,tx,1273.5,188.0,429.1,,,1,0,0,1
1107904433493400,1791133566.144748,6144,tx,1467.6,128.1,373.3,,,1,0,0,1
1107904574341700,1791133566.285589,6285,tx,1273.3,195.8,426.2,,,1,0,0,1
1107904714205500,1791133566.425462,6425,tx,1889.2,356.7,477.3,,,1,0,0,1
1107904857902700,1791133566.569159,6569,tx,8815.7,166.4,356.2,,,1,0,0,1
1107904999742300,1791133566.710999,6710,tx,1155.9,127.8,316.6,,,1,0,0,1
1107905143532100,1791133566.854789,6854,tx,87129.5,175.1,316.2,,,1,0,0,1
1107905332773500,1791133567.044033,7044,tx,1740.9,134.4,271.1,,,1,0,0,1
1107905470326500,1791133567.181581,7181,tx,1248.6,228.7,438.9,,,1,0,0,1
1107905612067200,1791133567.323326,7323,tx,8940.0,402.3,701.8,,,1,0,0,1
1107905754339800,1791133567.465601,7465,tx,5984.4,197.2,400.2,,,1,0,0,1
1107905894983200,1791133567.606246,7606,tx,1269.4,127.4,307.5,,,1,0,0,1
1107906035257100,1791133567.746521,7746,tx,1332.0,334.1,509.7,,,1,0,0,1
1107906176576400,1791133567.887836,7887,tx,1337.7,135.0,364.6,,,1,0,0,1
1107906319274200,1791133568.030540,8030,tx,1175.7,253.0,427.8,,,1,0,0,1
1107906460555300,1791133568.171821,8171,tx,1099.4,170.9,338.1,,,1,0,0,1
1107906602822400,1791133568.314089,8314,tx,7282.9,150.5,375.7,,,1,0,0,1
1107906744249300,1791133568.455490,8455,tx,1422.9,302.6,461.8,,,1,0,0,1
1107906886233200,1791133568.597501,8597,tx,3338.6,333.5,505.4,,,1,0,0,1
1107907029074300,1791133568.740343,8740,tx,1196.9,123.4,308.3,,,1,0,0,1
1107907170882800,1791133568.882143,8882,tx,1343.3,128.2,342.4,,,1,0,0,1
1107907327530200,1791133569.038801,9038,tx,1271.1,127.7,316.9,,,1,0,0,1
1107907469967900,1791133569.181238,9181,tx,8766.1,108.8,309.5,,,1,0,0,1
1107907612444300,1791133569.323716,9323,tx,1536.8,248.9,457.1,,,1,0,0,1
1107907753767700,1791133569.465041,9465,tx,1522.4,197.7,412.9,,,1,0,0,1
1107907895239200,1791133569.606507,9606,tx,1339.7,321.9,498.2,,,1,0,0,1
1107908037926600,1791133569.749200,9749,tx,1406.4,189.8,449.5,,,1,0,0,1
1107908230242200,1791133569.941518,9941,tx,1405.6,327.7,482.7,,,1,0,0,1
1107908384341100,1791133570.095618,10095,tx,1398.5,282.4,495.0,,,1,0,0,1
1107908525119400,1791133570.236397,10236,tx,1326.9,370.4,547.4,,,1,0,0,1
1107908682457500,1791133570.393736,10393,tx,1908.3,175.5,328.5,,,1,0,0,1
1107908824099600,1791133570.535378,10535,tx,1330.8,338.3,554.3,,,1,0,0,1
1107908965306900,1791133570.676582,10676,tx,1260.0,236.2,484.0,,,1,0,0,1
1107909106588100,1791133570.817868,10817,tx,1294.4,229.5,463.8,,,1,0,0,1
1107909249784100,1791133570.961065,10961,tx,1222.3,195.8,460.6,,,1,0,0,1
1107909390444600,1791133571.101727,11101,tx,1068.7,107.2,268.4,,,1,0,0,1
1107909532670800,1791133571.243951,11243,tx,1739.9,193.2,417.0,,,1,0,0,1
1107909726222300,1791133571.437507,11437,tx,1371.4,350.4,453.8,,,1,0,0,1
1107909864219700,1791133571.575504,11575,tx,1211.8,301.0,511.4,,,1,0,0,1
1107910006414000,1791133571.717700,11717,tx,2190.2,337.8,574.4,,,1,0,0,1
1107910149638900,1791133571.860926,11860,tx,12614.7,214.0,365.9,,,1,0,0,1
1107910290310500,1791133572.001598,12001,tx,1173.1,297.9,484.8,,,1,0,0,1
1107910431415700,1791133572.142704,12142,tx,2743.5,167.5,318.8,,,1,0,0,1
1107910573690000,1791133572.284976,12284,tx,3656.5,112.8,394.2,,,1,0,0,1
1107910713528100,1791133572.424814,12424,tx,1687.9,171.2,308.7,,,1,0,0,1
1107910855794300,1791133572.567085,12567,tx,1044.1,144.3,356.5,,,1,0,0,1
1107911012038600,1791133572.723323,12723,tx,1517.7,333.2,691.8,,,1,0,0,1
1107911230393900,1791133572.941687,12941,tx,1107.6,154.0,287.3,,,1,0,0,1
1107911370732400,1791133573.082026,13082,tx,1135.9,145.1,295.7,,,1,0,0,1
1107911512359600,1791133573.223634,13223,tx,1270.2,208.8,418.7,,,1,0,0,1
1107911654620000,1791133573.365915,13365,tx,1147.2,211.4,395.7,,,1,0,0,1
1107911795888900,1791133573.507185,13507,tx,1206.6,127.9,322.9,,,1,0,0,1
1107911936737700,1791133573.648028,13648,tx,1240.5,151.1,360.8,,,1,0,0,1
1107912078162900,1791133573.789460,13789,tx,5209.1,111.6,272.2,,,1,0,0,1
1107912218934400,1791133573.930233,13930,tx,1172.4,179.8,412.9,,,1,0,0,1
1107912360784400,1791133574.072083,14072,tx,1314.0,167.3,337.3,,,1,0,0,1
1107912503288400,1791133574.214567,14214,tx,9607.0,245.6,443.0,,,1,0,0,1
1107912644766500,1791133574.356062,14356,tx,87130.1,218.7,425.1,,,1,0,0,1
1107912835532400,1791133574.546834,14546,tx,6121.9,196.2,439.4,,,1,0,0,1
1107912974467500,1791133574.685765,14685,tx,1310.7,128.0,339.5,,,1,0,0,1
1107913115246800,1791133574.826544,14826,tx,1346.2,285.5,489.0,,,1,0,0,1
1107913257059100,1791133574.968363,14968,tx,1143.3,175.7,359.0,,,1,0,0,1
1107913398833000,1791133575.110138,110,tx,1458.7,135.2,312.7,,,1,0,0,1
1107913540923300,1791133575.252228,252,tx,1162.2,169.1,391.1,,,1,0,0,1
1107913682797100,1791133575.394103,394,tx,1175.1,134.9,322.1,,,1,0,0,1
1107914130545100,1791133575.841853,841,tx,7437.8,217.1,359.8,,,1,0,0,1
1107914268025600,1791133575.979335,979,tx,1223.6,136.0,291.0,,,1,0,0,1
1107914408941400,1791133576.120247,1120,tx,1222.3,145.1,352.6,,,1,0,0,1
1107914549879700,1791133576.261184,1261,tx,3953.5,186.7,504.6,,,1,0,0,1
1107914691934100,1791133576.403244,1403,tx,8943.2,209.7,368.8,,,1,0,0,1
1107914833557400,1791133576.544863,1544,tx,1604.3,118.5,302.9,,,1,0,0,1
1107914975061200,1791133576.686368,1686,tx,1231.4,139.4,381.6,,,1,0,0,1
1107915116799800,1791133576.828094,1828,tx,1302.9,173.5,374.2,,,1,0,0,1
1107915258974100,1791133576.970289,1970,tx,1077.9,129.5,313.2,,,1,0,0,1
1107915399212300,1791133577.110528,2110,tx,1295.4,311.8,504.1,,,1,0,0,1
1107915541936500,1791133577.253251,2253,tx,1218.5,161.7,367.7,,,1,0,0,1
1107915727163400,1791133577.438481,2438,tx,1151.3,131.8,236.8,,,1,0,0,1
1107915872193600,1791133577.583509,2583,tx,1344.8,356.8,579.5,,,1,0,0,1
1107916013294900,1791133577.724609,2724,tx,5961.1,199.3,404.7,,,1,0,0,1
1107916168773600,1791133577.880094,2880,tx,8114.5,142.2,258.1,,,1,0,0,1
1107916311639900,1791133578.022955,3022,tx,1323.8,188.9,415.2,,,1,0,0,1
1107916454916700,1791133578.166239,3166,tx,1058.1,159.1,342.1,,,1,0,0,1
1107916596107700,1791133578.307430,3307,tx,1436.3,396.4,553.4,,,1,0,0,1
1107916737270700,1791133578.448594,3448,tx,1228.1,215.8,482.7,,,1,0,0,1
1107916879503300,1791133578.590788,3590,tx,8742.3,162.4,327.4,,,1,0,0,1
1107917018252700,1791133578.729578,3729,tx,1668.8,386.7,501.4,,,1,0,0,1
1107917228911200,1791133578.940237,3940,tx,1240.5,125.6,237.7,,,1,0,0,1
1107917378575600,1791133579.089903,4089,tx,1162.6,163.9,348.7,,,1,0,0,1
1107917518469100,1791133579.229793,4229,tx,1512.0,210.1,680.2,,,1,0,0,1
1107917675177000,1791133579.386506,4386,tx,1384.2,354.0,542.4,,,1,0,0,1
1107917815879300,1791133579.527206,4527,tx,1236.1,222.7,435.3,,,1,0,0,1
1107917957064600,1791133579.668395,4668,tx,1203.1,128.8,303.9,,,1,0,0,1
1107918096717300,1791133579.808049,4808,tx,1065.9,119.3,286.3,,,1,0,0,1
1107918238439600,1791133579.949771,4949,tx,3764.9,129.9,305.2,,,1,0,0,1
1107918379578900,1791133580.090911,5090,tx,7040.7,137.8,385.4,,,1,0,0,1
1107918520869300,1791133580.232197,5232,tx,9483.9,160.6,345.3,,,1,0,0,1
1107918731926200,1791133580.443261,5443,tx,1092.5,108.9,220.4,,,1,0,0,1
1107918881643500,1791133580.592960,5592,tx,1680.0,181.0,362.5,,,1,0,0,1
1107919023386700,1791133580.734707,5734,tx,1279.3,230.4,422.1,,,1,0,0,1
1107919179505200,1791133580.890843,5890,tx,6544.1,111.9,269.9,,,1,0,0,1
1107919321369400,1791133581.032702,6032,tx,1753.3,179.2,418.1,,,1,0,0,1
1107919462556700,1791133581.173895,6173,tx,1083.5,140.7,326.1,,,1,0,0,1
1107919603344700,1791133581.314684,6314,tx,1163.7,235.0,408.6,,,1,0,0,1
1107919746794800,1791133581.458135,6458,tx,1241.1,178.0,384.2,,,1,0,0,1
1107919889097300,1791133581.600433,6600,tx,1873.8,374.3,588.3,,,1,0,0,1
1107920030700600,1791133581.742043,6742,tx,1189.1,147.7,345.7,,,1,0,0,1
1107920228333600,1791133581.939677,6939,tx,3595.2,321.8,441.8,,,1,0,0,1
1107920377896600,1791133582.089236,7089,tx,16608.0,182.2,364.9,,,1,0,0,1
1107920519772400,1791133582.231117,7231,tx,1375.6,204.4,414.9,,,1,0,0,1
1107920657642100,1791133582.368987,7368,tx,1323.2,203.2,337.5,,,1,0,0,1
1107920803681700,1791133582.515023,7515,tx,1754.7,211.1,608.8,,,1,0,0,1
1107920945885100,1791133582.657232,7657,tx,1305.6,154.3,410.4,,,1,0,0,1
1107921088336200,1791133582.799681,7799,tx,1203.2,186.4,391.6,,,1,0,0,1
1107921228969100,1791133582.940317,7940,tx,1105.5,184.5,397.9,,,1,0,0,1
1107921371178600,1791133583.082528,8082,tx,15499.0,387.8,575.2,,,1,0,0,1
1107921514847300,1791133583.226197,8226,tx,1010.0,120.4,279.3,,,1,0,0,1
1107921793264700,1791133583.504611,8504,tx,15033.5,181.3,463.7,,,1,0,0,1
1107921940432600,1791133583.651785,8651,tx,1034.8,165.3,320.6,,,1,0,0,1
1107922081424400,1791133583.792771,8792,tx,3997.4,182.1,452.0,,,1,0,0,1
1107922224664900,1791133583.936015,8936,tx,1200.2,143.2,337.2,,,1,0,0,1
1107922365893800,1791133584.077243,9077,tx,464196.4,152.8,390.8,,,1,0,0,1
1107922954684200,1791133584.666042,9666,tx,1391.7,117.4,282.7,,,1,0,0,1
1107923105347100,1791133584.816707,9816,tx,1226.2,272.1,436.4,,,1,0,0,1
1107923260566400,1791133584.971923,9971,tx,1263.2,176.1,357.3,,,1,0,0,1
1107923401694800,1791133585.113055,10113,tx,1135.2,114.6,315.3,,,1,0,0,1
1107923544448900,1791133585.255811,10255,tx,1037.4,189.0,359.6,,,1,0,0,1
1107923684627200,1791133585.395984,10395,tx,1210.1,120.3,327.2,,,1,0,0,1
1107923826888100,1791133585.538250,10538,tx,1437.5,148.2,361.6,,,1,0,0,1
1107923968492200,1791133585.679856,10679,tx,1059.5,156.3,317.9,,,1,0,0,1
1107924109235600,1791133585.820598,10820,tx,5064.3,238.6,461.1,,,1,0,0,1
1107924249881600,1791133585.961242,10961,tx,2321.0,129.1,426.0,,,1,0,0,1
1107924392130700,1791133586.103446,11103,tx,1286.9,384.5,564.5,,,1,0,0,1
1107924533258000,1791133586.244621,11244,tx,8643.3,266.2,437.6,,,1,0,0,1
1107924734695200,1791133586.446062,11446,tx,1826.8,150.9,328.3,,,1,0,0,1
1107924881250800,1791133586.592581,11592,tx,1450.0,149.8,486.5,,,1,0,0,1
1107925021646800,1791133586.733013,11733,tx,1203.4,127.0,334.7,,,1,0,0,1
1107925178840700,1791133586.890211,11890,tx,997.8,129.2,280.9,,,1,0,0,1
1107925334601100,1791133587.045972,12045,tx,1233.5,106.4,384.9,,,1,0,0,1
1107925475824900,1791133587.187197,12187,tx,1106.6,208.2,377.0,,,1,0,0,1
1107925618134800,1791133587.329502,12329,tx,1415.0,359.5,653.8,,,1,0,0,1
1107925759586100,1791133587.470959,12470,tx,1294.9,135.9,386.8,,,1,0,0,1
1107925900439200,1791133587.611813,12611,tx,1085.2,217.9,380.0,,,1,0,0,1
1107926042696100,1791133587.754071,12754,tx,1047.6,158.4,319.3,,,1,0,0,1
1107926239378200,1791133587.950754,12950,tx,4398.2,142.4,292.4,,,1,0,0,1
1107926387815700,1791133588.099193,13099,tx,1147.8,213.5,388.1,,,1,0,0,1
1107926528517500,1791133588.239875,13239,tx,1306.7,190.3,408.3,,,1,0,0,1
1107926686757400,1791133588.398133,13398,tx,1220.0,199.8,410.8,,,1,0,0,1
1107926827447600,1791133588.538824,13538,tx,1136.4,127.7,348.1,,,1,0,0,1
1107926968688500,1791133588.680068,13680,tx,1117.3,109.2,306.8,,,1,0,0,1
1107927111419600,1791133588.822757,13822,tx,1401.5,157.4,373.0,,,1,0,0,1
1107927253193700,1791133588.964573,13964,tx,1310.2,374.5,585.0,,,1,0,0,1
1107927396436200,1791133589.107813,14107,tx,1756.6,150.2,380.8,,,1,0,0,1
1107927538796700,1791133589.250180,14250,tx,1396.7,155.2,337.2,,,1,0,0,1
1107927727115200,1791133589.438500,14438,tx,1012.4,147.5,279.1,,,1,0,0,1
1107927869777200,1791133589.581163,14581,tx,1198.4,165.9,360.7,,,1,0,0,1
1107928012507500,1791133589.723894,14723,tx,1070.9,141.1,305.0,,,1,0,0,1
1107928155266300,1791133589.866653,14866,tx,11611.2,323.4,464.6,,,1,0,0,1
1107928296369000,1791133590.007749,7,tx,1192.8,114.1,348.1,,,1,0,0,1
1107928439232700,1791133590.150621,150,tx,1283.0,321.2,491.5,,,1,0,0,1
1107928581554700,1791133590.292940,292,tx,8878.5,157.8,308.4,,,1,0,0,1
1107928723710400,1791133590.435096,435,tx,1262.0,169.0,406.1,,,1,0,0,1
1107928866850500,1791133590.578242,578,tx,1021.9,120.6,318.0,,,1,0,0,1
1107929010975700,1791133590.722363,722,tx,1138.1,187.4,331.1,,,1,0,0,1
1107929155135100,1791133590.866528,866,tx,72366.2,438.4,634.0,,,1,0,0,1
1107929331112000,1791133591.042506,1042,tx,1352.8,137.6,289.4,,,1,0,0,1
1107929472102100,1791133591.183496,1183,tx,1096.9,154.1,293.6,,,1,0,0,1
1107929614856800,1791133591.326252,1326,tx,1082.6,186.5,377.0,,,1,0,0,1
1107929756759800,1791133591.468156,1468,tx,1240.2,157.5,398.0,,,1,0,0,1
1107929897533500,1791133591.608924,1608,tx,10033.3,209.5,539.3,,,1,0,0,1
1107930039656100,1791133591.751054,1751,tx,1137.8,114.1,297.6,,,1,0,0,1
1107930181854600,1791133591.893250,1893,tx,1085.8,140.5,327.6,,,1,0,0,1
1107930323593000,1791133592.034992,2034,tx,1217.7,167.7,374.5,,,1,0,0,1
1107930464413700,1791133592.175809,2175,tx,1252.0,116.1,320.3,,,1,0,0,1
1107930605164400,1791133592.316566,2316,tx,1262.3,340.3,516.5,,,1,0,0,1
1107930749076100,1791133592.460478,2460,tx,1083.6,125.5,313.0,,,1,0,0,1
1107930890856900,1791133592.602254,2602,tx,1467.9,171.4,360.6,,,1,0,0,1
1107931033424000,1791133592.744827,2744,tx,1531.3,156.9,373.0,,,1,0,0,1
1107931173777900,1791133592.885167,2885,tx,1151.7,151.3,402.7,,,1,0,0,1
1107931312658300,1791133593.024064,3024,tx,6995.2,173.8,345.3,,,1,0,0,1
1107931453553100,1791133593.164959,3164,tx,1141.1,146.2,329.9,,,1,0,0,1
1107931594331100,1791133593.305735,3305,tx,1363.2,191.5,422.0,,,1,0,0,1
1107931734850700,1791133593.446234,3446,tx,1254.0,148.5,359.3,,,1,0,0,1
1107931877071900,1791133593.588480,3588,tx,6903.3,164.9,280.8,,,1,0,0,1
1107932015871400,1791133593.727280,3727,tx,1279.2,208.9,398.5,,,1,0,0,1
1107932231966900,1791133593.943377,3943,tx,1065.2,119.1,235.4,,,1,0,0,1
1107932376712400,1791133594.088124,4088,tx,1307.0,190.1,380.7,,,1,0,0,1
1107932519174600,1791133594.230581,4230,tx,8194.6,304.4,548.3,,,1,0,0,1
1107933121497100,1791133594.832912,4832,tx,7690.7,204.0,322.3,,,1,0,0,1
1107933270457200,1791133594.981867,4981,tx,1527.7,192.4,373.0,,,1,0,0,1
1107933426107800,1791133595.137524,5137,tx,1945.1,372.6,652.3,,,1,0,0,1
1107933566822800,1791133595.278237,5278,tx,1330.0,176.5,430.7,,,1,0,0,1
1107933729997900,1791133595.441416,5441,tx,2783.0,422.4,762.2,,,1,0,0,1
1107933879259500,1791133595.590678,5590,tx,1389.3,298.7,521.7,,,1,0,0,1
1107934017624400,1791133595.729045,5729,tx,4342.6,251.4,662.4,,,1,0,0,1
1107934158709500,1791133595.870130,5870,tx,10825.4,212.9,397.1,,,1,0,0,1
1107934301276600,1791133596.012694,6012,tx,1408.6,293.2,609.3,,,1,0,0,1
1107934444691200,1791133596.156114,6156,tx,1062.9,210.6,400.7,,,1,0,0,1
1107934585629100,1791133596.297053,6297,tx,1530.0,186.6,373.2,,,1,0,0,1
1107934726670100,1791133596.438094,6438,tx,1690.2,226.2,465.6,,,1,0,0,1
1107934869271500,1791133596.580696,6580,tx,1487.7,224.8,474.7,,,1,0,0,1
1107935009887900,1791133596.721314,6721,tx,1326.4,167.9,482.2,,,1,0,0,1
1107935150962400,1791133596.862383,6862,tx,85334.6,254.8,453.9,,,1,0,0,1
1107935377663300,1791133597.089090,7089,idle,14910.3,196.2,404.6,,,0,0,0,0
1107935526955700,1791133597.238383,7238,idle,1787.2,233.9,477.2,,,0,0,0,0
1107935726818300,1791133597.438248,7438,idle,34331.6,,,,,0,0,0,0
1107935872652600,1791133597.584083,7584,idle,3677.9,,,,,0,0,0,0
1107936012202700,1791133597.723634,7723,idle,14624.8,,,,,0,0,0,0
1107936170260900,1791133597.881690,7881,idle,1324.0,,,,,0,0,0,0
1107936310762200,1791133598.022195,8022,idle,1102.3,,,,,0,0,0,0
1107936450559500,1791133598.161993,8161,idle,1241.4,,,,,0,0,0,0
1107936591812500,1791133598.303247,8303,idle,1134.8,,,,,0,0,0,0
1107936732702600,1791133598.444138,8444,idle,1610.0,,,,,0,0,0,0
1107936873412100,1791133598.584848,8584,idle,1635.9,,,,,0,0,0,0
1107937012704700,1791133598.724141,8724,idle,7749.0,,,,,0,0,0,0
1107937227791300,1791133598.939229,8939,idle,3058.9,,,,,0,0,0,0
1107937376756800,1791133599.088196,9088,idle,1057.6,,,,,0,0,0,0
1107937518326600,1791133599.229766,9229,idle,1060.0,,,,,0,0,0,0
1107937662529800,1791133599.373966,9373,idle,154891.8,,,,,0,0,0,1
1107937924149700,1791133599.635592,9635,tx,4602.7,281.6,432.7,,,1,0,0,1
1107938071463300,1791133599.782906,9782,tx,1296.4,216.2,409.0,,,1,0,0,1
1107938213121000,1791133599.924564,9924,tx,1290.7,390.0,541.8,,,1,0,0,1
1107938355976000,1791133600.067418,10067,tx,1130.5,224.6,390.3,,,1,0,0,1
1107938497707700,1791133600.209147,10209,tx,1278.9,170.8,454.7,,,1,0,0,1
1107938638011800,1791133600.349453,10349,tx,1110.4,159.4,375.9,,,1,0,0,1
1107938779197300,1791133600.490644,10490,tx,1233.8,336.0,511.8,,,1,0,0,1
1107938920440400,1791133600.631883,10631,tx,7835.1,210.8,362.7,,,1,0,0,1
1107939061664900,1791133600.773108,10773,tx,1202.9,133.5,407.2,,,1,0,0,1
1107939219426600,1791133600.930876,10930,tx,1026.7,132.9,286.1,,,1,0,0,1
1107939360167300,1791133601.071616,11071,tx,1986.9,381.8,584.3,,,1,0,0,1
1107939502408000,1791133601.213859,11213,tx,1222.1,143.6,380.3,,,1,0,0,1
1107939643322100,1791133601.354774,11354,tx,47724.2,247.2,450.6,,,1,0,0,1
1107939800185700,1791133601.511639,11511,tx,1422.8,391.6,521.6,,,1,0,0,1
1107939941858300,1791133601.653308,11653,tx,1303.6,145.9,352.0,,,1,0,0,1
1107940083180600,1791133601.794633,11794,tx,1508.6,333.0,544.7,,,1,0,0,1
1107940226919500,1791133601.938374,11938,tx,980.2,161.5,309.7,,,1,0,0,1
1107940368180700,1791133602.079636,12079,tx,1704.6,276.7,500.1,,,1,0,0,1
1107940510159900,1791133602.221594,12221,tx,9244.9,276.7,546.0,,,1,0,0,1
1107940698002200,1791133602.409460,12409,tx,8280.4,118.3,314.4,,,1,0,0,1
1107940835309400,1791133602.546768,12546,tx,7986.6,235.0,366.8,,,1,0,0,1
1107940983746800,1791133602.695206,12695,tx,1096.5,114.6,273.8,,,1,0,0,1
1107941125403100,1791133602.836863,12836,tx,1119.9,163.2,350.5,,,1,0,0,1
1107941266708700,1791133602.978132,12978,tx,9707.3,144.0,329.5,,,1,0,0,1
1107941407405500,1791133603.118864,13118,tx,1496.8,156.1,347.2,,,1,0,0,1
1107941548532100,1791133603.259994,13259,tx,5109.4,150.9,346.9,,,1,0,0,1
1107941691345200,1791133603.402808,13402,tx,1149.7,190.4,355.2,,,1,0,0,1
1107941832255900,1791133603.543714,13543,tx,1400.9,144.4,497.5,,,1,0,0,1
1107941973371000,1791133603.684832,13684,tx,1303.8,159.0,341.8,,,1,0,0,1
1107942114072600,1791133603.825538,13825,tx,1090.4,142.2,298.7,,,1,0,0,1
1107942257352600,1791133603.968815,13968,tx,9085.2,186.5,323.6,,,1,0,0,1
1107942399092800,1791133604.110559,14110,tx,1514.1,375.5,581.3,,,1,0,0,1
1107942538903600,1791133604.250368,14250,tx,1244.5,193.4,406.6,,,1,0,0,1
1107942691517200,1791133604.402986,14402,tx,8215.3,140.3,242.7,,,1,0,0,1
1107942838407900,1791133604.549872,14549,tx,1335.6,190.2,407.4,,,1,0,0,1
1107942980169400,1791133604.691627,14691,tx,1306.8,368.2,562.6,,,1,0,0,1
1107943121448600,1791133604.832919,14832,tx,1154.4,159.4,332.5,,,1,0,0,1
1107943261301000,1791133604.972771,14972,tx,1653.0,162.5,523.7,,,1,0,0,1
1107943410264100,1791133605.121737,121,tx,1316.3,244.5,438.7,,,1,0,0,1
1107943553062900,1791133605.264536,264,tx,1054.7,133.8,279.1,,,1,0,0,1
1107943697219700,1791133605.408694,408,tx,1330.7,359.5,471.8,,,1,0,0,1
1107943836637000,1791133605.548112,548,tx,1734.8,178.4,388.5,,,1,0,0,1
1107943980429300,1791133605.691905,691,tx,1178.4,120.1,292.5,,,1,0,0,1
1107944122480900,1791133605.833958,833,tx,1082.3,117.1,299.3,,,1,0,0,1
1107944267126400,1791133605.978597,978,tx,1543.1,273.5,580.4,,,1,0,0,1
1107944407062500,1791133606.118541,1118,tx,1494.9,388.2,630.7,,,1,0,0,1
1107944549248300,1791133606.260727,1260,tx,9312.5,253.7,424.3,,,1,0,0,1
1107944691525800,1791133606.403005,1403,tx,1441.0,144.3,346.1,,,1,0,0,1
1107944834350800,1791133606.545831,1545,tx,1945.1,187.7,434.6,,,1,0,0,1
1107944976179800,1791133606.687641,1687,tx,1291.1,280.2,495.2,,,1,0,0,1
1107945116369200,1791133606.827852,1827,tx,5187.4,186.3,350.9,,,1,0,0,1
1107945258221600,1791133606.969705,1969,tx,1239.6,283.4,454.4,,,1,0,0,1
1107945400512400,1791133607.111996,2111,tx,1064.6,143.1,337.1,,,1,0,0,1
1107945543024500,1791133607.254508,2254,tx,1618.0,138.6,328.2,,,1,0,0,1
1107945693610800,1791133607.405096,2405,tx,1948.6,152.1,305.8,,,1,0,0,1
1107945841385100,1791133607.552871,2552,tx,1349.1,238.9,476.6,,,1,0,0,1
1107945981318300,1791133607.692800,2692,tx,9813.6,198.2,383.4,,,1,0,0,1
1107946123099800,1791133607.834588,2834,tx,1489.9,351.8,604.1,,,1,0,0,1
1107946264951600,1791133607.976440,2976,tx,1121.1,166.8,362.0,,,1,0,0,1
1107946403207200,1791133608.114686,3114,tx,1272.5,234.5,458.5,,,1,0,0,1
1107946546004900,1791133608.257492,3257,tx,1444.9,118.1,342.7,,,1,0,0,1
1107946691564400,1791133608.403055,3403,tx,1176.2,105.4,222.6,,,1,0,0,1
1107946829824600,1791133608.541317,3541,tx,1746.6,114.9,353.0,,,1,0,0,1
1107946970700300,1791133608.682192,3682,tx,1359.7,145.7,337.4,,,1,0,0,1
1107947112416200,1791133608.823904,3823,tx,1410.7,164.3,676.9,,,1,0,0,1
1107947253074400,1791133608.964569,3964,tx,1321.0,362.6,547.7,,,1,0,0,1
1107947395410300,1791133609.106905,4106,tx,14433.4,191.5,378.0,,,1,0,0,1
1107947538835300,1791133609.250330,4250,tx,1857.8,133.0,341.0,,,1,0,0,1
1107947681177400,1791133609.392674,4392,tx,1408.3,319.3,527.5,,,1,0,0,1
1107947823009000,1791133609.534507,4534,tx,1471.6,139.2,300.2,,,1,0,0,1
1107947966884900,1791133609.678383,4678,tx,1381.9,220.6,379.2,,,1,0,0,1
1107948106816600,1791133609.818310,4818,tx,1277.2,172.7,492.8,,,1,0,0,1
1107948263137700,1791133609.974638,4974,tx,1338.5,373.4,539.4,,,1,0,0,1
1107948405512900,1791133610.117008,5117,tx,1628.5,116.8,318.5,,,1,0,0,1
1107948547325800,1791133610.258824,5258,tx,1408.9,168.3,543.6,,,1,0,0,1
1107948689648600,1791133610.401151,5401,tx,5386.3,147.5,277.7,,,1,0,0,1
1107948829393900,1791133610.540897,5540,tx,1046.5,117.3,301.9,,,1,0,0,1
1107948972257000,1791133610.683761,5683,tx,1427.2,294.4,519.0,,,1,0,0,1
1107949113935900,1791133610.825419,5825,tx,1166.1,185.9,375.9,,,1,0,0,1
1107949255798300,1791133610.967304,5967,tx,8859.0,182.9,335.3,,,1,0,0,1
1107949398210300,1791133611.109534,6109,tx,1396.1,348.8,487.2,,,1,0,0,1
1107949537890500,1791133611.249392,6249,tx,1065.6,130.5,368.0,,,1,0,0,1
1107949699771700,1791133611.411280,6411,tx,5201.5,161.3,338.5,,,1,0,0,1
1107949838563300,1791133611.550072,6550,tx,5928.0,128.5,282.2,,,1,0,0,1
1107949979502600,1791133611.691012,6691,tx,1278.7,177.8,537.6,,,1,0,0,1
1107950135654500,1791133611.847164,6847,tx,1009.0,123.1,311.6,,,1,0,0,1
1107950275928000,1791133611.987439,6987,tx,1253.7,144.3,348.0,,,1,0,0,1
1107950416899400,1791133612.128377,7128,tx,1350.5,131.1,403.3,,,1,0,0,1
1107950559609600,1791133612.271122,7271,tx,1032.3,147.1,304.1,,,1,0,0,1
1107950699828800,1791133612.411342,7411,tx,1196.6,201.7,394.5,,,1,0,0,1
1107950841681300,1791133612.553195,7553,tx,1264.1,159.5,331.8,,,1,0,0,1
1107950982401400,1791133612.693917,7693,tx,1248.5,118.7,313.7,,,1,0,0,1
1107951123716500,1791133612.835232,7835,tx,1083.6,156.5,318.9,,,1,0,0,1
1107951264472300,1791133612.975989,7975,tx,1110.1,121.6,287.1,,,1,0,0,1
1107951404582900,1791133613.116101,8116,tx,1128.4,115.5,381.1,,,1,0,0,1
1107951545276100,1791133613.256794,8256,tx,1673.5,231.6,441.1,,,1,0,0,1
1107951693203700,1791133613.404723,8404,tx,1256.3,354.1,500.9,,,1,0,0,1
1107951831232800,1791133613.542752,8542,tx,1341.2,258.5,435.5,,,1,0,0,1
1107951972491500,1791133613.684012,8684,tx,1267.0,158.9,361.3,,,1,0,0,1
1107952113675300,1791133613.825197,8825,tx,1320.6,186.3,382.4,,,1,0,0,1
1107952254575700,1791133613.966079,8966,tx,5567.6,149.6,363.0,,,1,0,0,1
1107952395720200,1791133614.107243,9107,tx,1109.3,164.6,378.0,,,1,0,0,1
1107952537543900,1791133614.249068,9249,tx,8851.4,115.3,279.2,,,1,0,0,1
1107952701926000,1791133614.413448,9413,tx,1471.1,143.8,278.4,,,1,0,0,1
1107952853500100,1791133614.565019,9565,tx,1410.8,246.2,464.1,,,1,0,0,1
1107952995273800,1791133614.706799,9706,tx,1233.9,271.8,437.7,,,1,0,0,1
1107953137608800,1791133614.849136,9849,tx,1116.7,177.2,344.9,,,1,0,0,1
1107953278036400,1791133614.989561,9989,tx,1650.6,128.1,340.1,,,1,0,0,1
1107953418780800,1791133615.130309,10130,tx,9256.0,149.5,341.2,,,1,0,0,1
1107953560949900,1791133615.272480,10272,tx,1109.9,183.0,349.4,,,1,0,0,1
1107953701185600,1791133615.412716,10412,tx,1366.3,355.0,511.5,,,1,0,0,1
1107953844454500,1791133615.555980,10555,tx,8967.9,172.6,388.4,,,1,0,0,1
1107953987782500,1791133615.699313,10699,tx,1450.5,175.0,413.0,,,1,0,0,1
1107954128101600,1791133615.839634,10839,tx,6660.1,354.6,518.3,,,1,0,0,1
1107954269805100,1791133615.981338,10981,tx,1409.3,168.4,507.3,,,1,0,0,1
1107954412084100,1791133616.123615,11123,tx,1499.4,361.6,583.4,,,1,0,0,1
1107954554822200,1791133616.266357,11266,tx,1663.1,223.9,430.8,,,1,0,0,1
1107954695913900,1791133616.407450,11407,tx,1187.8,186.3,344.9,,,1,0,0,1
1107954836916800,1791133616.548453,11548,tx,2606.5,206.7,365.6,,,1,0,0,1
1107954978698800,1791133616.690236,11690,tx,1393.9,159.8,557.4,,,1,0,0,1
1107955120983100,1791133616.832517,11832,tx,1237.0,120.9,289.1,,,1,0,0,1
1107955263178800,1791133616.974718,11974,tx,1207.8,286.2,459.2,,,1,0,0,1
1107955405465200,1791133617.117005,12117,tx,1075.8,144.5,324.0,,,1,0,0,1
1107955545326600,1791133617.256862,12256,tx,6949.2,189.5,371.1,,,1,0,0,1
1107955698857000,1791133617.410398,12410,tx,16787.8,117.4,221.9,,,1,0,0,1
1107955843642900,1791133617.555185,12555,tx,5085.5,158.6,349.7,,,1,0,0,1
1107955984945900,1791133617.696485,12696,tx,1416.7,209.5,412.3,,,1,0,0,1
1107956127226900,1791133617.838768,12838,tx,1237.4,280.3,459.6,,,1,0,0,1
1107956268099600,1791133617.979644,12979,tx,1534.2,407.3,615.8,,,1,0,0,1
1107956409386200,1791133618.120932,13120,tx,1169.7,211.9,395.9,,,1,0,0,1
1107956550689500,1791133618.262236,13262,tx,1130.1,165.6,351.1,,,1,0,0,1
1107956692622500,1791133618.404131,13404,tx,8781.0,137.4,433.5,,,1,0,0,1
1107956831104000,1791133618.542652,13542,tx,1829.2,110.8,209.7,,,1,0,0,1
1107956978418900,1791133618.689967,13689,tx,5268.7,140.5,298.9,,,1,0,0,1
1107957121229800,1791133618.832779,13832,tx,1247.7,234.2,429.8,,,1,0,0,1
1107957262916200,1791133618.974464,13974,tx,1056.4,158.7,312.8,,,1,0,0,1
1107957402628900,1791133619.114180,14114,tx,1058.5,108.8,280.6,,,1,0,0,1
1107957546053500,1791133619.257605,14257,tx,1059.2,162.3,335.8,,,1,0,0,1
1107957693100200,1791133619.404653,14404,tx,1586.3,353.3,512.8,,,1,0,0,1
1107957841555200,1791133619.553109,14553,tx,1212.0,141.9,386.8,,,1,0,0,1
1107957982417500,1791133619.693972,14693,tx,1244.4,140.9,316.0,,,1,0,0,1
1107958138679700,1791133619.850235,14850,tx,1545.8,169.7,375.4,,,1,0,0,1
1107958295170000,1791133620.006725,6,tx,1450.1,314.5,543.5,,,1,0,0,1
1107958443554100,1791133620.155111,155,tx,9240.8,200.1,609.9,,,1,0,0,1
1107958586339700,1791133620.297897,297,tx,1449.0,132.0,364.9,,,1,0,0,1
1107958729434600,1791133620.440993,440,tx,1103.5,123.4,335.9,,,1,0,0,1
1107958872954800,1791133620.584515,584,tx,1190.9,140.3,293.7,,,1,0,0,1
1107959015744500,1791133620.727298,727,tx,1291.5,125.9,347.8,,,1,0,0,1
1107959189018400,1791133620.900579,900,tx,1394.9,182.2,296.9,,,1,0,0,1
1107959332991700,1791133621.044549,1044,tx,2179.9,209.2,660.9,,,1,0,0,1
1107959473030000,1791133621.184592,1184,tx,5604.2,118.8,288.0,,,1,0,0,1
1107959613582900,1791133621.325140,1325,tx,1122.0,137.9,323.6,,,1,0,0,1
1107959755299000,1791133621.466863,1466,tx,5941.0,193.6,381.8,,,1,0,0,1
1107959894992900,1791133621.606552,1606,tx,1702.3,133.7,326.1,,,1,0,0,1
1107960037649800,1791133621.749216,1749,tx,1770.6,125.5,371.8,,,1,0,0,1
1107960201026700,1791133621.912593,1912,tx,1198.0,153.1,264.3,,,1,0,0,1
1107960351487500,1791133622.063055,2063,tx,1591.4,128.7,348.2,,,1,0,0,1
1107960492728300,1791133622.204297,2204,tx,1215.7,203.1,446.8,,,1,0,0,1
1107960635451500,1791133622.347016,2347,tx,3354.5,182.3,362.9,,,1,0,0,1
1107960777626100,1791133622.489196,2489,tx,1107.9,123.4,309.9,,,1,0,0,1
1107960919151700,1791133622.630716,2630,tx,1302.6,296.7,511.8,,,1,0,0,1
1107961060149300,1791133622.771699,2771,tx,1321.9,385.7,615.2,,,1,0,0,1
1107961201286600,1791133622.912859,2912,tx,1130.8,143.8,350.2,,,1,0,0,1
1107961343542000,1791133623.055115,3055,tx,1098.9,134.2,309.0,,,1,0,0,1
1107961486866400,1791133623.198434,3198,tx,1115.6,146.3,367.2,,,1,0,0,1
1107961629180400,1791133623.340755,3340,tx,1491.5,308.1,546.5,,,1,0,0,1
1107961771401700,1791133623.482977,3482,tx,1290.2,136.4,340.8,,,1,0,0,1
1107961913657600,1791133623.625234,3625,tx,1005.5,125.7,293.5,,,1,0,0,1
1107962057104100,1791133623.768661,3768,tx,4731.0,320.2,505.9,,,1,0,0,1
1107962196209800,1791133623.907788,3907,tx,1234.2,296.7,428.7,,,1,0,0,1
1107962340158600,1791133624.051732,4051,tx,1339.7,381.0,560.4,,,1,0,0,1
1107962482448000,1791133624.194027,4194,tx,1044.0,131.5,318.5,,,1,0,0,1
1107962623831800,1791133624.335412,4335,tx,1311.1,160.2,357.9,,,1,0,0,1
1107962767964300,1791133624.479546,4479,tx,1718.8,428.7,698.7,,,1,0,0,1
1107962909302000,1791133624.620884,4620,tx,1153.8,171.0,381.4,,,1,0,0,1
1107963051569200,1791133624.763152,4763,tx,5524.0,134.6,336.5,,,1,0,0,1
1107963196097400,1791133624.907681,4907,tx,1511.3,124.7,242.6,,,1,0,0,1
1107963333173600,1791133625.044754,5044,tx,1403.8,309.0,515.1,,,1,0,0,1
1107963474767200,1791133625.186352,5186,tx,7572.7,189.4,364.9,,,1,0,0,1
1107963617477200,1791133625.329063,5329,tx,1129.2,138.7,327.9,,,1,0,0,1
1107963759799400,1791133625.471386,5471,tx,1182.1,109.3,351.5,,,1,0,0,1
1107963902958300,1791133625.614540,5614,tx,1290.3,134.7,363.5,,,1,0,0,1
1107964044411600,1791133625.756000,5755,tx,1070.0,110.6,285.8,,,1,0,0,1
1107964185747100,1791133625.897336,5897,tx,1312.1,158.7,386.5,,,1,0,0,1
1107964326601600,1791133626.038192,6038,tx,1251.4,244.6,450.9,,,1,0,0,1
1107964467534400,1791133626.179112,6179,tx,9745.8,143.3,388.4,,,1,0,0,1
1107964608149000,1791133626.319741,6319,tx,10977.2,311.4,511.9,,,1,0,0,1
1107964765427200,1791133626.476999,6476,tx,1229.4,145.3,344.9,,,1,0,0,1
1107964907521500,1791133626.619114,6619,tx,1056.5,168.9,371.1,,,1,0,0,1
1107965050243700,1791133626.761837,6761,tx,1666.9,256.9,449.6,,,1,0,0,1
1107965187991700,1791133626.899587,6899,tx,1300.0,131.8,296.4,,,1,0,0,1
1107965333157600,1791133627.044741,7044,tx,17105.6,329.4,563.6,,,1,0,0,1
1107965475305300,1791133627.186901,7186,tx,1249.2,318.6,496.0,,,1,0,0,1
1107965617048700,1791133627.328645,7328,tx,1409.0,331.6,583.5,,,1,0,0,1
1107965758732200,1791133627.470328,7470,tx,1188.4,137.0,335.1,,,1,0,0,1
1107965899863000,1791133627.611457,7611,tx,1321.3,118.0,326.6,,,1,0,0,1
1107966041546900,1791133627.753146,7753,tx,1227.2,190.5,370.3,,,1,0,0,1
1107966200873500,1791133627.912474,7912,tx,1252.3,194.3,333.7,,,1,0,0,1
1107966341476400,1791133628.053077,8053,tx,1730.1,126.1,314.1,,,1,0,0,1
1107966483046700,1791133628.194649,8194,tx,1114.6,117.6,296.5,,,1,0,0,1
1107966624358400,1791133628.335961,8335,tx,5691.9,159.5,381.7,,,1,0,0,1
1107966765629300,1791133628.477228,8477,tx,1395.8,203.8,429.9,,,1,0,0,1
1107966904948700,1791133628.616553,8616,tx,1123.9,153.6,342.5,,,1,0,0,1
1107967046795100,1791133628.758400,8758,tx,1067.0,115.5,306.2,,,1,0,0,1
1107967187062700,1791133628.898669,8898,tx,1320.7,335.9,542.1,,,1,0,0,1
1107967328921700,1791133629.040527,9040,tx,1280.4,141.7,377.6,,,1,0,0,1
1107967470678400,1791133629.182285,9182,tx,1333.2,191.1,356.6,,,1,0,0,1
1107967611882100,1791133629.323490,9323,tx,1072.0,122.8,308.3,,,1,0,0,1
1107967753573500,1791133629.465183,9465,tx,1086.7,191.9,365.3,,,1,0,0,1
1107967894022600,1791133629.605627,9605,tx,1636.5,123.3,307.7,,,1,0,0,1
1107968036717200,1791133629.748316,9748,tx,2027.2,119.1,338.7,,,1,0,0,1
1107968191562500,1791133629.903174,9903,tx,1570.0,118.4,257.5,,,1,0,0,1
1107968332846300,1791133630.044455,10044,tx,1289.7,134.4,419.7,,,1,0,0,1
1107968475509800,1791133630.187123,10187,tx,1194.2,121.1,313.9,,,1,0,0,1
1107968617790700,1791133630.329404,10329,tx,5267.9,208.8,373.5,,,1,0,0,1
1107968758676700,1791133630.470291,10470,tx,1256.1,168.5,383.2,,,1,0,0,1
1107968899661700,1791133630.611270,10611,tx,1256.7,205.4,398.8,,,1,0,0,1
1107969041257500,1791133630.752874,10752,tx,1194.7,203.6,401.1,,,1,0,0,1
1107969191572300,1791133630.903189,10903,tx,1442.9,187.4,333.5,,,1,0,0,1
1107969341515900,1791133631.053134,11053,tx,1627.6,172.7,386.1,,,1,0,0,1
1107969481398400,1791133631.193017,11193,tx,1422.2,176.3,394.8,,,1,0,0,1
1107969624725600,1791133631.336345,11336,tx,1644.8,222.8,426.1,,,1,0,0,1
1107969766035700,1791133631.477650,11477,tx,1335.6,321.7,624.7,,,1,0,0,1
1107969906425000,1791133631.618041,11618,tx,1176.9,162.8,398.6,,,1,0,0,1
1107970047045500,1791133631.758667,11758,tx,1151.8,144.1,311.4,,,1,0,0,1
1107970188347300,1791133631.899970,11899,tx,5831.4,169.9,336.8,,,1,0,0,1
1107970331379400,1791133632.042996,12042,tx,1279.3,125.1,418.2,,,1,0,0,1
1107970472715200,1791133632.184339,12184,tx,5907.4,131.6,302.8,,,1,0,0,1
1107970614413700,1791133632.326039,12326,tx,1095.2,168.5,366.1,,,1,0,0,1
1107970757331300,1791133632.468957,12468,tx,1015.3,151.4,320.9,,,1,0,0,1
1107970898639100,1791133632.610229,12610,tx,1461.8,134.7,466.5,,,1,0,0,1
1107971039867500,1791133632.751493,12751,tx,1239.6,196.7,401.5,,,1,0,0,1
1107971189308400,1791133632.900936,12900,tx,1563.6,320.0,426.4,,,1,0,0,1
1107971340381100,1791133633.052010,13052,tx,1334.9,163.0,477.7,,,1,0,0,1
1107971482830600,1791133633.194461,13194,tx,1009.7,110.2,297.7,,,1,0,0,1
1107971621989700,1791133633.333620,13333,tx,1301.3,133.1,248.2,,,1,0,0,1
1107971766634900,1791133633.478260,13478,tx,1271.2,196.5,419.5,,,1,0,0,1
1107971911636300,1791133633.623268,13623,tx,1149.1,132.7,309.9,,,1,0,0,1
1107972051607900,1791133633.763240,13763,tx,1103.7,151.3,342.6,,,1,0,0,1
1107972198646700,1791133633.910275,13910,tx,1498.3,198.9,349.4,,,1,0,0,1
1107972349110000,1791133634.060745,14060,tx,2042.6,339.7,515.9,,,1,0,0,1
1107972491312100,1791133634.202947,14202,tx,1099.3,164.3,332.2,,,1,0,0,1
1107972632717200,1791133634.344332,14344,tx,1404.6,344.2,527.5,,,1,0,0,1
1107972774725900,1791133634.486358,14486,tx,9159.7,201.1,375.2,,,1,0,0,1
1107972916328000,1791133634.627966,14627,tx,1096.7,182.1,363.9,,,1,0,0,1
1107973057002300,1791133634.768641,14768,tx,1043.7,126.5,310.3,,,1,0,0,1
1107973199840000,1791133634.911479,14911,tx,1275.4,180.9,385.5,,,1,0,0,1
1107973341540300,1791133635.053181,53,tx,1431.3,138.1,338.6,,,1,0,0,1
1107973491417000,1791133635.203058,203,tx,1195.0,223.2,408.9,,,1,0,0,1
1107973635208300,1791133635.346850,346,tx,1323.1,294.6,461.6,,,1,0,0,1
1107973777720800,1791133635.489344,489,tx,6009.8,161.4,408.8,,,1,0,0,1
1107973920678300,1791133635.632322,632,tx,1118.8,176.8,375.2,,,1,0,0,1
1107974064699900,1791133635.776344,776,tx,1085.6,222.6,400.5,,,1,0,0,1
1107974362935300,1791133636.074579,1074,tx,11710.3,146.2,257.6,,,1,0,0,1
1107974506210900,1791133636.217841,1217,tx,1279.3,237.7,437.3,,,1,0,0,1
1107974646981900,1791133636.358629,1358,tx,10667.7,122.4,284.3,,,1,0,0,1
1107974788947400,1791133636.500596,1500,tx,2152.3,211.3,377.6,,,1,0,0,1
1107974931278200,1791133636.642927,1642,tx,1183.1,159.9,386.0,,,1,0,0,1
1107975072009800,1791133636.783659,1783,tx,8631.6,147.6,335.5,,,1,0,0,1
1107975212685000,1791133636.924336,1924,tx,1183.0,140.8,352.6,,,1,0,0,1
1107975355034500,1791133637.066686,2066,tx,995.9,129.3,277.9,,,1,0,0,1
1107975497350400,1791133637.209003,2209,tx,1166.1,135.3,352.7,,,1,0,0,1
1107975638662500,1791133637.350316,2350,tx,1361.8,179.0,406.4,,,1,0,0,1
1107975781880900,1791133637.493535,2493,tx,1770.1,153.6,264.4,,,1,0,0,1
1107975923573700,1791133637.635228,2635,tx,1271.9,166.9,351.8,,,1,0,0,1
1107976081367600,1791133637.793023,2793,tx,1544.0,185.5,545.9,,,1,0,0,1
1107976222275600,1791133637.933932,2933,tx,1170.8,205.3,400.2,,,1,0,0,1
1107976363061500,1791133638.074718,3074,tx,1100.3,130.4,328.8,,,1,0,0,1
1107976504738300,1791133638.216397,3216,tx,1359.6,135.2,385.6,,,1,0,0,1
1107976646565900,1791133638.358225,3358,tx,50026.6,213.8,392.3,,,1,0,0,1
1107976803490400,1791133638.515150,3515,tx,1426.6,144.6,326.0,,,1,0,0,1
1107976945018100,1791133638.656673,3656,tx,1557.5,129.3,318.8,,,1,0,0,1
1107977085720800,1791133638.797360,3797,tx,1133.3,173.3,336.2,,,1,0,0,1
1107977226938400,1791133638.938600,3938,tx,1084.3,134.2,313.7,,,1,0,0,1
1107977369284700,1791133639.080947,4080,tx,14112.8,133.2,334.3,,,1,0,0,1
1107977510595600,1791133639.222256,4222,tx,6495.4,150.9,378.6,,,1,0,0,1
1107977651839900,1791133639.363496,4363,tx,12887.0,226.9,417.8,,,1,0,0,1
1107977792469000,1791133639.504134,4504,tx,1146.4,116.9,336.2,,,1,0,0,1
1107977932147800,1791133639.643814,4643,tx,1239.9,344.0,534.0,,,1,0,0,1
1107978072842800,1791133639.784504,4784,tx,1231.1,122.1,321.7,,,1,0,0,1
1107978214141500,1791133639.925809,4925,tx,1430.3,341.1,524.4,,,1,0,0,1
1107978353995000,1791133640.065657,5065,tx,16268.6,135.0,321.0,,,1,0,0,1
1107978511079400,1791133640.222743,5222,tx,1800.2,399.7,626.4,,,1,0,0,1
1107978652839000,1791133640.364509,5364,tx,39857.8,124.6,291.5,,,1,0,0,1
1107978799043200,1791133640.510714,5510,tx,1155.5,105.7,216.8,,,1,0,0,1
1107978951304200,1791133640.662976,5662,tx,1436.8,162.3,334.9,,,1,0,0,1
1107979092982600,1791133640.804655,5804,tx,1232.9,166.9,407.2,,,1,0,0,1
1107979233227600,1791133640.944901,5944,tx,1289.0,314.1,481.9,,,1,0,0,1
1107979374415200,1791133641.086089,6086,tx,1511.6,162.4,442.6,,,1,0,0,1
1107979515626600,1791133641.227300,6227,tx,1194.3,201.0,390.6,,,1,0,0,1
1107979692883700,1791133641.404560,6404,tx,1511.1,158.1,401.3,,,1,0,0,1
1107979845671900,1791133641.557348,6557,tx,1941.2,172.3,328.0,,,1,0,0,1
1107979987634000,1791133641.699283,6699,tx,9752.4,152.3,380.3,,,1,0,0,1
1107980128480100,1791133641.840154,6840,tx,1238.9,167.9,385.6,,,1,0,0,1
1107980268536900,1791133641.980211,6980,tx,2327.5,203.8,417.0,,,1,0,0,1
1107980411360200,1791133642.123035,7123,tx,1297.2,171.9,390.7,,,1,0,0,1
1107980554773100,1791133642.266453,7266,tx,1191.8,172.5,348.7,,,1,0,0,1
1107980698146000,1791133642.409827,7409,tx,1265.6,215.8,488.8,,,1,0,0,1
1107980839012900,1791133642.550689,7550,tx,1377.3,170.8,414.2,,,1,0,0,1
1107980980344100,1791133642.692024,7692,tx,9451.5,167.5,351.6,,,1,0,0,1
1107981121485300,1791133642.833169,7833,tx,6279.4,203.8,371.6,,,1,0,0,1
1107981262652700,1791133642.974337,7974,tx,1122.0,158.5,341.0,,,1,0,0,1
1107981402968700,1791133643.114654,8114,tx,1465.8,138.3,370.0,,,1,0,0,1
1107981545358800,1791133643.257040,8257,tx,1245.1,162.4,367.3,,,1,0,0,1
1107981688972400,1791133643.400660,8400,tx,1141.1,125.4,234.1,,,1,0,0,1
1107981827249900,1791133643.538938,8538,tx,1571.5,252.4,418.6,,,1,0,0,1
1107981968437700,1791133643.680120,8680,tx,1029.9,144.8,312.6,,,1,0,0,1
1107982110160300,1791133643.821845,8821,tx,1415.5,334.3,558.7,,,1,0,0,1
1107982251424200,1791133643.963112,8963,tx,1197.8,157.6,374.3,,,1,0,0,1
1107982392742000,1791133644.104433,9104,tx,15924.8,149.4,323.0,,,1,0,0,1
1107982534423600,1791133644.246116,9246,tx,1119.7,132.4,299.8,,,1,0,0,1
1107982695930800,1791133644.407624,9407,tx,1199.2,119.1,272.1,,,1,0,0,1
1107982836124600,1791133644.547818,9547,tx,4767.7,337.8,512.3,,,1,0,0,1
1107982978920300,1791133644.690597,9690,tx,1372.6,160.7,380.9,,,1,0,0,1
1107983122709000,1791133644.834404,9834,tx,1151.2,142.1,398.9,,,1,0,0,1
1107983264454200,1791133644.976150,9976,tx,1081.9,115.9,274.0,,,1,0,0,1
1107983406783400,1791133645.118476,10118,tx,10554.4,180.2,368.0,,,1,0,0,1
1107983548536900,1791133645.260235,10260,tx,1495.5,146.1,368.7,,,1,0,0,1
1107983690414200,1791133645.402112,10402,tx,1083.7,183.4,357.4,,,1,0,0,1
1107983831565100,1791133645.543263,10543,tx,1210.0,159.8,324.3,,,1,0,0,1
1107983973707000,1791133645.685407,10685,tx,1657.7,117.2,287.5,,,1,0,0,1
1107984115523500,1791133645.827214,10827,tx,1219.8,182.7,446.5,,,1,0,0,1
1107984258289400,1791133645.969991,10969,tx,8779.1,301.2,461.3,,,1,0,0,1
1107984401490900,1791133646.113193,11113,tx,1161.5,163.3,370.0,,,1,0,0,1
1107984542808900,1791133646.254511,11254,tx,1473.6,165.1,406.4,,,1,0,0,1
1107984694015300,1791133646.405719,11405,tx,6597.5,122.7,234.7,,,1,0,0,1
1107984841236400,1791133646.552937,11552,tx,1557.1,274.5,501.3,,,1,0,0,1
1107984983108800,1791133646.694811,11694,tx,1321.5,342.8,522.6,,,1,0,0,1
1107985126062600,1791133646.837769,11837,tx,8580.6,116.0,261.3,,,1,0,0,1
1107985266694200,1791133646.978401,11978,tx,1236.5,205.5,376.7,,,1,0,0,1
1107985408899000,1791133647.120602,12120,tx,1248.3,195.7,440.5,,,1,0,0,1
1107985552294200,1791133647.263998,12263,tx,1479.8,142.8,631.1,,,1,0,0,1
1107985697049600,1791133647.408759,12408,tx,1148.0,130.6,250.9,,,1,0,0,1
1107985847817400,1791133647.559513,12559,tx,1648.5,147.8,363.7,,,1,0,0,1
1107985988108100,1791133647.699819,12699,tx,1518.7,365.2,623.7,,,1,0,0,1
1107986129807800,1791133647.841520,12841,tx,1061.9,149.7,310.2,,,1,0,0,1
1107986272017700,1791133647.983726,12983,tx,1479.8,323.1,610.0,,,1,0,0,1
1107986413247400,1791133648.124959,13124,tx,1185.8,166.8,379.0,,,1,0,0,1
1107986553914500,1791133648.265628,13265,tx,4936.5,122.3,285.7,,,1,0,0,1
1107986696208300,1791133648.407924,13407,tx,1367.6,341.9,513.5,,,1,0,0,1
1107986855926100,1791133648.567642,13567,tx,1462.1,397.6,693.4,,,1,0,0,1
1107986997743200,1791133648.709460,13709,tx,2894.1,114.6,262.4,,,1,0,0,1
1107987141347300,1791133648.853065,13853,tx,51538.9,122.2,341.6,,,1,0,0,1
1107987298160700,1791133649.009879,14009,tx,1429.8,360.2,509.0,,,1,0,0,1
1107987439812900,1791133649.151516,14151,tx,1141.4,190.2,364.6,,,1,0,0,1
1107987580558300,1791133649.292278,14292,tx,1213.9,122.8,297.9,,,1,0,0,1
1107987721241700,1791133649.432962,14432,tx,1458.3,232.4,484.6,,,1,0,0,1
1107987862985500,1791133649.574708,14574,tx,7087.1,130.4,313.0,,,1,0,0,1
1107988004348800,1791133649.716071,14716,tx,1073.1,192.7,366.2,,,1,0,0,1
1107988145725300,1791133649.857427,14857,tx,12588.7,149.7,351.7,,,1,0,0,1
1107988285880500,1791133649.997604,14997,tx,6092.2,185.0,406.0,,,1,0,0,1
1107988705874500,1791133650.417600,417,tx,12149.9,158.8,344.7,,,1,0,0,1
1107988846428300,1791133650.558156,558,tx,1204.6,141.2,283.2,,,1,0,0,1
1107988988354000,1791133650.700077,700,tx,1390.7,169.0,375.7,,,1,0,0,1
1107989131137300,1791133650.842866,842,tx,1363.3,349.0,516.3,,,1,0,0,1
1107989275580900,1791133650.987310,987,tx,1097.7,132.7,302.9,,,1,0,0,1
1107989415047200,1791133651.126777,1126,tx,9652.1,126.4,280.5,,,1,0,0,1
1107989555587100,1791133651.267282,1267,tx,1221.6,150.2,348.0,,,1,0,0,1
1107989697379900,1791133651.409107,1409,tx,1705.4,164.1,306.4,,,1,0,0,1
1107989839077600,1791133651.550810,1550,tx,1289.0,330.0,554.1,,,1,0,0,1
1107989980959400,1791133651.692672,1692,tx,1215.9,146.0,348.7,,,1,0,0,1
1107990122717900,1791133651.834452,1834,tx,5504.8,141.5,4025.2,,,1,0,0,1
1107990265294600,1791133651.977031,1977,tx,1992.6,193.5,316.7,,,1,0,0,1
1107990407552500,1791133652.119289,2119,tx,1021.2,191.4,334.9,,,1,0,0,1
1107990548570200,1791133652.260302,2260,tx,1259.6,172.7,414.2,,,1,0,0,1
1107990688157900,1791133652.399895,2399,tx,1882.3,332.0,488.9,,,1,0,0,1
1107990833009600,1791133652.544748,2544,tx,8245.2,174.1,324.2,,,1,0,0,1
1107990970167100,1791133652.681906,2681,tx,1760.7,397.8,502.1,,,1,0,0,1
1107991116972900,1791133652.828708,2828,tx,1651.4,152.0,366.0,,,1,0,0,1
1107991258620700,1791133652.970356,2970,tx,1790.4,179.8,424.6,,,1,0,0,1
1107991414943800,1791133653.126665,3126,tx,1168.1,131.1,347.6,,,1,0,0,1
1107991556317100,1791133653.268057,3268,tx,1460.9,129.5,410.7,,,1,0,0,1
1107991714536500,1791133653.426270,3426,tx,1356.3,135.7,495.2,,,1,0,0,1
1107991855762500,1791133653.567506,3567,tx,1361.6,157.7,365.0,,,1,0,0,1
1107992275413100,1791133653.987159,3987,tx,12492.2,133.8,247.7,,,1,0,0,1
1107992424215300,1791133654.135960,4135,tx,6533.4,225.7,445.4,,,1,0,0,1
1107992565968500,1791133654.277715,4277,tx,1960.0,311.6,640.9,,,1,0,0,1
1107992708647300,1791133654.420396,4420,tx,1422.7,119.8,357.7,,,1,0,0,1
1107992850041300,1791133654.561756,4561,tx,1772.1,360.7,618.4,,,1,0,0,1
1107992993296400,1791133654.705041,4705,tx,1193.7,190.5,400.2,,,1,0,0,1
1107993132940700,1791133654.844692,4844,tx,7174.9,119.6,289.1,,,1,0,0,1
1107993272676500,1791133654.984423,4984,tx,995.0,179.1,325.7,,,1,0,0,1
1107993415439800,1791133655.127192,5127,tx,1144.2,126.8,312.6,,,1,0,0,1
1107993557737900,1791133655.269491,5269,tx,1193.3,161.4,362.7,,,1,0,0,1
1107993698886700,1791133655.410641,5410,tx,1144.9,118.2,354.5,,,1,0,0,1
1107993840202500,1791133655.551958,5551,tx,1910.5,351.6,518.2,,,1,0,0,1
1107993981399100,1791133655.693155,5693,tx,1031.8,150.7,341.1,,,1,0,0,1
1107994124810100,1791133655.836566,5836,tx,1331.4,156.3,363.6,,,1,0,0,1
1107994266391700,1791133655.978149,5978,tx,1900.7,137.7,360.4,,,1,0,0,1
1107994407657200,1791133656.119416,6119,tx,1214.9,153.5,338.5,,,1,0,0,1
1107994549442800,1791133656.261172,6261,tx,10422.1,236.3,511.2,,,1,0,0,1
1107994693908000,1791133656.405668,6405,tx,1304.2,170.8,308.2,,,1,0,0,1
1107994832507500,1791133656.544268,6544,tx,1203.0,133.4,286.4,,,1,0,0,1
1107994974040100,1791133656.685802,6685,tx,984.3,119.2,289.3,,,1,0,0,1
1107995114939900,1791133656.826699,6826,tx,1001.1,139.8,288.3,,,1,0,0,1
1107995256662700,1791133656.968426,6968,tx,1770.2,168.6,351.9,,,1,0,0,1
1107995398871000,1791133657.110634,7110,tx,1133.7,202.7,411.7,,,1,0,0,1
1107995540372200,1791133657.252129,7252,tx,9138.1,141.6,398.2,,,1,0,0,1
1107995682543000,1791133657.394298,7394,tx,1132.2,138.0,370.8,,,1,0,0,1
1107995823897500,1791133657.535662,7535,tx,1236.2,196.1,405.5,,,1,0,0,1
1107995966253500,1791133657.678020,7678,tx,6950.2,263.4,479.7,,,1,0,0,1
1107996123092300,1791133657.834859,7834,tx,1342.3,269.0,558.3,,,1,0,0,1
1107996264994900,1791133657.976764,7976,tx,1607.0,145.5,359.2,,,1,0,0,1
1107996406742700,1791133658.118512,8118,tx,9325.5,140.1,326.8,,,1,0,0,1
1107996563308600,1791133658.275074,8275,tx,2382.0,185.2,511.6,,,1,0,0,1
1107996712470800,1791133658.424242,8424,tx,1188.0,114.5,236.3,,,1,0,0,1
1107996861163500,1791133658.572927,8572,tx,1543.7,245.2,520.7,,,1,0,0,1
1107997003889100,1791133658.715662,8715,tx,1157.6,155.5,453.9,,,1,0,0,1
1107997147095200,1791133658.858869,8858,tx,1405.0,385.1,562.9,,,1,0,0,1
1107997287898700,1791133658.999667,8999,tx,9670.4,143.1,352.9,,,1,0,0,1
1107997431172600,1791133659.142943,9142,tx,1744.7,249.1,460.7,,,1,0,0,1
1107997573862900,1791133659.285639,9285,tx,1384.4,154.1,466.5,,,1,0,0,1
1107997730515400,1791133659.442292,9442,tx,1159.7,150.2,343.6,,,1,0,0,1
1107997873481000,1791133659.585259,9585,tx,1016.6,123.7,282.3,,,1,0,0,1
1107998016355300,1791133659.728134,9728,tx,1173.2,229.1,390.6,,,1,0,0,1
1107998159538800,1791133659.871313,9871,tx,47999.5,201.3,349.8,,,1,0,0,1
1107998314167000,1791133660.025947,10025,tx,1289.7,371.6,486.9,,,1,0,0,1
1107998470272200,1791133660.182018,10182,tx,1542.3,240.8,471.0,,,1,0,0,1
1107998612990900,1791133660.324773,10324,tx,1095.0,129.4,303.2,,,1,0,0,1
1107998752748800,1791133660.464531,10464,tx,994.5,111.2,258.5,,,1,0,0,1
1107998897176400,1791133660.608959,10608,tx,1194.8,232.4,430.9,,,1,0,0,1
1107999040389700,1791133660.752174,10752,tx,1261.5,133.9,364.5,,,1,0,0,1
1107999213136500,1791133660.924922,10924,tx,1769.1,363.1,513.2,,,1,0,0,1
1107999355378100,1791133661.067164,11067,tx,1338.2,127.6,372.4,,,1,0,0,1
1107999498730300,1791133661.210517,11210,tx,1248.4,166.2,355.2,,,1,0,0,1
1107999640994700,1791133661.352782,11352,tx,7110.2,166.9,364.0,,,1,0,0,1
1107999781596700,1791133661.493385,11493,tx,1128.9,166.5,326.0,,,1,0,0,1
1107999922777200,1791133661.634563,11634,tx,1248.5,122.1,359.1,,,1,0,0,1
1108000065050300,1791133661.776838,11776,tx,1368.3,323.6,570.5,,,1,0,0,1
1108000207753700,1791133661.919544,11919,tx,1185.6,112.3,448.2,,,1,0,0,1
1108000349935800,1791133662.061727,12061,tx,13990.3,146.0,408.6,,,1,0,0,1
1108000491126100,1791133662.202915,12202,tx,1400.0,276.0,486.6,,,1,0,0,1
1108000631348900,1791133662.343136,12343,tx,1538.5,191.1,408.5,,,1,0,0,1
1108000773027000,1791133662.484821,12484,tx,1145.7,162.0,338.3,,,1,0,0,1
1108000914979500,1791133662.626774,12626,tx,1066.9,117.7,286.0,,,1,0,0,1
1108001057749200,1791133662.769544,12769,tx,1168.4,124.7,359.6,,,1,0,0,1
1108001208542200,1791133662.920339,12920,tx,1115.5,161.1,277.7,,,1,0,0,1
1108001357805300,1791133663.069599,13069,tx,1332.3,150.0,369.8,,,1,0,0,1
1108001500094600,1791133663.211891,13211,tx,1310.2,425.4,616.3,,,1,0,0,1
1108001642248300,1791133663.354047,13354,tx,1499.7,168.8,421.7,,,1,0,0,1
1108001784374200,1791133663.496173,13496,tx,1629.1,163.7,417.2,,,1,0,0,1
1108001927200000,1791133663.639001,13639,tx,1195.5,231.3,424.9,,,1,0,0,1
1108002068905500,1791133663.780686,13780,tx,1391.9,173.2,425.7,,,1,0,0,1
1108002218586600,1791133663.930387,13930,tx,5832.0,147.1,274.2,,,1,0,0,1
1108002369836400,1791133664.081634,14081,tx,1318.9,127.1,366.7,,,1,0,0,1
1108002511152100,1791133664.222955,14222,tx,1763.1,626.0,830.0,,,1,0,0,1
1108002653401500,1791133664.365206,14365,tx,51995.9,127.4,309.6,,,1,0,0,1
1108002826312300,1791133664.538118,14538,tx,1716.8,207.0,326.0,,,1,0,0,1
1108002969559800,1791133664.681361,14681,tx,10064.0,172.9,487.8,,,1,0,0,1
1108003110312200,1791133664.822119,14822,tx,1054.8,155.9,315.1,,,1,0,0,1
1108003251577200,1791133664.963385,14963,tx,7976.8,128.5,367.6,,,1,0,0,1
1108003393004900,1791133665.104813,104,tx,1114.5,124.6,286.6,,,1,0,0,1
1108003534710400,1791133665.246499,246,tx,1289.4,125.4,381.0,,,1,0,0,1
1108003712453800,1791133665.424265,424,tx,1210.8,109.4,225.6,,,1,0,0,1
1108003853063100,1791133665.564870,564,tx,9176.5,253.9,548.1,,,1,0,0,1
1108003997134400,1791133665.708930,708,tx,1436.4,311.8,522.9,,,1,0,0,1
1108004140783300,1791133665.852596,852,tx,1552.6,133.3,463.1,,,1,0,0,1
1108004282293500,1791133665.994107,994,tx,8724.6,161.4,351.0,,,1,0,0,1
1108004424020700,1791133666.135835,1135,tx,1021.0,164.2,329.4,,,1,0,0,1
1108004565830600,1791133666.277624,1277,tx,1175.1,168.9,370.6,,,1,0,0,1
1108004722697200,1791133666.434508,1434,tx,9737.9,218.1,418.8,,,1,0,0,1
1108004863422300,1791133666.575219,1575,tx,1372.9,211.4,410.7,,,1,0,0,1
1108005006048400,1791133666.717861,1717,tx,1298.6,360.0,573.1,,,1,0,0,1
1108005147251000,1791133666.859069,1859,tx,1274.2,189.6,388.4,,,1,0,0,1
1108005290485900,1791133667.002305,2002,tx,1787.3,176.9,414.9,,,1,0,0,1
1108005433298900,1791133667.145113,2145,tx,1248.0,163.6,368.0,,,1,0,0,1
1108005575055500,1791133667.286876,2286,tx,1397.6,334.7,537.9,,,1,0,0,1
1108005731890100,1791133667.443712,2443,tx,1859.2,133.2,238.5,,,1,0,0,1
1108005872952000,1791133667.584769,2584,tx,1200.6,168.1,363.6,,,1,0,0,1
1108006013715800,1791133667.725539,2725,tx,1068.9,165.7,323.6,,,1,0,0,1
1108006157042100,1791133667.868863,2868,tx,4448.4,354.8,528.6,,,1,0,0,1
1108006297796400,1791133668.009609,3009,tx,1157.9,218.2,391.9,,,1,0,0,1
1108006439403000,1791133668.151225,3151,tx,1320.0,142.1,344.9,,,1,0,0,1
1108006583792300,1791133668.295618,3295,tx,9292.3,146.5,331.3,,,1,0,0,1
1108006725471400,1791133668.437298,3437,tx,1151.7,126.6,432.5,,,1,0,0,1
1108006866725500,1791133668.578548,3578,tx,7307.2,198.4,407.7,,,1,0,0,1
1108007009430500,1791133668.721256,3721,tx,1173.0,124.3,297.3,,,1,0,0,1
1108007150468800,1791133668.862299,3862,tx,996.0,119.0,290.9,,,1,0,0,1
1108007293344100,1791133669.005175,4005,tx,1084.1,165.9,331.7,,,1,0,0,1
1108007435204200,1791133669.147035,4147,tx,1383.7,229.2,443.9,,,1,0,0,1
1108007577336000,1791133669.289092,4289,tx,9327.3,157.9,312.8,,,1,0,0,1
1108007718405000,1791133669.430238,4430,tx,1166.8,196.9,407.7,,,1,0,0,1
1108007860194200,1791133669.572028,4572,tx,1168.8,238.6,451.3,,,1,0,0,1
1108008001449200,1791133669.713279,4713,tx,8711.5,142.4,381.5,,,1,0,0,1
1108008142559800,1791133669.854394,4854,tx,1569.2,303.8,654.1,,,1,0,0,1
1108008283597900,1791133669.995434,4995,tx,1040.7,146.9,338.0,,,1,0,0,1
1108008424375700,1791133670.136213,5136,tx,1946.9,168.4,315.9,,,1,0,0,1
1108008565588500,1791133670.277421,5277,tx,1159.9,131.6,337.6,,,1,0,0,1
1108008741273700,1791133670.453112,5453,tx,1615.0,266.4,392.7,,,1,0,0,1
1108008881584700,1791133670.593420,5593,tx,10731.3,111.1,435.1,,,1,0,0,1
1108009022705900,1791133670.734546,5734,tx,1047.1,119.1,285.1,,,1,0,0,1
1108009164780400,1791133670.876621,5876,tx,1048.5,148.6,316.4,,,1,0,0,1
1108009305620000,1791133671.017455,6017,tx,1122.9,133.4,334.0,,,1,0,0,1
1108009447426100,1791133671.159261,6159,tx,1609.4,227.1,466.3,,,1,0,0,1
1108009591111800,1791133671.302955,6302,tx,1604.5,266.9,497.0,,,1,0,0,1
1108009733463400,1791133671.445302,6445,tx,1188.3,161.6,356.2,,,1,0,0,1
1108009875606800,1791133671.587431,6587,tx,1345.0,181.7,443.0,,,1,0,0,1
1108010017218000,1791133671.729064,6729,tx,1136.3,230.6,397.6,,,1,0,0,1
1108010158486700,1791133671.870333,6870,tx,1109.0,121.3,315.8,,,1,0,0,1
1108010299850500,1791133672.011696,7011,tx,16961.0,206.0,436.6,,,1,0,0,1
1108010442231400,1791133672.154052,7154,tx,7796.3,231.8,396.7,,,1,0,0,1
1108010583616100,1791133672.295465,7295,tx,1587.0,146.7,398.7,,,1,0,0,1
1108010725948300,1791133672.437793,7437,tx,1190.0,121.8,279.0,,,1,0,0,1
1108010867649900,1791133672.579481,7579,tx,1284.4,205.0,408.4,,,1,0,0,1
1108011009755100,1791133672.721601,7721,tx,1577.2,192.7,403.2,,,1,0,0,1
1108011151375100,1791133672.863227,7863,tx,1470.1,121.2,287.0,,,1,0,0,1
1108011293555600,1791133673.005409,8005,tx,11545.5,123.0,274.5,,,1,0,0,1
1108011435309100,1791133673.147157,8147,tx,1244.9,210.0,429.4,,,1,0,0,1
1108011576067400,1791133673.287915,8287,tx,1312.9,132.2,601.4,,,1,0,0,1
1108011733185200,1791133673.445040,8445,tx,1294.1,325.7,452.4,,,1,0,0,1
1108011877145500,1791133673.588996,8588,tx,1231.8,264.5,488.2,,,1,0,0,1
1108012018206600,1791133673.730064,8730,tx,1318.0,205.1,410.0,,,1,0,0,1
1108012159881700,1791133673.871740,8871,tx,8542.7,138.5,370.4,,,1,0,0,1
1108012301112900,1791133674.012972,9012,tx,1327.9,164.7,481.2,,,1,0,0,1
1108012441583700,1791133674.153443,9153,tx,1208.1,253.7,430.5,,,1,0,0,1
1108012583728000,1791133674.295588,9295,tx,1096.9,157.0,325.8,,,1,0,0,1
1108012740412200,1791133674.452265,9452,tx,1340.8,181.4,414.7,,,1,0,0,1
1108012881462300,1791133674.593324,9593,tx,1205.1,166.6,352.0,,,1,0,0,1
1108013023109200,1791133674.734972,9734,tx,1214.8,292.6,482.8,,,1,0,0,1
1108013165411800,1791133674.877275,9877,tx,1219.0,231.3,383.2,,,1,0,0,1
1108013307528100,1791133675.019392,10019,tx,1193.2,115.9,376.8,,,1,0,0,1
1108013448919900,1791133675.160772,10160,tx,1910.8,360.5,642.5,,,1,0,0,1
1108013588899900,1791133675.300766,10300,tx,13857.9,127.9,288.9,,,1,0,0,1
1108013745711200,1791133675.457575,10457,tx,1195.3,174.3,371.6,,,1,0,0,1
1108013886883700,1791133675.598751,10598,tx,1099.2,125.9,330.3,,,1,0,0,1
1108014027895700,1791133675.739764,10739,tx,9213.0,117.9,268.4,,,1,0,0,1
1108014168757700,1791133675.880625,10880,tx,1165.0,165.2,375.3,,,1,0,0,1
1108014309673200,1791133676.021541,11021,tx,1130.3,164.3,371.1,,,1,0,0,1
1108014465307200,1791133676.177178,11177,tx,1038.6,185.9,346.6,,,1,0,0,1
1108014605484500,1791133676.317345,11317,tx,1260.6,167.9,378.8,,,1,0,0,1
1108014761272800,1791133676.473132,11473,tx,1249.9,127.4,387.6,,,1,0,0,1
1108014902965300,1791133676.614839,11614,tx,8655.3,210.5,368.2,,,1,0,0,1
1108015044690400,1791133676.756564,11756,tx,1149.3,158.0,357.2,,,1,0,0,1
1108015186514600,1791133676.898389,11898,tx,12638.3,180.6,366.3,,,1,0,0,1
1108015343831200,1791133677.055706,12055,tx,10413.6,128.5,306.8,,,1,0,0,1
1108015486024100,1791133677.197900,12197,tx,1228.8,138.4,319.1,,,1,0,0,1
1108015627214400,1791133677.339089,12339,tx,1311.6,216.5,386.2,,,1,0,0,1
1108015770402700,1791133677.482281,12482,tx,7669.6,181.8,491.9,,,1,0,0,1
1108015911682200,1791133677.623554,12623,tx,1353.2,127.0,350.2,,,1,0,0,1
1108016051240900,1791133677.763121,12763,tx,1127.4,221.6,387.1,,,1,0,0,1
1108016192935400,1791133677.904815,12904,tx,59178.8,189.5,390.9,,,1,0,0,1
1108016377221800,1791133678.089103,13089,tx,1495.4,293.2,422.2,,,1,0,0,1
1108016522837000,1791133678.234720,13234,tx,943.9,110.4,279.1,,,1,0,0,1
1108016663692600,1791133678.375575,13375,tx,1070.2,165.7,338.0,,,1,0,0,1
1108016805330800,1791133678.517215,13517,tx,1031.2,151.2,315.9,,,1,0,0,1
1108016947066000,1791133678.658930,13658,tx,1277.9,371.6,568.1,,,1,0,0,1
1108017088241800,1791133678.800127,13800,tx,2258.6,181.6,380.4,,,1,0,0,1
1108017229427200,1791133678.941314,13941,tx,1191.3,190.4,299.4,,,1,0,0,1
1108017370156500,1791133679.082043,14082,tx,5834.4,347.8,501.7,,,1,0,0,1
1108017512422100,1791133679.224310,14224,tx,1466.2,177.5,359.6,,,1,0,0,1
1108017652958500,1791133679.364847,14364,tx,7314.7,117.5,298.9,,,1,0,0,1
1108017795750400,1791133679.507639,14507,tx,1210.2,152.7,351.3,,,1,0,0,1
1108017939538700,1791133679.651429,14651,tx,1080.9,131.0,324.1,,,1,0,0,1
1108018081414200,1791133679.793301,14793,tx,1391.9,215.4,445.4,,,1,0,0,1
1108018224659700,1791133679.936551,14936,tx,1079.0,149.8,342.8,,,1,0,0,1
1108018366375700,1791133680.078268,78,tx,1175.3,131.7,317.9,,,1,0,0,1
1108018518368200,1791133680.230262,230,tx,1142.0,182.9,359.6,,,1,0,0,1
1108018660791200,1791133680.372685,372,tx,1120.1,138.7,366.6,,,1,0,0,1
1108018803397600,1791133680.515291,515,tx,1232.8,170.7,329.5,,,1,0,0,1
1108019255907300,1791133680.967801,967,tx,11095.8,348.9,648.5,,,1,0,0,1
1108019406224100,1791133681.118122,1118,tx,1710.1,195.7,381.6,,,1,0,0,1
1108019562538300,1791133681.274438,1274,tx,1114.8,117.9,289.3,,,1,0,0,1
1108019702822500,1791133681.414722,1414,tx,12898.8,127.9,293.4,,,1,0,0,1
1108019844678000,1791133681.556556,1556,tx,1416.5,170.7,431.5,,,1,0,0,1
1108019985991000,1791133681.697890,1697,tx,1270.6,147.9,370.9,,,1,0,0,1
1108020127259300,1791133681.839162,1839,tx,1138.1,126.9,338.9,,,1,0,0,1
1108020269059300,1791133681.980962,1980,tx,1641.2,220.5,527.8,,,1,0,0,1
1108020411486700,1791133682.123384,2123,tx,1396.5,173.0,422.5,,,1,0,0,1
1108020552297700,1791133682.264198,2264,tx,1229.7,171.8,380.3,,,1,0,0,1
1108020694142400,1791133682.406048,2406,tx,57159.9,359.3,527.5,,,1,0,0,1
1108020881072800,1791133682.592979,2592,tx,1386.8,338.9,506.8,,,1,0,0,1
1108021021437100,1791133682.733339,2733,tx,9739.8,176.8,390.8,,,1,0,0,1
1108021163162100,1791133682.875070,2875,tx,1216.2,220.3,420.3,,,1,0,0,1
1108021303911800,1791133683.015820,3015,tx,1272.1,178.2,402.4,,,1,0,0,1
1108021446771900,1791133683.158681,3158,tx,1313.8,207.8,486.6,,,1,0,0,1
1108021586895100,1791133683.298786,3298,tx,8133.1,223.8,457.3,,,1,0,0,1
1108021727857800,1791133683.439769,3439,tx,1123.5,110.4,223.0,,,1,0,0,1
1108021869383000,1791133683.581295,3581,tx,1057.2,139.2,324.4,,,1,0,0,1
1108022012290400,1791133683.724203,3724,tx,1384.5,213.0,434.4,,,1,0,0,1
1108022154641200,1791133683.866552,3866,tx,1171.1,209.2,405.6,,,1,0,0,1
1108022295815500,1791133684.007730,4007,tx,1324.3,175.9,390.7,,,1,0,0,1
1108022435415800,1791133684.147331,4147,tx,1115.4,213.8,365.8,,,1,0,0,1
1108022576894700,1791133684.288811,4288,tx,1122.2,125.5,372.6,,,1,0,0,1
1108022718588400,1791133684.430499,4430,tx,1336.1,199.4,408.5,,,1,0,0,1
1108022859650500,1791133684.571566,4571,tx,1559.2,211.4,437.4,,,1,0,0,1
1108023002787000,1791133684.714705,4714,tx,1136.0,198.4,352.1,,,1,0,0,1
1108023145543500,1791133684.857458,4857,tx,1189.2,176.6,387.1,,,1,0,0,1
1108023286895100,1791133684.998815,4998,tx,1159.3,162.2,353.4,,,1,0,0,1
1108023428066300,1791133685.139987,5139,tx,7275.6,401.7,560.5,,,1,0,0,1
1108023568451300,1791133685.280372,5280,tx,1340.9,144.2,526.6,,,1,0,0,1
1108023757447900,1791133685.469371,5469,tx,4223.4,133.9,277.5,,,1,0,0,1
1108023896880000,1791133685.608803,5608,tx,1129.5,126.1,376.8,,,1,0,0,1
1108024038909200,1791133685.750834,5750,tx,1080.3,145.4,327.8,,,1,0,0,1
1108024180292600,1791133685.892218,5892,tx,1272.8,251.8,455.1,,,1,0,0,1
1108024320134700,1791133686.032061,6032,tx,1183.2,262.9,467.6,,,1,0,0,1
1108024461230400,1791133686.173154,6173,tx,1300.2,234.7,445.3,,,1,0,0,1
1108024602852200,1791133686.314779,6314,tx,1065.1,119.0,312.1,,,1,0,0,1
1108024744986700,1791133686.456915,6456,tx,2827.8,188.3,361.1,,,1,0,0,1
1108024886792600,1791133686.598716,6598,tx,1439.6,183.6,518.4,,,1,0,0,1
1108025028975400,1791133686.740905,6740,tx,1375.5,375.9,580.3,,,1,0,0,1
1108025171266400,1791133686.883192,6883,tx,9219.8,129.2,355.8,,,1,0,0,1
1108025313532200,1791133687.025463,7025,tx,1087.5,209.4,381.9,,,1,0,0,1
1108025455317100,1791133687.167244,7167,tx,1247.4,186.6,410.6,,,1,0,0,1
1108025596013500,1791133687.307941,7307,tx,1373.6,328.5,540.5,,,1,0,0,1
1108025736777200,1791133687.448711,7448,tx,1042.9,120.4,279.1,,,1,0,0,1
1108025878429400,1791133687.590364,7590,tx,1087.4,122.2,381.2,,,1,0,0,1
1108026020068100,1791133687.731998,7731,tx,1343.9,376.8,602.3,,,1,0,0,1
1108026161475300,1791133687.873362,7873,tx,9348.1,169.4,351.2,,,1,0,0,1
1108026303072300,1791133688.015009,8015,tx,1451.9,371.2,548.5,,,1,0,0,1
1108026443694800,1791133688.155627,8155,tx,1128.0,115.8,319.4,,,1,0,0,1
1108026585889700,1791133688.297829,8297,tx,1090.1,141.3,310.4,,,1,0,0,1
1108026908536800,1791133688.620477,8620,tx,7461.9,148.2,342.6,,,1,0,0,1
1108027058789000,1791133688.770729,8770,tx,1312.1,206.8,381.6,,,1,0,0,1
1108027204918500,1791133688.916861,8916,tx,1167.9,139.8,252.8,,,1,0,0,1
1108027357400100,1791133689.069325,9069,tx,1192.8,171.7,380.7,,,1,0,0,1
1108027497950700,1791133689.209891,9209,tx,1171.8,138.7,355.9,,,1,0,0,1
1108027655952700,1791133689.367896,9367,tx,1168.9,141.7,357.1,,,1,0,0,1
1108027797017300,1791133689.508963,9508,tx,957.4,125.6,283.7,,,1,0,0,1
1108027938163300,1791133689.650108,9650,idle,1947.7,142.6,392.5,,,0,0,0,0
1108028079140900,1791133689.791082,9791,idle,3606.5,291.4,500.0,,,0,0,0,0
1108028274841200,1791133689.986789,9986,tx,191027.1,,,,,1,0,0,1
1108028571781800,1791133690.283732,10283,tx,6224.5,161.8,305.6,,,1,0,0,1
1108028741041600,1791133690.452992,10452,tx,8656.5,143.7,254.3,,,1,0,0,1
1108028882072900,1791133690.594024,10594,tx,1372.8,389.3,576.1,,,1,0,0,1
1108029023696700,1791133690.735645,10735,tx,1392.0,228.5,448.7,,,1,0,0,1
1108029165184800,1791133690.877132,10877,tx,8481.2,264.4,440.2,,,1,0,0,1
1108029305419800,1791133691.017373,11017,tx,1136.4,216.3,421.4,,,1,0,0,1
1108029447822300,1791133691.159776,11159,tx,4745.6,123.7,284.1,,,1,0,0,1
1108029590559300,1791133691.302508,11302,tx,1215.9,172.7,390.8,,,1,0,0,1
1108029749949500,1791133691.461906,11461,tx,1476.4,189.5,324.8,,,1,0,0,1
1108029891053600,1791133691.603006,11603,tx,9022.6,347.1,577.8,,,1,0,0,1
1108030032778200,1791133691.744733,11744,tx,1376.6,187.2,477.1,,,1,0,0,1
1108030172985000,1791133691.884938,11884,tx,2193.3,347.8,616.3,,,1,0,0,1
1108030315118000,1791133692.027077,12027,tx,17118.1,279.7,504.2,,,1,0,0,1
1108030456979400,1791133692.168920,12168,tx,1284.4,142.5,356.8,,,1,0,0,1
1108030600461400,1791133692.312417,12312,tx,1229.1,170.2,390.7,,,1,0,0,1
1108030740695000,1791133692.452657,12452,tx,1082.3,124.9,294.3,,,1,0,0,1
1108030882916900,1791133692.594879,12594,tx,1098.3,172.2,346.4,,,1,0,0,1
1108031024796700,1791133692.736755,12736,tx,1088.4,126.4,303.8,,,1,0,0,1
1108031164882500,1791133692.876847,12876,tx,1651.4,446.0,806.5,,,1,0,0,1
1108031306130900,1791133693.018096,13018,tx,193224.3,296.9,453.8,,,1,0,0,1
1108031604109000,1791133693.316075,13316,tx,2289.3,391.6,539.4,,,1,0,0,1
1108031746952000,1791133693.458920,13458,tx,6617.1,177.9,291.8,,,1,0,0,1
1108031891656900,1791133693.603620,13603,tx,1101.6,133.1,325.8,,,1,0,0,1
1108032033928400,1791133693.745895,13745,tx,1037.8,149.1,337.1,,,1,0,0,1
1108032176123500,1791133693.888093,13888,tx,8223.1,322.4,495.9,,,1,0,0,1
1108032317281700,1791133694.029252,14029,tx,1259.3,183.5,358.8,,,1,0,0,1
1108032459591300,1791133694.171562,14171,tx,9273.6,171.7,363.8,,,1,0,0,1
1108032602681200,1791133694.314654,14314,tx,1009.2,145.2,357.6,,,1,0,0,1
1108032741276600,1791133694.453249,14453,tx,1282.9,193.4,342.6,,,1,0,0,1
1108032885297500,1791133694.597271,14597,tx,7936.2,113.0,271.0,,,1,0,0,1
1108033027179800,1791133694.739155,14739,tx,1198.5,274.1,455.4,,,1,0,0,1
1108033169436300,1791133694.881407,14881,tx,9242.0,155.5,402.6,,,1,0,0,1
1108033310595400,1791133695.022572,22,tx,1096.6,194.3,343.8,,,1,0,0,1
1108033458022800,1791133695.169999,169,tx,1335.2,414.9,592.7,,,1,0,0,1
1108033600601700,1791133695.312574,312,tx,8558.7,138.1,290.2,,,1,0,0,1
1108033744812900,1791133695.456792,456,tx,1052.8,158.2,323.8,,,1,0,0,1
1108033888440800,1791133695.600420,600,tx,1438.2,151.3,392.9,,,1,0,0,1
1108034031158800,1791133695.743139,743,tx,1164.5,186.9,415.2,,,1,0,0,1
1108034175258600,1791133695.887240,887,tx,1229.8,209.1,389.2,,,1,0,0,1
1108034318528500,1791133696.030510,1030,tx,1112.7,159.5,358.8,,,1,0,0,1
1108034459609400,1791133696.171589,1171,tx,1195.9,168.9,374.2,,,1,0,0,1
1108034600416200,1791133696.312396,1312,tx,1187.6,117.0,384.1,,,1,0,0,1
1108034742768800,1791133696.454753,1454,tx,1092.9,115.6,221.1,,,1,0,0,1
1108034884804500,1791133696.596790,1596,tx,1078.2,117.9,289.6,,,1,0,0,1
1108035026535100,1791133696.738521,1738,tx,6829.9,152.7,406.8,,,1,0,0,1
1108035168845000,1791133696.880828,1880,tx,1471.7,172.6,380.2,,,1,0,0,1
1108035309189900,1791133697.021177,2021,tx,1749.2,193.7,398.2,,,1,0,0,1
1108035449963700,1791133697.161952,2161,tx,1161.4,125.2,340.1,,,1,0,0,1
1108035591912200,1791133697.303901,2303,tx,1252.8,192.9,392.8,,,1,0,0,1
1108035745843800,1791133697.457834,2457,tx,1168.3,212.5,351.7,,,1,0,0,1
1108035890958200,1791133697.602949,2602,tx,9011.3,151.2,329.3,,,1,0,0,1
1108036033406000,1791133697.745392,2745,tx,1409.6,164.6,428.7,,,1,0,0,1
1108036175637800,1791133697.887592,2887,tx,1078.9,173.8,366.1,,,1,0,0,1
1108036316424400,1791133698.028416,3028,tx,1130.3,168.5,360.0,,,1,0,0,1
1108036459336000,1791133698.171326,3171,tx,8337.9,218.0,478.3,,,1,0,0,1
1108036601364400,1791133698.313339,3313,tx,1346.9,191.1,484.1,,,1,0,0,1
1108036743511500,1791133698.455507,3455,tx,1017.9,125.8,289.8,,,1,0,0,1
1108036886201100,1791133698.598197,3598,tx,1817.5,232.0,405.4,,,1,0,0,1
1108037026080300,1791133698.738077,3738,tx,1511.8,366.9,554.4,,,1,0,0,1
1108037166295900,1791133698.878294,3878,tx,1126.7,183.6,351.7,,,1,0,0,1
1108037307652300,1791133699.019650,4019,tx,1153.8,167.1,371.4,,,1,0,0,1
1108037463298500,1791133699.175293,4175,tx,1300.5,132.5,356.1,,,1,0,0,1
1108037605518700,1791133699.317515,4317,tx,1216.0,148.2,418.2,,,1,0,0,1
1108037764664000,1791133699.476665,4476,tx,3911.3,145.4,323.3,,,1,0,0,1
1108037905959700,1791133699.617961,4617,tx,1736.3,116.5,362.0,,,1,0,0,1
1108038046765000,1791133699.758768,4758,tx,1395.0,123.3,278.9,,,1,0,0,1
1108038185807300,1791133699.897811,4897,tx,1065.8,184.0,349.1,,,1,0,0,1
1108038328561000,1791133700.040565,5040,tx,1297.1,128.6,385.1,,,1,0,0,1
1108038469333400,1791133700.181333,5181,tx,1436.7,175.8,341.3,,,1,0,0,1
1108038612380600,1791133700.324387,5324,tx,3961.0,116.1,265.6,,,1,0,0,1
1108038754548700,1791133700.466556,5466,tx,1068.5,217.0,363.1,,,1,0,0,1
1108038895599100,1791133700.607600,5607,tx,1763.7,145.2,416.3,,,1,0,0,1
1108039036312700,1791133700.748316,5748,tx,1187.9,197.0,359.4,,,1,0,0,1
1108039176437900,1791133700.888447,5888,tx,8673.7,166.9,352.7,,,1,0,0,1
1108039319517600,1791133701.031500,6031,tx,1139.0,120.9,388.8,,,1,0,0,1
1108039461174800,1791133701.173185,6173,tx,1097.2,236.3,401.2,,,1,0,0,1
1108039603392000,1791133701.315401,6315,tx,1222.4,177.7,364.7,,,1,0,0,1
1108039745018900,1791133701.457031,6457,tx,1382.6,377.6,535.6,,,1,0,0,1
1108039886765700,1791133701.598779,6598,tx,1072.3,166.1,337.4,,,1,0,0,1
1108040029506200,1791133701.741520,6741,tx,8839.8,223.1,433.1,,,1,0,0,1
1108040172396400,1791133701.884392,6884,tx,1235.8,123.1,336.8,,,1,0,0,1
1108040314621800,1791133702.026637,7026,tx,1435.5,126.7,552.0,,,1,0,0,1
1108040456898100,1791133702.168914,7168,tx,999.8,127.3,291.8,,,1,0,0,1
1108040596684400,1791133702.308672,7308,tx,8660.0,169.3,373.8,,,1,0,0,1
1108040737869400,1791133702.449887,7449,tx,1187.3,117.3,274.6,,,1,0,0,1
1108040879222000,1791133702.591241,7591,tx,1191.0,159.3,391.7,,,1,0,0,1
1108041020913700,1791133702.732933,7732,tx,1165.6,197.8,396.0,,,1,0,0,1
1108041162192800,1791133702.874213,7874,tx,1176.7,207.2,414.7,,,1,0,0,1
1108041304064100,1791133703.016083,8016,tx,1409.2,225.4,519.8,,,1,0,0,1
1108041445309500,1791133703.157325,8157,tx,8916.3,192.7,395.5,,,1,0,0,1
1108041587032200,1791133703.299055,8299,tx,5842.5,119.8,283.0,,,1,0,0,1
1108041745944400,1791133703.457968,8457,tx,1193.8,158.6,285.7,,,1,0,0,1
1108041886561400,1791133703.598585,8598,tx,1244.0,158.0,400.0,,,1,0,0,1
1108042028825800,1791133703.740846,8740,tx,9941.5,124.3,306.1,,,1,0,0,1
1108042185171700,1791133703.897198,8897,tx,1206.5,232.9,437.0,,,1,0,0,1
1108042328073500,1791133704.040100,9040,tx,1586.9,338.1,541.5,,,1,0,0,1
1108042469705800,1791133704.181727,9181,tx,1391.8,134.7,464.4,,,1,0,0,1
1108042608537900,1791133704.320566,9320,tx,1212.9,173.8,288.6,,,1,0,0,1
1108042754831900,1791133704.466861,9466,tx,1124.2,284.1,462.9,,,1,0,0,1
1108042899124100,1791133704.611154,9611,tx,5634.8,331.0,478.7,,,1,0,0,1
1108043041353400,1791133704.753381,9753,tx,1326.3,173.4,411.0,,,1,0,0,1
1108043183746300,1791133704.895778,9895,tx,1280.5,153.6,465.9,,,1,0,0,1
1108043325011200,1791133705.037038,10037,tx,23778.2,409.0,559.8,,,1,0,0,1
1108043470873600,1791133705.182907,10182,tx,1199.6,144.0,247.1,,,1,0,0,1
1108043623419400,1791133705.335454,10335,tx,8464.3,132.2,329.0,,,1,0,0,1
1108043766542000,1791133705.478571,10478,tx,8503.1,126.3,337.2,,,1,0,0,1
1108043909341400,1791133705.621377,10621,tx,1520.4,301.3,536.2,,,1,0,0,1
1108044052055400,1791133705.764092,10764,tx,1334.3,302.9,472.7,,,1,0,0,1
1108044193386100,1791133705.905423,10905,tx,9549.3,198.4,339.2,,,1,0,0,1
1108044351106800,1791133706.063144,11063,tx,1420.5,292.7,554.3,,,1,0,0,1
1108044493294200,1791133706.205333,11205,tx,1055.8,146.9,316.7,,,1,0,0,1
1108044635039500,1791133706.347079,11347,tx,1292.7,297.5,520.0,,,1,0,0,1
1108044776960400,1791133706.489001,11489,tx,1289.8,153.3,340.1,,,1,0,0,1
1108044917085100,1791133706.629126,11629,tx,1199.4,317.8,475.9,,,1,0,0,1
1108045059252300,1791133706.771294,11771,tx,1045.3,145.6,320.9,,,1,0,0,1
1108045200442000,1791133706.912485,11912,tx,36456.2,211.9,353.5,,,1,0,0,1
1108045350911800,1791133707.062955,12062,tx,1057.0,130.7,244.5,,,1,0,0,1
1108045497802000,1791133707.209846,12209,tx,1107.2,156.7,359.1,,,1,0,0,1
1108045639605600,1791133707.351651,12351,tx,1100.6,127.7,293.5,,,1,0,0,1
1108045781924700,1791133707.493968,12493,tx,1493.7,156.2,369.2,,,1,0,0,1
1108045924816000,1791133707.636863,12636,tx,1108.7,143.6,308.3,,,1,0,0,1
1108046065622500,1791133707.777669,12777,tx,7754.6,97.5,273.0,,,1,0,0,1
1108046238546600,1791133707.950596,12950,tx,1331.6,173.4,288.0,,,1,0,0,1
1108046380795800,1791133708.092843,13092,tx,1584.1,343.5,735.2,,,1,0,0,1
1108046521441400,1791133708.233491,13233,tx,1639.8,145.2,308.1,,,1,0,0,1
1108046662695000,1791133708.374741,13374,tx,1141.0,213.0,380.0,,,1,0,0,1
1108046804901600,1791133708.516954,13516,tx,1109.1,164.8,362.4,,,1,0,0,1
1108046947132800,1791133708.659165,13659,tx,5094.8,233.0,423.9,,,1,0,0,1
1108047089388400,1791133708.801442,13801,tx,1139.7,135.2,294.8,,,1,0,0,1
1108047229366600,1791133708.941341,13941,tx,9111.4,155.3,315.1,,,1,0,0,1
1108047369538100,1791133709.081593,14081,tx,1157.0,198.3,426.0,,,1,0,0,1
1108047510549500,1791133709.222600,14222,tx,1185.3,154.5,345.3,,,1,0,0,1
1108047652645600,1791133709.364702,14364,tx,1241.4,172.2,366.6,,,1,0,0,1
1108047790895700,1791133709.502954,14502,tx,1125.6,140.3,257.3,,,1,0,0,1
1108047936549200,1791133709.648607,14648,tx,7800.2,118.4,269.8,,,1,0,0,1
1108048075881400,1791133709.787937,14787,tx,1449.2,132.6,342.1,,,1,0,0,1
1108048236897800,1791133709.948958,14948,tx,1169.9,213.6,336.6,,,1,0,0,1
1108048376931800,1791133710.088987,88,tx,1467.2,227.8,409.1,,,1,0,0,1
1108048519542800,1791133710.231599,231,tx,1730.3,182.1,436.9,,,1,0,0,1
1108048663537300,1791133710.375599,375,tx,2975.3,125.8,312.1,,,1,0,0,1
1108048802992300,1791133710.515042,515,tx,8982.5,302.0,567.6,,,1,0,0,1
1108048945162200,1791133710.657226,657,tx,1364.0,236.6,395.4,,,1,0,0,1
1108049086947100,1791133710.799011,799,tx,1429.4,160.9,328.1,,,1,0,0,1
1108049243341300,1791133710.955407,955,tx,6770.6,177.2,298.2,,,1,0,0,1
1108049390416900,1791133711.102483,1102,tx,1050.9,154.7,304.7,,,1,0,0,1
1108049531949300,1791133711.244016,1244,tx,1245.0,169.7,331.1,,,1,0,0,1
1108049674269500,1791133711.386317,1386,tx,8837.1,172.0,353.0,,,1,0,0,1
1108049816975600,1791133711.529038,1529,tx,1340.3,359.0,565.7,,,1,0,0,1
1108049958054500,1791133711.670120,1670,tx,1600.3,322.1,547.0,,,1,0,0,1
1108050097524400,1791133711.809594,1809,tx,1749.0,192.7,428.3,,,1,0,0,1
1108050237985400,1791133711.950056,1950,tx,1090.1,113.6,315.8,,,1,0,0,1
1108050378138500,1791133712.090204,2090,tx,1317.0,211.2,450.6,,,1,0,0,1
1108050519246100,1791133712.231314,2231,tx,1383.7,200.8,432.7,,,1,0,0,1
1108050661305100,1791133712.373379,2373,tx,5517.3,181.7,339.0,,,1,0,0,1
1108050801033800,1791133712.513108,2513,tx,8811.6,368.4,562.0,,,1,0,0,1
1108050940791300,1791133712.652862,2652,tx,1263.4,135.9,407.1,,,1,0,0,1
1108051081451200,1791133712.793524,2793,tx,1394.9,287.1,517.9,,,1,0,0,1
1108051237194200,1791133712.949271,2949,tx,1421.9,358.1,475.1,,,1,0,0,1
1108051378511400,1791133713.090588,3090,tx,1123.8,199.7,341.0,,,1,0,0,1
1108051518144800,1791133713.230206,3230,tx,1493.3,222.3,474.5,,,1,0,0,1
1108051659554400,1791133713.371634,3371,tx,1339.2,191.0,486.7,,,1,0,0,1
1108051815959700,1791133713.528038,3528,tx,1517.4,467.1,690.5,,,1,0,0,1
1108051972661800,1791133713.684743,3684,tx,6192.6,254.3,462.4,,,1,0,0,1
1108052114139200,1791133713.826221,3826,tx,1531.1,338.7,542.3,,,1,0,0,1
1108052255887000,1791133713.967963,3967,tx,1724.6,225.9,461.1,,,1,0,0,1
1108052396965200,1791133714.109049,4109,tx,1283.7,192.3,363.9,,,1,0,0,1
1108052538463600,1791133714.250547,4250,tx,1303.7,181.9,386.5,,,1,0,0,1
1108052679561000,1791133714.391646,4391,tx,1245.4,167.8,392.3,,,1,0,0,1
1108052819383400,1791133714.531467,4531,tx,1371.6,232.8,471.5,,,1,0,0,1
1108052960694700,1791133714.672776,4672,tx,8965.9,219.6,421.4,,,1,0,0,1
1108053100389900,1791133714.812477,4812,tx,1159.1,198.7,405.0,,,1,0,0,1
1108053242062100,1791133714.954150,4954,tx,1437.3,312.7,557.5,,,1,0,0,1
1108053382039800,1791133715.094128,5094,tx,1386.8,348.6,636.0,,,1,0,0,1
1108053521887700,1791133715.233977,5233,tx,1472.8,321.5,713.4,,,1,0,0,1
1108053662505200,1791133715.374596,5374,tx,1078.0,196.0,337.3,,,1,0,0,1
1108053802005900,1791133715.514097,5514,tx,1911.5,431.9,667.5,,,1,0,0,1
1108053944041600,1791133715.656133,5656,tx,3046.4,338.9,631.4,,,1,0,0,1
1108054084102300,1791133715.796195,5796,tx,1444.6,401.8,577.4,,,1,0,0,1
1108054236932100,1791133715.949026,5949,tx,1514.5,188.7,352.2,,,1,0,0,1
1108054379607300,1791133716.091702,6091,tx,15961.6,283.7,631.0,,,1,0,0,1
1108054519383100,1791133716.231478,6231,tx,1882.3,297.6,593.0,,,1,0,0,1
1108054662899600,1791133716.374995,6374,tx,1099.7,191.4,358.2,,,1,0,0,1
1108054803471500,1791133716.515568,6515,tx,1094.8,190.8,356.4,,,1,0,0,1
1108054943110500,1791133716.655208,6655,tx,1292.9,153.1,524.6,,,1,0,0,1
1108055084310000,1791133716.796403,6796,tx,1585.8,200.5,447.3,,,1,0,0,1
1108055241355000,1791133716.953454,6953,tx,1560.8,145.1,298.0,,,1,0,0,1
1108055379380000,1791133717.091480,7091,tx,1758.8,251.7,607.4,,,1,0,0,1
1108055520558700,1791133717.232654,7232,tx,1805.8,266.7,490.5,,,1,0,0,1
1108055661403300,1791133717.373501,7373,tx,1433.2,145.2,415.0,,,1,0,0,1
1108055802460500,1791133717.514558,7514,tx,8203.8,198.5,383.7,,,1,0,0,1
1108055943219800,1791133717.655323,7655,tx,1544.1,204.0,536.2,,,1,0,0,1
1108056084218000,1791133717.796315,7796,tx,1637.8,222.2,494.2,,,1,0,0,1
1108056225724300,1791133717.937828,7937,tx,1521.5,183.9,574.6,,,1,0,0,1
1108056381393600,1791133718.093498,8093,tx,1473.9,265.1,779.8,,,1,0,0,1
1108056523190100,1791133718.235296,8235,tx,1892.1,247.3,474.7,,,1,0,0,1
1108056662266300,1791133718.374373,8374,tx,983.6,244.5,420.8,,,1,0,0,1
1108056803335800,1791133718.515444,8515,tx,1127.3,186.4,507.6,,,1,0,0,1
1108056944955600,1791133718.657064,8657,tx,1731.5,408.8,690.7,,,1,0,0,1
1108057084803700,1791133718.796911,8796,tx,1489.3,172.6,382.6,,,1,0,0,1
1108057236769300,1791133718.948880,8948,tx,1342.0,143.4,264.6,,,1,0,0,1
1108057384295300,1791133719.096406,9096,tx,1235.8,179.0,392.6,,,1,0,0,1
1108057526546500,1791133719.238657,9238,tx,1319.7,216.8,423.8,,,1,0,0,1
1108057668969900,1791133719.381083,9381,tx,6653.5,133.2,299.7,,,1,0,0,1
1108057810401300,1791133719.522514,9522,tx,1126.3,194.7,352.9,,,1,0,0,1
1108057951168800,1791133719.663265,9663,tx,9191.2,206.3,392.1,,,1,0,0,1
1108058091324400,1791133719.803439,9803,tx,1147.4,155.8,354.7,,,1,0,0,1
1108058241191300,1791133719.953306,9953,tx,1750.7,299.9,417.2,,,1,0,0,1
1108058390940400,1791133720.103057,10103,tx,2612.9,111.4,333.5,,,1,0,0,1
1108058532499500,1791133720.244614,10244,tx,8515.3,161.4,374.6,,,1,0,0,1
1108058672593100,1791133720.384712,10384,tx,1356.3,153.9,443.7,,,1,0,0,1
1108058815411500,1791133720.527524,10527,tx,1203.8,176.1,413.3,,,1,0,0,1
1108058956301100,1791133720.668398,10668,tx,1324.2,143.8,404.6,,,1,0,0,1
1108059099287100,1791133720.811408,10811,tx,1138.4,138.4,300.8,,,1,0,0,1
1108059236856800,1791133720.948978,10948,tx,1067.9,151.8,256.9,,,1,0,0,1
1108059384931400,1791133721.097054,11097,tx,1528.3,113.2,327.5,,,1,0,0,1
1108059527085500,1791133721.239203,11239,tx,3260.3,319.6,523.8,,,1,0,0,1
1108059667302300,1791133721.379425,11379,tx,1170.0,196.3,424.5,,,1,0,0,1
1108059809255200,1791133721.521380,11521,tx,1984.2,124.5,359.4,,,1,0,0,1
1108059951202900,1791133721.663328,11663,tx,1653.3,169.3,356.0,,,1,0,0,1
1108060093784600,1791133721.805910,11805,tx,1264.9,139.2,327.5,,,1,0,0,1
1108060263816600,1791133721.975944,11975,tx,1133.0,128.6,237.4,,,1,0,0,1
1108060423446900,1791133722.135554,12135,tx,1355.7,189.2,429.5,,,1,0,0,1
1108060564559300,1791133722.276682,12276,tx,1135.9,123.9,342.1,,,1,0,0,1
1108060705762600,1791133722.417892,12417,tx,12933.5,140.1,388.7,,,1,0,0,1
1108060847094900,1791133722.559219,12559,tx,1638.6,304.6,469.9,,,1,0,0,1
1108060989452600,1791133722.701578,12701,tx,1729.7,118.8,437.8,,,1,0,0,1
1108061131744700,1791133722.843874,12843,tx,1176.4,116.2,368.9,,,1,0,0,1
1108061272862100,1791133722.984995,12984,tx,6214.3,172.5,319.9,,,1,0,0,1
1108061412146100,1791133723.124280,13124,tx,1217.9,287.2,452.9,,,1,0,0,1
1108061553515200,1791133723.265649,13265,tx,9263.1,151.2,331.0,,,1,0,0,1
1108061695180000,1791133723.407315,13407,tx,2114.1,175.2,377.8,,,1,0,0,1
1108061852779000,1791133723.564911,13564,tx,1400.3,128.7,389.1,,,1,0,0,1
1108061994005700,1791133723.706141,13706,tx,1382.8,366.6,563.2,,,1,0,0,1
1108062135681400,1791133723.847819,13847,tx,1061.5,142.7,324.0,,,1,0,0,1
1108062276908300,1791133723.989046,13989,tx,1242.9,187.7,354.9,,,1,0,0,1
1108062420252700,1791133724.132389,14132,tx,1252.2,186.3,535.3,,,1,0,0,1
1108062562404700,1791133724.274545,14274,tx,1167.8,171.3,358.9,,,1,0,0,1
1108062703356000,1791133724.415497,14415,tx,1669.4,170.2,355.0,,,1,0,0,1
1108062845608700,1791133724.557750,14557,tx,1027.8,145.2,309.9,,,1,0,0,1
1108062986391200,1791133724.698529,14698,tx,1150.3,204.3,389.8,,,1,0,0,1
1108063128023300,1791133724.840162,14840,tx,9431.8,330.9,513.3,,,1,0,0,1
1108063267546900,1791133724.979691,14979,tx,1267.6,186.3,308.9,,,1,0,0,1
1108063409116100,1791133725.121261,121,tx,1230.4,274.8,494.3,,,1,0,0,1
1108063552545400,1791133725.264691,264,tx,1112.7,144.0,317.4,,,1,0,0,1
1108063696977800,1791133725.409124,409,tx,1192.8,203.1,400.7,,,1,0,0,1
1108063841021900,1791133725.553169,553,tx,1959.5,378.6,539.4,,,1,0,0,1
1108063984719000,1791133725.696867,696,tx,1116.1,150.7,308.8,,,1,0,0,1
1108064183085800,1791133725.895234,895,tx,7875.6,367.6,482.9,,,1,0,0,1
1108064332285900,1791133726.044436,1044,tx,17034.3,154.5,320.0,,,1,0,0,1
1108064470940900,1791133726.183091,1183,tx,1171.9,151.2,317.5,,,1,0,0,1
1108064614001500,1791133726.326153,1326,tx,1093.3,129.9,293.8,,,1,0,0,1
1108064770953600,1791133726.483106,1483,tx,6671.3,114.4,237.1,,,1,0,0,1
1108064908397500,1791133726.620550,1620,tx,1113.5,112.3,229.5,,,1,0,0,1
1108065056738100,1791133726.768886,1768,tx,1261.2,206.2,414.0,,,1,0,0,1
1108065197513500,1791133726.909666,1909,tx,9987.0,186.3,394.4,,,1,0,0,1
1108065338714700,1791133727.050868,2050,tx,1182.2,172.7,410.0,,,1,0,0,1
1108065477188600,1791133727.189344,2189,tx,1258.5,198.4,402.5,,,1,0,0,1
1108065618435800,1791133727.330593,2330,tx,6370.7,173.3,376.9,,,1,0,0,1
1108065759263800,1791133727.471421,2471,tx,6684.3,125.8,281.8,,,1,0,0,1
1108065901034300,1791133727.613187,2613,tx,1317.6,323.0,525.7,,,1,0,0,1
1108066040354200,1791133727.752506,2752,tx,1192.1,115.7,342.0,,,1,0,0,1
1108066182059000,1791133727.894219,2894,tx,1299.2,372.9,538.3,,,1,0,0,1
1108066323088600,1791133728.035230,3035,tx,1386.0,317.9,510.2,,,1,0,0,1
1108066465336000,1791133728.177491,3177,tx,1227.5,163.3,388.8,,,1,0,0,1
1108066605559900,1791133728.317718,3317,tx,1395.4,154.4,345.3,,,1,0,0,1
1108066745218800,1791133728.457366,3457,tx,8807.6,209.6,366.5,,,1,0,0,1
1108066888409900,1791133728.600574,3600,tx,1287.4,182.8,353.7,,,1,0,0,1
1108067029111800,1791133728.741269,3741,tx,1760.3,210.7,447.6,,,1,0,0,1
1108067171394100,1791133728.883554,3883,tx,1681.0,198.6,438.9,,,1,0,0,1
1108067312543100,1791133729.024709,4024,tx,1235.5,171.7,346.3,,,1,0,0,1
1108067457242500,1791133729.169410,4169,tx,1704.9,161.4,361.7,,,1,0,0,1
1108067600416800,1791133729.312585,4312,tx,1331.3,140.2,461.1,,,1,0,0,1
1108067768809200,1791133729.480978,4480,tx,1013.4,175.0,293.6,,,1,0,0,1
1108067912558400,1791133729.624728,4624,tx,1555.1,137.8,326.8,,,1,0,0,1
1108068280713100,1791133729.992885,4992,tx,13149.2,124.7,229.4,,,1,0,0,1
1108068426937200,1791133730.139109,5139,tx,1174.7,138.3,326.2,,,1,0,0,1
1108068567713100,1791133730.279882,5279,tx,1423.5,182.5,421.8,,,1,0,0,1
1108068709320100,1791133730.421490,5421,tx,40269.2,175.0,322.2,,,1,0,0,1
1108068851274700,1791133730.563450,5563,tx,1379.7,199.7,312.4,,,1,0,0,1
1108068994561300,1791133730.706734,5706,tx,9870.1,208.5,423.0,,,1,0,0,1
1108069137241500,1791133730.849401,5849,tx,1316.7,179.3,543.6,,,1,0,0,1
1108069274887900,1791133730.987065,5987,tx,1578.4,120.3,273.8,,,1,0,0,1
1108069859886400,1791133731.572067,6572,tx,14645.7,174.4,283.3,,,1,0,0,1
1108070004447900,1791133731.716630,6716,tx,1379.0,128.6,243.1,,,1,0,0,1
1108070145378000,1791133731.857560,6857,tx,1379.9,117.0,288.8,,,1,0,0,1
1108070287000300,1791133731.999183,6999,tx,1411.7,123.4,281.5,,,1,0,0,1
1108070429522000,1791133732.141705,7141,tx,1351.3,190.9,385.9,,,1,0,0,1
1108070569253300,1791133732.281432,7281,tx,8991.5,133.5,550.2,,,1,0,0,1
1108070711508600,1791133732.423694,7423,tx,60204.0,138.0,283.7,,,1,0,0,1
1108070876880200,1791133732.589067,7589,tx,1145.8,170.6,316.0,,,1,0,0,1
1108071026130600,1791133732.738318,7738,tx,1751.7,347.1,519.6,,,1,0,0,1
1108071167820100,1791133732.880005,7880,tx,1224.9,118.6,344.2,,,1,0,0,1
1108071309507600,1791133733.021697,8021,tx,1554.8,115.7,297.2,,,1,0,0,1
1108071455102600,1791133733.167292,8167,tx,7163.5,316.9,426.0,,,1,0,0,1
1108071596141800,1791133733.308332,8308,tx,2506.7,188.5,456.6,,,1,0,0,1
1108071742510300,1791133733.454702,8454,tx,1745.3,189.7,310.7,,,1,0,0,1
1108071881967500,1791133733.594150,8594,tx,10433.1,374.6,585.3,,,1,0,0,1
1108072022476000,1791133733.734669,8734,tx,1714.4,141.8,322.0,,,1,0,0,1
1108072162898000,1791133733.875086,8875,tx,1210.7,206.0,448.1,,,1,0,0,1
1108072303567000,1791133734.015761,9015,tx,1659.7,165.8,338.0,,,1,0,0,1
1108072445193000,1791133734.157388,9157,tx,1644.4,216.9,431.5,,,1,0,0,1
1108072586924400,1791133734.299121,9299,tx,1448.6,164.8,345.1,,,1,0,0,1
1108072729257400,1791133734.441442,9441,tx,1147.7,127.5,286.4,,,1,0,0,1
1108072870898400,1791133734.583094,9583,tx,1143.5,184.4,350.9,,,1,0,0,1
1108073013537700,1791133734.725736,9725,tx,9690.0,116.0,284.7,,,1,0,0,1
1108073154776300,1791133734.866976,9866,tx,1884.9,196.6,415.9,,,1,0,0,1
1108073292532800,1791133735.004733,10004,tx,1759.9,130.9,241.5,,,1,0,0,1
1108073439281100,1791133735.151478,10151,tx,2073.4,149.4,377.9,,,1,0,0,1
1108073581024400,1791133735.293226,10293,tx,1440.0,355.4,523.4,,,1,0,0,1
1108073721867200,1791133735.434069,10434,tx,44898.3,160.6,320.7,,,1,0,0,1
1108073881019200,1791133735.593222,10593,tx,1387.1,175.9,290.0,,,1,0,0,1
1108074023305200,1791133735.735508,10735,tx,1263.1,136.0,503.5,,,1,0,0,1
1108074164075700,1791133735.876275,10876,tx,2221.1,239.9,477.5,,,1,0,0,1
1108074306393000,1791133736.018599,11018,tx,1755.3,151.7,341.6,,,1,0,0,1
1108074448565900,1791133736.160772,11160,tx,1057.1,119.0,329.2,,,1,0,0,1
1108074590739800,1791133736.302947,11302,tx,1428.0,146.1,300.2,,,1,0,0,1
1108074732641600,1791133736.444849,11444,tx,16266.6,125.5,305.9,,,1,0,0,1
1108074874052800,1791133736.586257,11586,tx,1319.7,316.6,589.5,,,1,0,0,1
1108075017238100,1791133736.729436,11729,tx,1221.1,168.0,367.4,,,1,0,0,1
1108075158078000,1791133736.870283,11870,tx,10269.4,253.6,472.6,,,1,0,0,1
1108075299372100,1791133737.011578,12011,tx,1373.4,200.1,450.3,,,1,0,0,1
1108075438253000,1791133737.150444,12150,tx,1397.0,169.3,439.2,,,1,0,0,1
1108075578945800,1791133737.291158,12291,tx,1508.0,145.2,331.6,,,1,0,0,1
1108075720716200,1791133737.432924,12432,tx,12688.3,183.6,343.5,,,1,0,0,1
1108075861905700,1791133737.574120,12574,tx,1323.7,364.0,636.0,,,1,0,0,1
1108076004281500,1791133737.716491,12716,tx,1194.6,134.8,372.0,,,1,0,0,1
1108076145559000,1791133737.857775,12857,tx,8862.6,157.1,390.1,,,1,0,0,1
1108076286234300,1791133737.998451,12998,tx,986.0,159.1,310.8,,,1,0,0,1
1108076426521800,1791133738.138740,13138,tx,1272.4,143.7,307.5,,,1,0,0,1
1108076569519300,1791133738.281734,13281,tx,10084.6,167.6,344.1,,,1,0,0,1
1108076711558800,1791133738.423777,13423,tx,1291.8,141.5,326.9,,,1,0,0,1
1108076854738300,1791133738.566957,13566,tx,1538.2,181.2,430.3,,,1,0,0,1
1108076994910900,1791133738.707131,13707,tx,1105.0,119.9,298.7,,,1,0,0,1
1108077136166100,1791133738.848387,13848,tx,4724.1,250.8,462.2,,,1,0,0,1
1108077277428000,1791133738.989648,13989,tx,1286.8,146.8,328.1,,,1,0,0,1
1108077419211900,1791133739.131389,14131,tx,1179.1,162.0,355.1,,,1,0,0,1
1108077559526400,1791133739.271744,14271,tx,1195.4,125.4,292.0,,,1,0,0,1
1108077716908500,1791133739.429133,14429,tx,1199.5,170.9,367.3,,,1,0,0,1
1108077857128600,1791133739.569355,14569,tx,1233.3,252.7,467.5,,,1,0,0,1
1108077999039100,1791133739.711265,14711,tx,14737.4,356.4,516.6,,,1,0,0,1
1108078156138400,1791133739.868364,14868,tx,1777.0,369.9,533.9,,,1,0,0,1
1108078295648600,1791133740.007877,7,tx,1094.0,167.0,349.9,,,1,0,0,1
1108078442359800,1791133740.154589,154,tx,9303.8,189.1,441.2,,,1,0,0,1
1108078585378800,1791133740.297603,297,tx,1120.8,165.7,335.2,,,1,0,0,1
1108078726973100,1791133740.439181,439,tx,16500.1,372.8,544.5,,,1,0,0,1
1108078869081100,1791133740.581312,581,tx,1573.2,284.2,465.9,,,1,0,0,1
1108079010661000,1791133740.722893,722,tx,1419.5,191.4,439.8,,,1,0,0,1
1108079152866600,1791133740.865098,865,tx,1349.4,216.7,477.5,,,1,0,0,1
1108079296823600,1791133741.009057,1009,tx,1220.5,163.6,333.3,,,1,0,0,1
1108079599344400,1791133741.311579,1311,tx,7365.4,159.0,357.2,,,1,0,0,1
1108079783827700,1791133741.496064,1496,tx,1131.7,153.7,309.7,,,1,0,0,1
1108079928423700,1791133741.640661,1640,tx,1281.1,116.4,347.8,,,1,0,0,1
1108080071340900,1791133741.783576,1783,tx,1621.9,214.6,410.6,,,1,0,0,1
1108080213075800,1791133741.925309,1925,tx,2833.1,276.5,493.3,,,1,0,0,1
1108080350931900,1791133742.063172,2063,tx,10431.6,204.8,348.0,,,1,0,0,1
1108080497556400,1791133742.209794,2209,tx,1255.5,167.2,341.9,,,1,0,0,1
1108080656257200,1791133742.368498,2368,tx,1068.5,128.7,335.1,,,1,0,0,1
1108080797468300,1791133742.509710,2509,tx,1162.1,149.4,331.2,,,1,0,0,1
1108080939367500,1791133742.651605,2651,tx,1668.1,179.5,411.8,,,1,0,0,1
1108081079330200,1791133742.791568,2791,tx,1433.6,172.7,379.5,,,1,0,0,1
1108081221039800,1791133742.933281,2933,tx,60370.3,348.1,509.4,,,1,0,0,1
1108081382329400,1791133743.094575,3094,tx,1409.8,134.4,280.8,,,1,0,0,1
1108081705595500,1791133743.417840,3417,tx,6375.0,209.6,318.3,,,1,0,0,1
1108081849666600,1791133743.561913,3561,tx,1786.6,119.9,381.6,,,1,0,0,1
1108081993888200,1791133743.706136,3706,tx,1375.0,184.5,410.0,,,1,0,0,1
1108082135157200,1791133743.847407,3847,tx,1279.7,261.4,472.5,,,1,0,0,1
1108082292514900,1791133744.004760,4004,tx,1729.8,196.0,416.9,,,1,0,0,1
1108082435432000,1791133744.147683,4147,tx,1184.4,165.4,387.4,,,1,0,0,1
1108082578030500,1791133744.290276,4290,tx,1291.1,351.2,572.3,,,1,0,0,1
1108082719294200,1791133744.431541,4431,tx,61475.0,161.0,345.3,,,1,0,0,1
1108082910324400,1791133744.622573,4622,tx,1501.5,111.6,310.8,,,1,0,0,1
1108083052975200,1791133744.765229,4765,tx,1775.5,369.4,575.5,,,1,0,0,1
1108083197299100,1791133744.909554,4909,tx,2489.3,151.1,339.0,,,1,0,0,1
1108083339197300,1791133745.051434,5051,tx,1196.9,195.2,391.4,,,1,0,0,1
1108083482557200,1791133745.194814,5194,tx,1161.5,125.3,336.3,,,1,0,0,1
1108083624979700,1791133745.337238,5337,tx,1624.6,127.2,308.5,,,1,0,0,1
1108083781851400,1791133745.494108,5494,tx,1538.1,137.6,301.8,,,1,0,0,1
1108083925009700,1791133745.637270,5637,tx,1350.7,328.0,494.8,,,1,0,0,1
1108084064911000,1791133745.777171,5777,tx,1891.7,148.6,335.2,,,1,0,0,1
1108084205760700,1791133745.918022,5918,tx,10131.8,186.9,376.2,,,1,0,0,1
1108084348099600,1791133746.060329,6060,tx,16908.8,150.5,488.4,,,1,0,0,1
1108084489608300,1791133746.201871,6201,tx,1106.5,123.2,314.6,,,1,0,0,1
1108084631307800,1791133746.343571,6343,tx,1530.8,176.6,328.0,,,1,0,0,1
1108084773177500,1791133746.485441,6485,tx,2013.8,129.6,395.3,,,1,0,0,1
1108084916446800,1791133746.628712,6628,tx,1071.6,154.5,338.9,,,1,0,0,1
1108085057697900,1791133746.769964,6769,tx,5994.0,160.6,324.0,,,1,0,0,1
1108085215519100,1791133746.927780,6927,tx,1371.1,177.1,440.8,,,1,0,0,1
1108085356238000,1791133747.068506,7068,tx,1120.0,208.0,387.7,,,1,0,0,1
1108085497468700,1791133747.209737,7209,tx,1196.7,147.6,307.6,,,1,0,0,1
1108085820609900,1791133747.532880,7532,tx,13092.9,184.2,301.3,,,1,0,0,1
1108085969902700,1791133747.682174,7682,tx,1144.2,102.6,330.7,,,1,0,0,1
1108086112424700,1791133747.824692,7824,tx,1395.3,188.3,447.4,,,1,0,0,1
1108086254869100,1791133747.967137,7967,tx,1242.1,168.3,358.9,,,1,0,0,1
1108086396920100,1791133748.109194,8109,tx,1064.9,163.3,346.9,,,1,0,0,1
1108086538174300,1791133748.250449,8250,tx,3985.6,222.6,394.9,,,1,0,0,1
1108086679415800,1791133748.391690,8391,tx,1267.6,196.2,401.1,,,1,0,0,1
1108086820662300,1791133748.532938,8532,tx,1259.1,140.1,323.7,,,1,0,0,1
1108086961941800,1791133748.674218,8674,tx,1559.7,125.5,304.1,,,1,0,0,1
1108087103683700,1791133748.815961,8815,tx,1157.3,182.7,396.0,,,1,0,0,1
1108087281881900,1791133748.994160,8994,tx,1162.7,146.5,254.8,,,1,0,0,1
1108087435270500,1791133749.147550,9147,tx,1244.0,201.5,471.6,,,1,0,0,1
1108087574159900,1791133749.286440,9286,tx,2212.5,340.5,449.7,,,1,0,0,1
1108087719307000,1791133749.431581,9431,tx,13294.1,165.7,379.7,,,1,0,0,1
1108087863028200,1791133749.575310,9575,tx,1316.2,367.8,559.5,,,1,0,0,1
1108088003802000,1791133749.716084,9716,tx,10048.1,182.4,358.7,,,1,0,0,1
1108088145532400,1791133749.857804,9857,tx,1872.9,205.0,458.8,,,1,0,0,1
1108088286870500,1791133749.999150,9999,tx,9078.5,147.4,381.5,,,1,0,0,1
1108088427513400,1791133750.139798,10139,tx,1038.7,170.9,357.4,,,1,0,0,1
1108088567193200,1791133750.279479,10279,tx,1200.2,257.3,418.3,,,1,0,0,1
1108088708505800,1791133750.420793,10420,tx,998.1,119.2,293.2,,,1,0,0,1
1108088849487300,1791133750.561774,10561,tx,1319.7,198.6,410.4,,,1,0,0,1
1108088991190000,1791133750.703475,10703,tx,1344.6,178.0,373.6,,,1,0,0,1
1108089131365800,1791133750.843655,10843,tx,6522.7,149.9,321.2,,,1,0,0,1
1108089272591400,1791133750.984881,10984,tx,5549.9,222.9,409.9,,,1,0,0,1
1108089414138600,1791133751.126425,11126,tx,2112.1,231.0,563.0,,,1,0,0,1
1108089553555700,1791133751.265846,11265,tx,1181.6,140.4,350.3,,,1,0,0,1
1108089694725000,1791133751.407017,11407,tx,1162.3,192.8,439.3,,,1,0,0,1
1108089836754100,1791133751.549047,11549,tx,1122.3,133.6,314.9,,,1,0,0,1
1108089977912100,1791133751.690206,11690,tx,1120.7,165.7,350.4,,,1,0,0,1
1108090119361700,1791133751.831649,11831,tx,1212.3,187.3,408.1,,,1,0,0,1
1108090288847400,1791133752.001143,12001,tx,1054.0,152.3,259.5,,,1,0,0,1
1108090437410500,1791133752.149706,12149,tx,1287.2,146.0,316.5,,,1,0,0,1
1108090579043300,1791133752.291340,12291,tx,9875.6,337.8,493.0,,,1,0,0,1
1108090719490100,1791133752.431786,12431,tx,12740.3,211.0,417.9,,,1,0,0,1
1108090862764500,1791133752.575063,12575,tx,1128.5,146.1,335.3,,,1,0,0,1
1108091005007300,1791133752.717307,12717,tx,1438.6,404.4,596.3,,,1,0,0,1
1108091147275400,1791133752.859575,12859,tx,1207.9,185.2,376.6,,,1,0,0,1
1108091443959500,1791133753.156261,13156,tx,12886.8,154.7,277.5,,,1,0,0,1
1108091588893300,1791133753.301194,13301,tx,1922.2,382.1,606.2,,,1,0,0,1
1108091791869700,1791133753.504173,13504,tx,11053.6,208.2,338.2,,,1,0,0,1
1108091936620000,1791133753.648924,13648,tx,1155.3,193.4,391.9,,,1,0,0,1
1108092079243000,1791133753.791548,13791,tx,1219.3,156.1,340.1,,,1,0,0,1
1108092220635000,1791133753.932940,13932,tx,12622.4,148.3,330.7,,,1,0,0,1
1108092361849100,1791133754.074134,14074,tx,1323.2,139.8,361.2,,,1,0,0,1
1108092503603600,1791133754.215911,14215,tx,1752.0,171.9,425.8,,,1,0,0,1
1108092645636700,1791133754.357943,14357,tx,1770.8,128.4,643.4,,,1,0,0,1
1108092787875400,1791133754.500179,14500,tx,1321.4,129.1,400.8,,,1,0,0,1
1108092929843000,1791133754.642148,14642,tx,1386.8,124.5,332.3,,,1,0,0,1
1108093070580100,1791133754.782891,14782,tx,1151.8,157.5,317.8,,,1,0,0,1
1108093210913500,1791133754.923225,14923,tx,3738.6,388.4,570.4,,,1,0,0,1
1108093349572100,1791133755.061863,61,tx,1662.2,145.3,406.2,,,1,0,0,1
1108093491741300,1791133755.204055,204,tx,1178.5,118.0,349.9,,,1,0,0,1
1108093634077000,1791133755.346391,346,tx,1417.7,240.5,437.9,,,1,0,0,1
1108093775535100,1791133755.487850,487,tx,1123.9,170.4,352.4,,,1,0,0,1
1108093918057700,1791133755.630357,630,tx,1347.7,296.2,458.8,,,1,0,0,1
1108094060843000,1791133755.773160,773,tx,1098.1,196.7,360.0,,,1,0,0,1
1108094204830200,1791133755.917147,917,tx,1292.8,168.5,386.0,,,1,0,0,1
1108094349340900,1791133756.061653,1061,tx,8669.3,124.2,278.1,,,1,0,0,1
1108094490348100,1791133756.202664,1202,tx,1258.1,162.9,477.1,,,1,0,0,1
1108094631655800,1791133756.343975,1343,tx,7779.9,152.8,350.7,,,1,0,0,1
1108094786123600,1791133756.498444,1498,tx,1713.9,327.3,463.3,,,1,0,0,1
1108094930497200,1791133756.642817,1642,tx,1208.7,132.8,411.1,,,1,0,0,1
1108095071155000,1791133756.783478,1783,tx,7077.8,218.8,373.6,,,1,0,0,1
1108095213398800,1791133756.925721,1925,tx,1303.3,159.6,343.4,,,1,0,0,1
1108095356108400,1791133757.068428,2068,tx,10396.5,250.1,445.4,,,1,0,0,1
1108095497296100,1791133757.209620,2209,tx,1220.9,200.9,396.0,,,1,0,0,1
1108095641180400,1791133757.353505,2353,tx,1127.1,162.8,346.4,,,1,0,0,1
1108095785116900,1791133757.497440,2497,tx,1161.1,258.1,441.8,,,1,0,0,1
1108095927117200,1791133757.639444,2639,tx,1942.7,326.8,553.9,,,1,0,0,1
1108096069276100,1791133757.781604,2781,tx,1459.4,174.5,371.8,,,1,0,0,1
1108096210256200,1791133757.922585,2922,tx,998.7,107.1,278.1,,,1,0,0,1
1108096351065900,1791133758.063395,3063,tx,1263.4,333.9,486.3,,,1,0,0,1
1108096494211000,1791133758.206541,3206,tx,8583.9,164.6,323.9,,,1,0,0,1
1108096636044000,1791133758.348375,3348,tx,1249.5,335.2,504.8,,,1,0,0,1
1108096777736700,1791133758.490068,3490,tx,1112.3,171.6,342.1,,,1,0,0,1
1108096921599700,1791133758.633930,3633,tx,1139.5,168.4,360.9,,,1,0,0,1
1108097061822000,1791133758.774150,3774,tx,1310.7,179.2,396.5,,,1,0,0,1
1108097202855000,1791133758.915189,3915,tx,6905.7,157.1,343.0,,,1,0,0,1
1108097345178400,1791133759.057507,4057,tx,1093.6,143.1,344.3,,,1,0,0,1
1108097486447500,1791133759.198782,4198,tx,1862.9,142.4,348.2,,,1,0,0,1
1108097628209200,1791133759.340546,4340,tx,1364.5,130.1,307.1,,,1,0,0,1
1108098095698500,1791133759.808037,4808,tx,9001.9,147.4,308.1,,,1,0,0,1
1108098237743600,1791133759.950080,4950,tx,9996.8,143.5,258.7,,,1,0,0,1
1108098385974600,1791133760.098315,5098,tx,1354.1,357.2,548.0,,,1,0,0,1
1108098528220900,1791133760.240559,5240,tx,1395.0,121.2,345.5,,,1,0,0,1
1108098669934500,1791133760.382277,5382,tx,1004.6,137.1,278.6,,,1,0,0,1
1108098812369900,1791133760.524712,5524,tx,1142.0,140.7,328.5,,,1,0,0,1
1108098954748900,1791133760.667092,5667,tx,1209.4,167.5,357.9,,,1,0,0,1
1108099096944400,1791133760.809283,5809,tx,2366.1,364.3,596.1,,,1,0,0,1
1108099283783000,1791133760.996129,5996,tx,10682.2,209.1,326.5,,,1,0,0,1
1108099696908500,1791133761.409254,6409,tx,7269.4,155.7,357.2,,,1,0,0,1
1108099840244900,1791133761.552588,6552,tx,1074.0,114.7,284.5,,,1,0,0,1
1108099981575600,1791133761.693923,6693,tx,1209.4,125.7,394.3,,,1,0,0,1
1108100124429900,1791133761.836776,6836,tx,1324.2,190.1,432.5,,,1,0,0,1
1108100281533000,1791133761.993884,6993,tx,1190.0,165.4,338.6,,,1,0,0,1
1108100438249100,1791133762.150595,7150,tx,1165.9,154.5,394.6,,,1,0,0,1
1108100596989200,1791133762.309335,7309,tx,1356.2,367.2,624.6,,,1,0,0,1
1108100784210800,1791133762.496564,7496,tx,1262.5,152.5,310.1,,,1,0,0,1
1108100931239400,1791133762.643594,7643,tx,1130.3,156.9,359.4,,,1,0,0,1
1108101071590300,1791133762.783943,7783,tx,1302.4,125.2,341.2,,,1,0,0,1
1108101214101900,1791133762.926458,7926,tx,1487.8,314.7,503.5,,,1,0,0,1
1108101356872900,1791133763.069227,8069,tx,2367.2,393.5,657.3,,,1,0,0,1
1108101500106400,1791133763.212464,8212,tx,1464.1,196.2,414.7,,,1,0,0,1
1108101656336700,1791133763.368695,8368,tx,1565.3,155.2,316.8,,,1,0,0,1
1108101799123500,1791133763.511483,8511,tx,1457.8,260.2,455.8,,,1,0,0,1
1108101939674100,1791133763.652029,8652,tx,1073.8,129.9,324.9,,,1,0,0,1
1108102080366200,1791133763.792727,8792,tx,1205.3,120.2,285.0,,,1,0,0,1
1108102222226900,1791133763.934578,8934,tx,59693.5,101.9,388.5,,,1,0,0,1
1108102411028300,1791133764.123391,9123,tx,1255.2,324.9,448.7,,,1,0,0,1
1108102552729900,1791133764.265094,9265,tx,1334.6,185.2,414.9,,,1,0,0,1
1108102694538900,1791133764.406897,9406,tx,1344.5,181.1,438.0,,,1,0,0,1
1108102836201700,1791133764.548563,9548,tx,2727.5,195.2,355.0,,,1,0,0,1
1108102979345500,1791133764.691711,9691,tx,1370.1,262.8,482.0,,,1,0,0,1
1108103120322700,1791133764.832690,9832,tx,1159.4,210.6,369.8,,,1,0,0,1
1108103268993500,1791133764.981362,9981,tx,11110.3,148.5,259.3,,,1,0,0,1
1108103418184400,1791133765.130553,10130,tx,1132.9,256.9,434.8,,,1,0,0,1
1108103559438400,1791133765.271807,10271,tx,1180.7,117.2,254.5,,,1,0,0,1
1108103699207600,1791133765.411578,10411,tx,1330.1,212.4,407.6,,,1,0,0,1
1108103840717500,1791133765.553088,10553,tx,1221.3,171.9,361.9,,,1,0,0,1
1108103983314700,1791133765.695686,10695,tx,1237.8,192.9,389.3,,,1,0,0,1
1108104125027300,1791133765.837400,10837,tx,1720.0,289.0,491.0,,,1,0,0,1
1108104267851300,1791133765.980222,10980,tx,1122.4,114.2,334.8,,,1,0,0,1
1108104409135900,1791133766.121511,11121,tx,1173.7,174.8,382.3,,,1,0,0,1
1108104552966100,1791133766.265341,11265,tx,1350.7,392.7,580.7,,,1,0,0,1
1108104695004500,1791133766.407375,11407,tx,8541.7,395.5,590.4,,,1,0,0,1
1108104836610600,1791133766.548977,11548,tx,1623.1,138.9,340.7,,,1,0,0,1
1108104979282300,1791133766.691660,11691,tx,1155.6,166.1,391.9,,,1,0,0,1
1108105120902700,1791133766.833281,11833,tx,1062.5,180.4,348.8,,,1,0,0,1
1108105290766900,1791133767.003146,12003,tx,991.9,138.7,233.1,,,1,0,0,1
1108105438081200,1791133767.150457,12150,tx,1405.1,121.5,462.6,,,1,0,0,1
1108105580725200,1791133767.293106,12293,tx,1045.2,140.0,300.6,,,1,0,0,1
1108105720875100,1791133767.433257,12433,tx,12675.2,234.5,391.7,,,1,0,0,1
1108105862688900,1791133767.575067,12575,tx,1318.3,260.8,562.2,,,1,0,0,1
1108106003376600,1791133767.715732,12715,tx,8335.8,156.0,369.4,,,1,0,0,1
1108106144855300,1791133767.857239,12857,tx,1514.7,151.7,316.6,,,1,0,0,1
1108106287962400,1791133768.000347,13000,tx,1820.8,380.6,643.2,,,1,0,0,1
1108106427260300,1791133768.139646,13139,tx,1049.2,196.4,384.3,,,1,0,0,1
1108106570544500,1791133768.282912,13282,tx,1329.8,185.4,453.1,,,1,0,0,1
1108106711798900,1791133768.424186,13424,tx,1075.4,213.6,376.6,,,1,0,0,1
1108106853086300,1791133768.565372,13565,tx,11282.6,264.8,518.7,,,1,0,0,1
1108106993245700,1791133768.705631,13705,tx,5210.3,115.5,265.6,,,1,0,0,1
1108107134807300,1791133768.847177,13847,tx,1200.9,122.3,334.5,,,1,0,0,1
1108107277036500,1791133768.989421,13989,tx,1317.0,363.5,582.8,,,1,0,0,1
1108107419417100,1791133769.131788,14131,tx,1199.7,119.2,258.3,,,1,0,0,1
1108107560622700,1791133769.273013,14273,tx,1130.4,158.9,343.8,,,1,0,0,1
1108107701461900,1791133769.413834,14413,tx,1374.4,191.3,434.8,,,1,0,0,1
1108107842810400,1791133769.555198,14555,tx,1365.2,362.2,665.4,,,1,0,0,1
1108107984211200,1791133769.696606,14696,tx,6598.2,162.5,280.0,,,1,0,0,1
1108108124893400,1791133769.837288,14837,tx,1201.2,128.8,327.0,,,1,0,0,1
1108108279775200,1791133769.992168,14992,tx,1105.1,126.3,259.3,,,1,0,0,1
1108108428657100,1791133770.141054,141,tx,1129.5,123.5,301.1,,,1,0,0,1
1108108571542100,1791133770.283940,283,tx,1158.9,196.8,364.9,,,1,0,0,1
1108108713394300,1791133770.425793,425,tx,1589.9,152.5,327.9,,,1,0,0,1
1108108854552800,1791133770.566952,566,tx,2380.0,157.5,335.0,,,1,0,0,1
1108108996660200,1791133770.709060,709,tx,1045.4,170.1,333.7,,,1,0,0,1
1108109139906700,1791133770.852308,852,tx,1453.6,377.2,557.5,,,1,0,0,1
1108109281163200,1791133770.993564,993,tx,1150.1,138.3,380.5,,,1,0,0,1
1108109422577100,1791133771.134979,1134,tx,1133.7,156.8,378.1,,,1,0,0,1
1108109563914400,1791133771.276318,1276,tx,1344.4,138.2,355.7,,,1,0,0,1
1108109704930800,1791133771.417330,1417,tx,1527.7,354.6,568.8,,,1,0,0,1
1108109847347000,1791133771.559752,1559,tx,1253.4,130.6,298.1,,,1,0,0,1
1108109989440500,1791133771.701846,1701,tx,1377.2,142.1,314.9,,,1,0,0,1
1108110133140900,1791133771.845548,1845,tx,1301.5,243.3,437.2,,,1,0,0,1
1108110276454100,1791133771.988861,1988,tx,3479.7,124.2,463.8,,,1,0,0,1
1108110419160200,1791133772.131568,2131,tx,10915.0,238.7,405.2,,,1,0,0,1
1108110560846600,1791133772.273255,2273,tx,1056.7,179.1,333.9,,,1,0,0,1
1108110702699500,1791133772.415109,2415,tx,1166.9,139.3,328.3,,,1,0,0,1
1108110844583500,1791133772.556992,2556,tx,1139.2,119.3,319.7,,,1,0,0,1
1108110986220100,1791133772.698631,2698,tx,1292.3,226.2,407.9,,,1,0,0,1
1108111128327300,1791133772.840739,2840,tx,1247.9,148.5,300.8,,,1,0,0,1
1108111286151400,1791133772.998564,2998,tx,8147.6,303.3,419.0,,,1,0,0,1
1108111427079200,1791133773.139493,3139,tx,1347.4,259.1,423.2,,,1,0,0,1
1108111569448700,1791133773.281861,3281,tx,1775.5,179.6,421.7,,,1,0,0,1
1108111710890100,1791133773.423301,3423,tx,2478.8,338.2,654.9,,,1,0,0,1
1108111850717500,1791133773.563130,3563,tx,1190.2,192.4,398.3,,,1,0,0,1
1108111993475300,1791133773.705892,3705,tx,7143.3,172.2,6409.9,,,1,0,0,1
1108112150600400,1791133773.863018,3863,tx,939.2,105.5,272.4,,,1,0,0,1
1108112292287500,1791133774.004705,4004,tx,1250.2,217.1,399.6,,,1,0,0,1
1108112433562500,1791133774.145982,4145,tx,1188.0,174.7,332.5,,,1,0,0,1
1108112574312700,1791133774.286729,4286,tx,9505.4,231.5,426.8,,,1,0,0,1
1108112714893100,1791133774.427311,4427,tx,1242.7,129.3,358.6,,,1,0,0,1
1108112855659000,1791133774.568081,4568,tx,1319.7,172.2,381.4,,,1,0,0,1
1108112998410100,1791133774.710832,4710,tx,12728.5,126.3,285.9,,,1,0,0,1
1108113140698400,1791133774.853117,4853,tx,1424.3,173.3,457.7,,,1,0,0,1
1108113283110500,1791133774.995514,4995,tx,1240.0,229.3,405.0,,,1,0,0,1
1108113424744500,1791133775.137169,5137,tx,1102.6,203.1,359.8,,,1,0,0,1
1108113566503000,1791133775.278928,5278,tx,1058.6,123.5,307.3,,,1,0,0,1
1108113707205600,1791133775.419632,5419,tx,1767.6,170.3,410.9,,,1,0,0,1
1108113849244300,1791133775.561671,5561,tx,1151.9,152.2,358.1,,,1,0,0,1
1108113992742900,1791133775.705171,5705,tx,11507.2,155.6,318.4,,,1,0,0,1
1108114147925700,1791133775.860354,5860,tx,1538.4,359.1,647.6,,,1,0,0,1
1108114305307000,1791133776.017716,6017,tx,1276.2,163.9,388.3,,,1,0,0,1
1108114446762500,1791133776.159189,6159,tx,1412.9,165.7,458.4,,,1,0,0,1
1108114589420100,1791133776.301852,6301,tx,1226.3,156.8,339.1,,,1,0,0,1
1108114730742400,1791133776.443174,6443,tx,1156.7,120.7,279.9,,,1,0,0,1
1108114872692400,1791133776.585119,6585,tx,1849.0,154.0,370.0,,,1,0,0,1
1108115014379100,1791133776.726807,6726,tx,1324.5,164.0,439.8,,,1,0,0,1
1108115158156600,1791133776.870591,6870,tx,1233.0,206.2,425.2,,,1,0,0,1
1108115299440700,1791133777.011870,7011,tx,16863.7,190.1,366.7,,,1,0,0,1
1108115440863100,1791133777.153299,7153,tx,1346.4,171.0,330.0,,,1,0,0,1
1108115581626500,1791133777.294063,7294,tx,1172.2,134.8,344.3,,,1,0,0,1
1108115723903500,1791133777.436336,7436,tx,60838.3,436.5,680.7,,,1,0,0,1
1108115910933100,1791133777.623372,7623,tx,1455.2,394.2,556.3,,,1,0,0,1
1108116052856500,1791133777.765295,7765,tx,1264.1,147.7,360.4,,,1,0,0,1
1108116197041100,1791133777.909482,7909,tx,1257.2,356.1,519.9,,,1,0,0,1
1108116337891600,1791133778.050327,8050,tx,1323.0,327.1,578.6,,,1,0,0,1
1108116480345600,1791133778.192787,8192,tx,1754.8,111.4,468.6,,,1,0,0,1
1108116621665400,1791133778.334106,8334,tx,9143.8,139.9,305.1,,,1,0,0,1
1108116759104800,1791133778.471548,8471,tx,7937.9,290.9,407.1,,,1,0,0,1
1108116905129900,1791133778.617574,8617,tx,1084.6,199.2,381.3,,,1,0,0,1
1108117047962800,1791133778.760404,8760,tx,9578.0,391.0,582.7,,,1,0,0,1
1108117189236300,1791133778.901682,8901,tx,1488.8,155.4,339.2,,,1,0,0,1
1108117332113200,1791133779.044554,9044,tx,1613.2,259.1,533.6,,,1,0,0,1
1108117472950600,1791133779.185398,9185,tx,1425.0,371.7,588.0,,,1,0,0,1
1108117616033000,1791133779.328479,9328,tx,11838.5,326.2,537.4,,,1,0,0,1
1108117757710400,1791133779.470147,9470,tx,1676.0,142.7,465.5,,,1,0,0,1
1108117901496500,1791133779.613946,9613,tx,1385.0,167.9,371.2,,,1,0,0,1
1108118044159800,1791133779.756589,9756,tx,1230.4,128.9,345.5,,,1,0,0,1
1108118186369100,1791133779.898821,9898,tx,1158.2,128.1,315.7,,,1,0,0,1
1108118327384300,1791133780.039837,10039,tx,400847.5,118.3,303.4,,,1,0,0,1
1108118816259900,1791133780.528715,10528,tx,1853.1,158.4,280.4,,,1,0,0,1
1108119020253900,1791133780.732710,10732,tx,17792.8,,,,,1,0,0,1
1108119164186400,1791133780.876643,10876,tx,1397.4,,,,,1,0,0,1
1108119304545400,1791133781.017004,11017,tx,1007.9,,,,,1,0,0,1
1108119447496500,1791133781.159952,11159,tx,1308.6,,,,,1,0,0,1
1108119586489400,1791133781.298943,11298,tx,1266.1,,,,,1,0,0,1
1108119728799000,1791133781.441259,11441,tx,1089.8,,,,,1,0,0,1
1108119871725200,1791133781.584186,11584,tx,1179.7,,,,,1,0,0,1
1108120014340600,1791133781.726797,11726,tx,9939.5,,,,,1,0,0,1
1108120156990900,1791133781.869453,11869,tx,1401.4,,,,,1,0,0,1
1108120297555500,1791133782.010019,12010,tx,1134.1,,,,,1,0,0,1
1108120438786000,1791133782.151237,12151,tx,320134.3,,,,,1,0,0,1
1108120882217400,1791133782.594685,12594,tx,7162.2,,,,,1,0,0,1
1108121022924100,1791133782.735386,12735,tx,1533.8,,,,,1,0,0,1
1108121165157000,1791133782.877625,12877,tx,1438.1,,,,,1,0,0,1
1108121307377100,1791133783.019845,13019,tx,1224.8,,,,,1,0,0,1
1108121464158800,1791133783.176629,13176,tx,1259.9,,,,,1,0,0,1
1108121605814000,1791133783.318285,13318,tx,1129.9,,,,,1,0,0,1
1108121769012800,1791133783.481485,13481,tx,1424.5,,,,,1,0,0,1
1108121921898400,1791133783.634350,13634,tx,11422.6,,,,,1,0,0,1
1108122063129900,1791133783.775603,13775,tx,1262.4,,,,,1,0,0,1
1108122204880400,1791133783.917352,13917,tx,1457.9,,,,,1,0,0,1
1108122347707400,1791133784.060179,14060,tx,1169.1,,,,,1,0,0,1
1108122489433100,1791133784.201909,14201,tx,1144.9,,,,,1,0,0,1
1108122632069900,1791133784.344542,14344,tx,9765.3,,,,,1,0,0,1
1108122774417900,1791133784.486895,14486,tx,1522.4,,,,,1,0,0,1
1108122916251000,1791133784.628729,14628,tx,1770.0,,,,,1,0,0,1
1108123056731700,1791133784.769210,14769,tx,1031.2,,,,,1,0,0,1
1108123198349400,1791133784.910829,14910,tx,1032.7,,,,,1,0,0,1
1108123339940500,1791133785.052421,52,tx,1349.8,,,,,1,0,0,1
1108123485000800,1791133785.197483,197,tx,1398.0,,,,,1,0,0,1
1108123627850100,1791133785.340328,340,tx,9092.4,,,,,1,0,0,1
1108123770053800,1791133785.482537,482,tx,1143.1,,,,,1,0,0,1
1108123914226900,1791133785.626710,626,tx,1036.1,,,,,1,0,0,1
1108124356680400,1791133786.069166,1069,tx,11419.3,,,,,1,0,0,1
1108124493811700,1791133786.206298,1206,tx,1242.6,,,,,1,0,0,1
1108124645471100,1791133786.357959,1357,tx,1104.4,,,,,1,0,0,1
1108124787362900,1791133786.499851,1499,tx,1245.0,,,,,1,0,0,1
1108124927696800,1791133786.640183,1640,tx,1217.9,,,,,1,0,0,1
1108125070696400,1791133786.783186,1783,tx,1073.9,,,,,1,0,0,1
1108125211001700,1791133786.923493,1923,tx,1253.7,,,,,1,0,0,1
1108125353436800,1791133787.065908,2065,tx,2180.3,,,,,1,0,0,1
1108125494136600,1791133787.206629,2206,tx,1181.4,,,,,1,0,0,1
1108125635001700,1791133787.347495,2347,tx,1345.6,,,,,1,0,0,1
1108125775299100,1791133787.487793,2487,tx,12461.4,,,,,1,0,0,1
1108125917636500,1791133787.630131,2630,tx,1231.1,,,,,1,0,0,1
1108126073930800,1791133787.786427,2786,tx,1509.1,,,,,1,0,0,1
1108126230826200,1791133787.943319,2943,tx,31644.8,,,,,1,0,0,1
1108126372563400,1791133788.085061,3085,tx,11922.9,,,,,1,0,0,1
1108126515469100,1791133788.227930,3227,tx,1450.3,,,,,1,0,0,1
1108126658783900,1791133788.371282,3371,tx,1229.5,,,,,1,0,0,1
1108126799054300,1791133788.511554,3511,tx,8227.5,,,,,1,0,0,1
1108126939772400,1791133788.652272,3652,tx,1161.2,,,,,1,0,0,1
1108127082043200,1791133788.794524,3794,tx,1418.9,,,,,1,0,0,1
1108127223842900,1791133788.936342,3936,tx,1343.9,,,,,1,0,0,1
1108127365155200,1791133789.077658,4077,tx,1400.3,,,,,1,0,0,1
1108127505881600,1791133789.218385,4218,tx,1104.9,,,,,1,0,0,1
1108127648177200,1791133789.360682,4360,tx,1172.2,,,,,1,0,0,1
1108127789990000,1791133789.502490,4502,tx,8912.2,,,,,1,0,0,1
1108127933842500,1791133789.646349,4646,tx,1268.4,,,,,1,0,0,1
1108128075175400,1791133789.787682,4787,tx,1303.2,,,,,1,0,0,1
1108128217560300,1791133789.930062,4930,tx,1339.3,,,,,1,0,0,1
1108128359175600,1791133790.071679,5071,tx,1418.4,,,,,1,0,0,1
1108128518609900,1791133790.231118,5231,tx,1218.9,,,,,1,0,0,1
1108128660041300,1791133790.372547,5372,tx,9182.9,,,,,1,0,0,1
1108128802325400,1791133790.514836,5514,tx,1188.5,,,,,1,0,0,1
1108128945005700,1791133790.657518,5657,tx,1325.5,,,,,1,0,0,1
1108129087249400,1791133790.799742,5799,tx,1288.8,,,,,1,0,0,1
1108129229541200,1791133790.942055,5942,tx,32846.3,,,,,1,0,0,1
1108129370859900,1791133791.083374,6083,tx,11675.7,,,,,1,0,0,1
1108129510703000,1791133791.223218,6223,tx,1038.0,,,,,1,0,0,1
1108129652289400,1791133791.364805,6364,tx,2707.5,,,,,1,0,0,1
1108129793109600,1791133791.505621,6505,tx,1306.3,,,,,1,0,0,1
1108129936831100,1791133791.649348,6649,tx,1052.4,,,,,1,0,0,1
1108130077586100,1791133791.790104,6790,tx,9860.9,,,,,1,0,0,1
1108130220242200,1791133791.932758,6932,tx,1419.4,,,,,1,0,0,1
1108130361501000,1791133792.074021,7074,tx,1336.4,,,,,1,0,0,1
1108130503098400,1791133792.215619,7215,tx,1152.0,,,,,1,0,0,1
1108130643848900,1791133792.356370,7356,tx,1015.2,,,,,1,0,0,1
1108130785035800,1791133792.497558,7497,tx,1236.5,,,,,1,0,0,1
1108130926800200,1791133792.639303,7639,tx,1171.5,,,,,1,0,0,1
1108131068062600,1791133792.780584,7780,tx,9663.0,,,,,1,0,0,1
1108131210730100,1791133792.923254,7923,tx,1151.5,,,,,1,0,0,1
1108131352521400,1791133793.065047,8065,tx,1346.7,,,,,1,0,0,1
1108131494638300,1791133793.207160,8207,tx,1190.6,,,,,1,0,0,1
1108131635413700,1791133793.347940,8347,tx,1107.5,,,,,1,0,0,1
1108131776555400,1791133793.489083,8489,tx,1035.6,,,,,1,0,0,1
1108131918696200,1791133793.631225,8631,tx,1036.0,,,,,1,0,0,1
1108132058953700,1791133793.771483,8771,tx,6727.8,,,,,1,0,0,1
1108132201069700,1791133793.913600,8913,tx,1095.1,,,,,1,0,0,1
1108132499883100,1791133794.212415,9212,tx,11933.8,,,,,1,0,0,1
1108132642720500,1791133794.355253,9355,tx,1096.5,,,,,1,0,0,1
1108132783798600,1791133794.496332,9496,tx,1068.5,,,,,1,0,0,1
1108132926251600,1791133794.638786,9638,tx,8794.5,,,,,1,0,0,1
1108133068747000,1791133794.781282,9781,tx,11912.8,,,,,1,0,0,1
1108133211507200,1791133794.924043,9924,tx,992.7,,,,,1,0,0,1
1108133355235600,1791133795.067771,10067,tx,1199.2,,,,,1,0,0,1
1108133497096300,1791133795.209631,10209,tx,1398.0,,,,,1,0,0,1
1108133637306600,1791133795.349827,10349,tx,1360.3,,,,,1,0,0,1
1108133775416400,1791133795.487955,10487,tx,1453.8,,,,,1,0,0,1
1108133920260300,1791133795.632799,10632,tx,1698.5,,,,,1,0,0,1
1108134062270900,1791133795.774812,10774,tx,1361.7,,,,,1,0,0,1
1108134205025000,1791133795.917544,10917,tx,2124.6,,,,,1,0,0,1
1108134345261000,1791133796.057803,11057,tx,17270.9,,,,,1,0,0,1
1108134487485000,1791133796.200028,11200,tx,1233.6,,,,,1,0,0,1
1108134629682800,1791133796.342213,11342,tx,1241.1,,,,,1,0,0,1
1108134770974600,1791133796.483513,11483,tx,1369.7,,,,,1,0,0,1
1108134911547400,1791133796.624093,11624,tx,1024.8,,,,,1,0,0,1
1108135053887900,1791133796.766430,11766,tx,1297.5,,,,,1,0,0,1
1108135196230800,1791133796.908774,11908,tx,1064.9,,,,,1,0,0,1
1108135336809400,1791133797.049351,12049,tx,16888.6,,,,,1,0,0,1
1108135477992000,1791133797.190540,12190,tx,1178.9,,,,,1,0,0,1
1108135619287700,1791133797.331837,12331,tx,964.3,,,,,1,0,0,1
1108135772964100,1791133797.485514,12485,tx,7159.2,,,,,1,0,0,1
1108135918186000,1791133797.630737,12630,tx,1097.2,,,,,1,0,0,1
1108136059880300,1791133797.772432,12772,tx,1491.8,,,,,1,0,0,1
1108136201094600,1791133797.913641,12913,tx,1380.8,,,,,1,0,0,1
1108136341688000,1791133798.054240,13054,tx,1229.8,,,,,1,0,0,1
1108136482931700,1791133798.195486,13195,tx,1051.7,,,,,1,0,0,1
1108136624644200,1791133798.337199,13337,tx,12321.6,,,,,1,0,0,1
1108136775408700,1791133798.487964,13487,tx,1482.1,,,,,1,0,0,1
1108136921841000,1791133798.634398,13634,tx,1348.4,,,,,1,0,0,1
1108137064538800,1791133798.777092,13777,tx,1255.6,,,,,1,0,0,1
1108137205277800,1791133798.917835,13917,tx,1280.6,,,,,1,0,0,1
1108137347004100,1791133799.059562,14059,tx,1313.1,,,,,1,0,0,1
1108137487722000,1791133799.200282,14200,tx,1161.2,,,,,1,0,0,1
1108137630074700,1791133799.342631,14342,tx,8916.0,,,,,1,0,0,1
1108137773551400,1791133799.486113,14486,tx,2183.3,,,,,1,0,0,1
1108137913404800,1791133799.625966,14625,tx,1278.7,,,,,1,0,0,1
1108138055155400,1791133799.767718,14767,tx,1553.4,,,,,1,0,0,1
1108138197015900,1791133799.909580,14909,tx,1347.6,,,,,1,0,0,1
1108138337685400,1791133800.050250,50,tx,1276.5,,,,,1,0,0,1
1108138476805700,1791133800.189371,189,tx,1058.3,,,,,1,0,0,1
1108138620715600,1791133800.333282,333,tx,4300.1,,,,,1,0,0,1
1108138770993600,1791133800.483560,483,tx,1352.7,,,,,1,0,0,1
1108138921124800,1791133800.633693,633,tx,1275.0,,,,,1,0,0,1
1108139065235000,1791133800.777797,777,tx,1298.2,,,,,1,0,0,1
1108139208895700,1791133800.921461,921,tx,1397.3,,,,,1,0,0,1
1108139351034600,1791133801.063605,1063,tx,1316.6,,,,,1,0,0,1
1108139666288300,1791133801.378859,1378,tx,7866.9,,,,,1,0,0,1
1108139806761200,1791133801.519329,1519,tx,1478.7,,,,,1,0,0,1
1108139948996700,1791133801.661570,1661,tx,1275.8,,,,,1,0,0,1
1108140091679100,1791133801.804253,1804,tx,1191.4,,,,,1,0,0,1
1108140232547100,1791133801.945118,1945,tx,1458.6,,,,,1,0,0,1
1108140389961900,1791133802.102538,2102,tx,11878.9,,,,,1,0,0,1
1108140532736200,1791133802.245309,2245,tx,1084.8,,,,,1,0,0,1
1108140674130800,1791133802.386702,2386,tx,1131.4,,,,,1,0,0,1
1108140815137000,1791133802.527715,2527,tx,1543.5,,,,,1,0,0,1
1108140956416700,1791133802.668996,2668,tx,995.9,,,,,1,0,0,1
1108141097684600,1791133802.810245,2810,tx,1114.1,,,,,1,0,0,1
1108141239381800,1791133802.951941,2951,tx,38387.6,,,,,1,0,0,1
1108141399228500,1791133803.111810,3111,tx,1120.7,,,,,1,0,0,1
1108141540832500,1791133803.253412,3253,tx,1183.1,,,,,1,0,0,1
1108141681073900,1791133803.393657,3393,tx,1161.6,,,,,1,0,0,1
1108141824150500,1791133803.536735,3536,tx,1156.0,,,,,1,0,0,1
1108141965071700,1791133803.677653,3677,tx,1502.9,,,,,1,0,0,1
1108142107302500,1791133803.819888,3819,tx,1180.7,,,,,1,0,0,1
1108142265327100,1791133803.977899,3977,tx,1605.8,,,,,1,0,0,1
1108142406126700,1791133804.118714,4118,tx,1706.9,,,,,1,0,0,1
1108142547799000,1791133804.260381,4260,tx,9030.4,,,,,1,0,0,1
1108142690072100,1791133804.402660,4402,tx,1263.5,,,,,1,0,0,1
1108142832298100,1791133804.544883,4544,tx,1610.6,,,,,1,0,0,1
1108142973662700,1791133804.686253,4686,tx,1232.2,,,,,1,0,0,1
1108143116372500,1791133804.828963,4828,tx,1083.7,,,,,1,0,0,1
1108143276447300,1791133804.989040,4989,tx,1222.3,,,,,1,0,0,1
1108143417113200,1791133805.129702,5129,tx,1648.7,,,,,1,0,0,1
1108143559920100,1791133805.272514,5272,tx,1312.3,,,,,1,0,0,1
1108143702824400,1791133805.415414,5415,tx,1663.1,,,,,1,0,0,1
1108143843752900,1791133805.556344,5556,tx,1239.1,,,,,1,0,0,1
1108143985022600,1791133805.697618,5697,tx,13266.7,,,,,1,0,0,1
1108144126890800,1791133805.839488,5839,tx,1396.3,,,,,1,0,0,1
1108144277726800,1791133805.990324,5990,tx,1210.6,,,,,1,0,0,1
1108144427700500,1791133806.140299,6140,tx,1574.0,,,,,1,0,0,1
1108144569816100,1791133806.282415,6282,tx,1169.3,,,,,1,0,0,1
1108144711333600,1791133806.423927,6423,tx,1286.7,,,,,1,0,0,1
1108144853184700,1791133806.565742,6565,tx,8869.9,,,,,1,0,0,1
1108144995476300,1791133806.708078,6708,tx,1163.5,,,,,1,0,0,1
1108145136824300,1791133806.849417,6849,tx,1219.8,,,,,1,0,0,1
1108145278259000,1791133806.990862,6990,tx,1240.3,,,,,1,0,0,1
1108145415689500,1791133807.128294,7128,tx,11541.3,,,,,1,0,0,1
1108145561942900,1791133807.274548,7274,tx,1183.8,,,,,1,0,0,1
1108145702527700,1791133807.415133,7415,tx,1316.3,,,,,1,0,0,1
1108145845018400,1791133807.557625,7557,tx,1492.0,,,,,1,0,0,1
1108145986240000,1791133807.698847,7698,tx,1283.1,,,,,1,0,0,1
1108146129642000,1791133807.842250,7842,tx,1097.6,,,,,1,0,0,1
1108146282259200,1791133807.994868,7994,tx,2020.0,,,,,1,0,0,1
1108146430615900,1791133808.143225,8143,tx,1154.7,,,,,1,0,0,1
1108146573535300,1791133808.286118,8286,tx,1256.4,,,,,1,0,0,1
1108146715329900,1791133808.427941,8427,tx,7811.8,,,,,1,0,0,1
1108146872170300,1791133808.584782,8584,tx,1177.2,,,,,1,0,0,1
1108147015204600,1791133808.727796,8727,tx,1420.9,,,,,1,0,0,1
1108147157399800,1791133808.870014,8870,tx,1077.3,,,,,1,0,0,1
1108147298145400,1791133809.010760,9010,tx,1209.4,,,,,1,0,0,1
1108147440460300,1791133809.153072,9153,tx,1157.1,,,,,1,0,0,1
1108147582238000,1791133809.294831,9294,tx,12361.1,,,,,1,0,0,1
1108147723919100,1791133809.436536,9436,tx,1351.1,,,,,1,0,0,1
1108147865110500,1791133809.577723,9577,tx,1213.4,,,,,1,0,0,1
1108148006750200,1791133809.719364,9719,tx,1250.0,,,,,1,0,0,1
1108148148494100,1791133809.861113,9861,tx,1243.7,,,,,1,0,0,1
1108148290236500,1791133810.002857,10002,tx,944.6,,,,,1,0,0,1
1108148432400200,1791133810.145021,10145,tx,1121.4,,,,,1,0,0,1
1108148571831000,1791133810.284432,10284,tx,5970.9,,,,,1,0,0,1
1108148714215200,1791133810.426816,10426,tx,1659.6,,,,,1,0,0,1
1108148855360400,1791133810.567968,10567,tx,1413.3,,,,,1,0,0,1
1108148998513800,1791133810.711138,10711,tx,1116.9,,,,,1,0,0,1
1108149139840900,1791133810.852466,10852,tx,1427.4,,,,,1,0,0,1
1108149282069400,1791133810.994692,10994,tx,1142.2,,,,,1,0,0,1
1108149424290100,1791133811.136917,11136,tx,1067.9,,,,,1,0,0,1
1108149565317400,1791133811.277945,11277,tx,1067.3,,,,,1,0,0,1
1108149708755900,1791133811.421384,11421,tx,1022.0,,,,,1,0,0,1
1108149848255400,1791133811.560881,11560,tx,1272.8,,,,,1,0,0,1
1108149990948500,1791133811.703578,11703,tx,6784.7,,,,,1,0,0,1
1108150132741000,1791133811.845371,11845,tx,1150.8,,,,,1,0,0,1
1108150281057500,1791133811.993689,11993,tx,2229.0,,,,,1,0,0,1
1108150431275100,1791133812.143907,12143,tx,2666.1,,,,,1,0,0,1
1108150574464700,1791133812.287091,12287,tx,1242.4,,,,,1,0,0,1
1108150715102800,1791133812.427736,12427,tx,1166.8,,,,,1,0,0,1
1108150859485200,1791133812.572120,12572,tx,1233.8,,,,,1,0,0,1
1108151000700100,1791133812.713336,12713,tx,1045.0,,,,,1,0,0,1
1108151141633000,1791133812.854263,12854,tx,12944.5,,,,,1,0,0,1
1108151283739200,1791133812.996372,12996,tx,1258.1,,,,,1,0,0,1
1108151425156700,1791133813.137794,13137,tx,1300.7,,,,,1,0,0,1
1108151565775000,1791133813.278413,13278,tx,1398.9,,,,,1,0,0,1
1108151708049500,1791133813.420689,13420,tx,1261.8,,,,,1,0,0,1
